marca,modelo_limpo,modelo_completo,cpu,gpu,ram,storage,tela,ano_lancamento,categoria,id_unico,modelo_curto
não identificado,MSI Stealth GS77 12UHS-226IN,MSI Stealth GS77 12UHS-226IN,12th gen core i9,não identificado,32?gb ddr5 ram,2?tb ssd,17.3?inches,não identificado,gamer,gen_msistealthgs7712uhs-226in_12thgencorei9_32?gbddr5ram,MSI Stealth GS77 12UHS-226IN
não identificado,Acer Predator Helios 500 Ph517-52,Acer Predator Helios 500 Ph517-52,11th gen intel core i9 11980hk,não identificado,64?gb ddr4 ram,2?tb ssd,17.3?inches,não identificado,gamer,gen_acerpredatorhelios500ph517-52_11thgenintelcorei911980hk_64?gbddr4ram,Acer Predator Helios 500 Ph517-52
não identificado,MSI Stealth GS66 12UGS-290IN,MSI Stealth GS66 12UGS-290IN,12th gen intel core i7 12700h,não identificado,32?gb ddr5 ram,1?tb ssd,15.6?inches,não identificado,gamer,gen_msistealthgs6612ugs-290in_12thgenintelcorei712700h_32?gbddr5ram,MSI Stealth GS66 12UGS-290IN
não identificado,Asus ROG Zephyrus Duo 16,Asus ROG Zephyrus Duo 16,7th gen amd ryzen 9 7945hx,não identificado,32?gb ddr5 ram,2?tb ssd,16?inches,não identificado,gamer,gen_asusrogzephyrusduo16_7thgenamdryzen97945hx_32?gbddr5ram,Asus ROG Zephyrus Duo 16
não identificado,MSI Gaming Raider GE66 12UHS-218IN,MSI Gaming Raider GE66 12UHS-218IN,12th gen intel core i7 12700h,não identificado,32?gb ddr5 ram,2?tb ssd,17.3?inches,não identificado,gamer,gen_msigamingraiderge6612uhs-218in_12thgenintelcorei712700h_32?gbddr5ram,MSI Gaming Raider GE66 12UHS-218IN
não identificado,Asus ROG Zephyrus Duo 16 2022,Asus ROG Zephyrus Duo 16 2022,6th gen amd ryzen 9 6900hx,não identificado,32?gb ddr5 ram,2?tb ssd,16?inches,2022,gamer,gen_asusrogzephyrusduo162022_6thgenamdryzen96900hx_32?gbddr5ram,Asus ROG Zephyrus Duo 16
não identificado,Dell Alienware X17 R2 D569943,Dell Alienware X17 R2 D569943WIN9,12th gen intel core i7 12700h,não identificado,32?gb lpddr5 ram,1?tb ssd,17.3?inches,não identificado,gamer,gen_dellalienwarex17r2d569943_12thgenintelcorei712700h_32?gblpddr5ram,Dell Alienware X17 R2 D569943WIN9
não identificado,Lenovo Legion 5 Pro 82RF00E1IN,Lenovo Legion 5 Pro 82RF00E1IN,12th gen intel core i7 12700h,não identificado,32?gb ddr5 ram,1?tb ssd,16?inches,não identificado,gamer,gen_lenovolegion5pro82rf00e1in_12thgenintelcorei712700h_32?gbddr5ram,Lenovo Legion 5 Pro 82RF00E1IN
não identificado,Asus ROG Zephyrus Duo 16 2022 GX650RXZ-LO227WS,Asus ROG Zephyrus Duo 16 2022 GX650RXZ-LO227WS,6th gen amd ryzen 9 6900hx,não identificado,32?gb ddr5 ram,2?tb ssd,16?inches,2022,gamer,gen_asusrogzephyrusduo162022gx650r_6thgenamdryzen96900hx_32?gbddr5ram,Asus ROG Zephyrus Duo 16 GX650RXZ-LO227WS
não identificado,Asus ROG Flow X13 GV301QH-K5459TS,Asus ROG Flow X13 GV301QH-K5459TS,5th gen amd ryzen 9 5980hs,não identificado,32?gb lpddr4x ram,1?tb ssd,13.4?inches,não identificado,gamer,gen_asusrogflowx13gv301qh-k5459ts_5thgenamdryzen95980hs_32?gblpddr4xram,Asus ROG Flow X13 GV301QH-K5459TS
não identificado,Asus ROG Zephyrus G14 2023 GA402XV-N2034WS,Asus ROG Zephyrus G14 2023 GA402XV-N2034WS,7th gen amd ryzen 9 7940hs,não identificado,32?gb ddr5 ram,1?tb ssd,14?inches,2023,gamer,gen_asusrogzephyrusg142023ga402xv-_7thgenamdryzen97940hs_32?gbddr5ram,Asus ROG Zephyrus G14 GA402XV-N2034WS
não identificado,Asus ROG Zephyrus G14 2023 GA402XZ-N2020WS,Asus ROG Zephyrus G14 2023 GA402XZ-N2020WS,7th gen amd ryzen 9 7940hs,não identificado,32?gb ddr5 ram,1?tb ssd,14?inches,2023,gamer,gen_asusrogzephyrusg142023ga402xz-_7thgenamdryzen97940hs_32?gbddr5ram,Asus ROG Zephyrus G14 GA402XZ-N2020WS
não identificado,Asus ROG Strix SCAR 16 2023 G634JY-NM054WS,Asus ROG Strix SCAR 16 2023 G634JY-NM054WS,13th gen intel core i9 13980hx,não identificado,32?gb ddr5 ram,1?tb ssd,16?inches,2023,gamer,gen_asusrogstrixscar162023g634jy-n_13thgenintelcorei913980hx_32?gbddr5ram,Asus ROG Strix SCAR 16 G634JY-NM054WS
não identificado,Asus ROG Strix Scar 15 G533ZXZ-LN116WS,Asus ROG Strix Scar 15 G533ZXZ-LN116WS,12th gen intel core i9 12900h,não identificado,32?gb ddr5 ram,1?tb ssd,15.6?inches,não identificado,gamer,gen_asusrogstrixscar15g533zxz-ln11_12thgenintelcorei912900h_32?gbddr5ram,Asus ROG Strix Scar 15 G533ZXZ-LN116WS
não identificado,Asus ROG Zephyrus G14 2022 GA402RK-L8148WS,Asus ROG Zephyrus G14 2022 GA402RK-L8148WS,6th gen amd ryzen 9 6900hs?,não identificado,32?gb ddr5 ram,1?tb ssd,14?inches,2022,gamer,gen_asusrogzephyrusg142022ga402rk-_6thgenamdryzen96900hs?_32?gbddr5ram,Asus ROG Zephyrus G14 GA402RK-L8148WS
não identificado,Acer Predator Triton 500 SE PT516-52s NH.QFQSI.001,Acer Predator Triton 500 SE PT516-52s NH.QFQSI.001,12th gen intel core i7 12700h,não identificado,32?gb ddr5 ram,2?tb ssd,16?inches,não identificado,gamer,gen_acerpredatortriton500sept516-5_12thgenintelcorei712700h_32?gbddr5ram,Acer Predator Triton 500 SE PT516-52s NH.QFQSI.001
não identificado,Asus ROG Zephyrus S15 GX502LXS-HF081T,Asus ROG Zephyrus S15 GX502LXS-HF081T,10th gen intel core i7 10875h,não identificado,32?gb ddr4 ram,1?tb ssd,15.6?inches,não identificado,gamer,gen_asusrogzephyruss15gx502lxs-hf0_10thgenintelcorei710875h_32?gbddr4ram,Asus ROG Zephyrus S15 GX502LXS-HF081T
não identificado,Asus ROG Strix G17 2023 G713PU-LL060WS,Asus ROG Strix G17 2023 G713PU-LL060WS,7th gen amd ryzen 9 7845hx,não identificado,16?gb ddr5 ram,1?tb ssd,17.3?inches,2023,gamer,gen_asusrogstrixg172023g713pu-ll06_7thgenamdryzen97845hx_16?gbddr5ram,Asus ROG Strix G17 G713PU-LL060WS
não identificado,Asus ROG Zephyrus G16 2023 GU603VV-N4044WS,Asus ROG Zephyrus G16 2023 GU603VV-N4044WS,13th gen intel core i9 13900h,não identificado,16?gb ddr4 ram,1?tb ssd,16?inches,2023,gamer,gen_asusrogzephyrusg162023gu603vv-_13thgenintelcorei913900h_16?gbddr4ram,Asus ROG Zephyrus G16 GU603VV-N4044WS
não identificado,Asus ROG Strix Scar 17 2023 G733PZ-LL046WS,Asus ROG Strix Scar 17 2023 G733PZ-LL046WS,7th gen amd ryzen 9 7945hx,não identificado,16?gb ddr4 ram,1?tb ssd,17.3?inches,2023,gamer,gen_asusrogstrixscar172023g733pz-l_7thgenamdryzen97945hx_16?gbddr4ram,Asus ROG Strix Scar 17 G733PZ-LL046WS
não identificado,MSI Raider GE77HX 12UHS-205IN,MSI Raider GE77HX 12UHS-205IN,12th gen intel core i9 12900hx,não identificado,32?gb ddr5 ram,2?tb ssd,17.3?inches,não identificado,gamer,gen_msiraiderge77hx12uhs-205in_12thgenintelcorei912900hx_32?gbddr5ram,MSI Raider GE77HX 12UHS-205IN
não identificado,Razer Blade 15 Advanced Gaming,Razer Blade 15 Advanced Gaming Laptop,10th gen intel core i7-10875h,não identificado,32?gb ddr5 ram,2?tb ssd,15.6 inches,não identificado,gamer,gen_razerblade15advancedgaming_10thgenintelcorei7-10875h_32?gbddr5ram,Razer Blade 15 Advanced Gaming
não identificado,HP Victus 16-d0333TX,HP Victus 16-d0333TX,11th gen intel core i5 11400h,não identificado,16?gb ddr4 ram,512?gb ssd,16.1?inches,não identificado,gamer,gen_hpvictus16-d0333tx_11thgenintelcorei511400h_16?gbddr4ram,HP Victus 16-d0333TX
não identificado,HP Victus 15-fb0106AX,HP Victus 15-fb0106AX,5th gen amd ryzen 5 5600h,não identificado,16?gb ddr4 ram,512?gb ssd,15.6?inches,não identificado,gamer,gen_hpvictus15-fb0106ax_5thgenamdryzen55600h_16?gbddr4ram,HP Victus 15-fb0106AX
não identificado,Asus TUF Gaming A15 FA506IHRZ-HN111W,Asus TUF Gaming A15 FA506IHRZ-HN111W,4th gen amd ryzen 5 4600h,não identificado,8?gb ddr4 ram,512?gb ssd,15.6?inches,não identificado,gamer,gen_asustufgaminga15fa506ihrz-hn11_4thgenamdryzen54600h_8?gbddr4ram,Asus TUF Gaming A15 FA506IHRZ-HN111W
não identificado,HP Victus 15-fb0121AX,HP Victus 15-fb0121AX,5th gen amd ryzen 5 5600h,não identificado,8?gb ddr4 ram,512?gb ssd,15.6?inches,não identificado,gamer,gen_hpvictus15-fb0121ax_5thgenamdryzen55600h_8?gbddr4ram,HP Victus 15-fb0121AX
não identificado,Lenovo IdeaPad Gaming 3 15IHU6 82K101B6IN,Lenovo IdeaPad Gaming 3 15IHU6 82K101B6IN,11th gen intel core i5 11320h,não identificado,8?gb ddr4 ram,512?gb ssd,15.6?inches,não identificado,gamer,gen_lenovoideapadgaming315ihu682k1_11thgenintelcorei511320h_8?gbddr4ram,Lenovo IdeaPad Gaming 3 15IHU6 82K101B6IN
não identificado,Asus TUF Gaming A15 2022 FA577RE-HN055WS,Asus TUF Gaming A15 2022 FA577RE-HN055WS,6th gen amd ryzen 7 6800h,não identificado,16?gb ddr5 ram,512?gb ssd,15.6?inches,2022,gamer,gen_asustufgaminga152022fa577re-hn_6thgenamdryzen76800h_16?gbddr5ram,Asus TUF Gaming A15 FA577RE-HN055WS
não identificado,Asus ROG Flow Z13-ACRNM RMT02 GZ301VIC-MU004WS,Asus ROG Flow Z13-ACRNM RMT02 GZ301VIC-MU004WS,13th gen intel core i9 13900h,não identificado,32?gb lpddr5 ram,1?tb ssd,13.4?inches,não identificado,gamer,gen_asusrogflowz13-acrnmrmt02gz301_13thgenintelcorei913900h_32?gblpddr5ram,Asus ROG Flow Z13-ACRNM RMT02 GZ301VIC-MU004WS
não identificado,HP Victus 16-d0302TX,HP Victus 16-d0302TX,11th gen intel core i5 11400h,não identificado,8?gb ddr4 ram,512?gb ssd,16.1?inches,não identificado,gamer,gen_hpvictus16-d0302tx_11thgenintelcorei511400h_8?gbddr4ram,HP Victus 16-d0302TX
não identificado,HP Victus 15-fa1066TX,HP Victus 15-fa1066TX,13th gen intel core i7 13700h,não identificado,16?gb ddr4 ram,512?gb ssd,15.6?inches,não identificado,gamer,gen_hpvictus15-fa1066tx_13thgenintelcorei713700h_16?gbddr4ram,HP Victus 15-fa1066TX
não identificado,Lenovo Legion 5 82RB00K8IN,Lenovo Legion 5 82RB00K8IN,12th gen intel core i7 12700h,não identificado,16?gb ddr5 ram,512?gb ssd,15.6?inches,não identificado,gamer,gen_lenovolegion582rb00k8in_12thgenintelcorei712700h_16?gbddr5ram,Lenovo Legion 5 82RB00K8IN
HP,HP Pavilion 15-ec2004AX Gaming,HP Pavilion 15-ec2004AX Gaming Laptop,amd ryzen 5 5600h,4 gb nvidia geforce gtx 1650,8,512,15.6,não identificado,gamer,hp_hppavilion15-ec2004axgaming_amdryzen55600h_8,HP Pavilion 15-ec2004AX Gaming
Lenovo,Lenovo IdeaPad Gaming 3 82K101ECIN,Lenovo IdeaPad Gaming 3 82K101ECIN Laptop,11th gen core i5,4 gb nvidia geforce gtx 1650,8,256,15.6,não identificado,gamer,lenovo_lenovoideapadgaming382k101ecin_11thgencorei5_8,Lenovo IdeaPad Gaming 3 82K101ECIN
Asus,Asus Vivobook Pro 15 OLED M6500QH-HN701WS,Asus Vivobook Pro 15 OLED M6500QH-HN701WS Laptop,ryzen 7 5800h,4 gb nvidia geforce gtx 1650,16,512,15.6,não identificado,gamer,asus_asusvivobookpro15oledm6500qh-h_ryzen75800h_16,Asus Vivobook Pro 15 OLED M6500QH-HN701WS
Asus,Asus TUF Gaming A15 FA506IHRZ-HN111W,Asus TUF Gaming A15 FA506IHRZ-HN111W Laptop,amd ryzen 5 4600h,4 gb nvidia geforce gtx 1650,8,512,15.6,não identificado,gamer,asus_asustufgaminga15fa506ihrz-hn11_amdryzen54600h_8,Asus TUF Gaming A15 FA506IHRZ-HN111W
HP,HP Victus 15-fb0040AX Gaming,HP Victus 15-fb0040AX Gaming Laptop,amd ryzen 5 5600h,4 gb nvidia geforce gtx 1650,8,512,15.6,não identificado,gamer,hp_hpvictus15-fb0040axgaming_amdryzen55600h_8,HP Victus 15-fb0040AX Gaming
HP,HP Victus 15-fa0165TX,HP Victus 15-fa0165TX Laptop,12th gen core i5,4 gb nvidia geforce gtx 1650,8,512,15.6,não identificado,gamer,hp_hpvictus15-fa0165tx_12thgencorei5_8,HP Victus 15-fa0165TX
Asus,Asus TUF Gaming A17 FA706IHRB-HX041W Gaming,Asus TUF Gaming A17 FA706IHRB-HX041W Gaming Laptop,amd ryzen 5 4600h,4 gb nvidia geforce gtx 1650,8,512,17.3,não identificado,gamer,asus_asustufgaminga17fa706ihrb-hx04_amdryzen54600h_8,Asus TUF Gaming A17 FA706IHRB-HX041W Gaming
Acer,Acer Aspire 7 A715-51G NH.QGCSI.001 Gaming,Acer Aspire 7 A715-51G NH.QGCSI.001 Gaming Laptop,12th gen core i5,4 gb nvidia geforce rtx 3050,8,512,15.6,não identificado,gamer,acer_aceraspire7a715-51gnh.qgcsi.00_12thgencorei5_8,Acer Aspire 7 A715-51G NH.QGCSI.001 Gaming
MSI,MSI Bravo 15 B5DD-410IN Gaming,MSI Bravo 15 B5DD-410IN Gaming Laptop,ryzen 5 5600h,4 gb amd radeon rx 5500m,8,512,15.6,não identificado,gamer,msi_msibravo15b5dd-410ingaming_ryzen55600h_8,MSI Bravo 15 B5DD-410IN Gaming
HP,HP Victus 15-fa0070TX,HP Victus 15-fa0070TX Laptop,12th gen core i5,4 gb nvidia geforce gtx 1650,8,512,15.6,não identificado,gamer,hp_hpvictus15-fa0070tx_12thgencorei5_8,HP Victus 15-fa0070TX
Lenovo,Lenovo IdeaPad Gaming 3 82K201YAIN,Lenovo IdeaPad Gaming 3 82K201YAIN Laptop,amd ryzen 5 5600h,4 gb nvidia geforce gtx 1650,8,512,15.6,não identificado,gamer,lenovo_lenovoideapadgaming382k201yain_amdryzen55600h_8,Lenovo IdeaPad Gaming 3 82K201YAIN
Asus,Asus Vivobook Pro 14 OLED M3400QA-KM502WS Gaming,Asus Vivobook Pro 14 OLED M3400QA-KM502WS Gaming Laptop,ryzen 5 5600h,amd radeon graphics,8,512,14.0,não identificado,gamer,asus_asusvivobookpro14oledm3400qa-k_ryzen55600h_8,Asus Vivobook Pro 14 OLED M3400QA-KM502WS Gaming
Lenovo,Lenovo IdeaPad Gaming 3 82K201UEIN,Lenovo IdeaPad Gaming 3 82K201UEIN Laptop,amd ryzen 5-5600h,4 gb nvidia geforce gtx 1650,8,512,15.6,não identificado,gamer,lenovo_lenovoideapadgaming382k201uein_amdryzen5-5600h_8,Lenovo IdeaPad Gaming 3 82K201UEIN
Asus,Asus Vivobook Pro 15 OLED M6500IH-HN701WS,Asus Vivobook Pro 15 OLED M6500IH-HN701WS Laptop,ryzen 7-4800h,4 gb nvidia geforce gtx 1650 max q,16,512,15.6,não identificado,gamer,asus_asusvivobookpro15oledm6500ih-h_ryzen7-4800h_16,Asus Vivobook Pro 15 OLED M6500IH-HN701WS
HP,HP Victus 15-fb0050AX Gaming,HP Victus 15-fb0050AX Gaming Laptop,amd ryzen 5 5600h,4 gb nvidia geforce rtx 3050,8,512,15.6,não identificado,gamer,hp_hpvictus15-fb0050axgaming_amdryzen55600h_8,HP Victus 15-fb0050AX Gaming
Acer,Acer Aspire 5 A515-57G UN.K9TSI.002 Gaming,Acer Aspire 5 A515-57G UN.K9TSI.002 Gaming Laptop,12th gen core i5,4 gb nvidia geforce rtx 2050,16,512,15.6,não identificado,gamer,acer_aceraspire5a515-57gun.k9tsi.00_12thgencorei5_16,Acer Aspire 5 A515-57G UN.K9TSI.002 Gaming
MSI,MSI Thin GF63 11SC-852IN Gaming,MSI Thin GF63 11SC-852IN Gaming Laptop,11th gen core i7,4 gb nvidia geforce gtx 1650 max q,8,512,15.6,não identificado,gamer,msi_msithingf6311sc-852ingaming_11thgencorei7_8,MSI Thin GF63 11SC-852IN Gaming
Lenovo,Lenovo IdeaPad Gaming 3 82K1017WIN,Lenovo IdeaPad Gaming 3 82K1017WIN Laptop,11th gen core i5,4 gb nvidia geforce gtx 1650,8,512,15.6,não identificado,gamer,lenovo_lenovoideapadgaming382k1017win_11thgencorei5_8,Lenovo IdeaPad Gaming 3 82K1017WIN
Lenovo,Lenovo IdeaPad Gaming 3 82K201Y9IN,Lenovo IdeaPad Gaming 3 82K201Y9IN Laptop,amd ryzen 5-5600h,4 gb nvidia geforce gtx 1650,8,256,15.6,não identificado,gamer,lenovo_lenovoideapadgaming382k201y9in_amdryzen5-5600h_8,Lenovo IdeaPad Gaming 3 82K201Y9IN
HP,HP Victus 15-fa0350TX,HP Victus 15-fa0350TX Laptop,12th gen core i5,4 gb nvidia geforce rtx 3050,8,512,15.6,não identificado,gamer,hp_hpvictus15-fa0350tx_12thgencorei5_8,HP Victus 15-fa0350TX
Asus,Asus TUF Gaming A15 2022 FA577RE-HN055WS Gaming,Asus TUF Gaming A15 2022 FA577RE-HN055WS Gaming Laptop,amd ryzen 7 6800h,4 gb nvidia geforce rtx 3050 ti,16,512,15.6,2022,gamer,asus_asustufgaminga152022fa577re-hn_amdryzen76800h_16,Asus TUF Gaming A15 FA577RE-HN055WS Gaming
HP,HP Victus 16-e0352AX Gaming,HP Victus 16-e0352AX Gaming Laptop,ryzen 5-5600h,4 gb nvidia geforce rtx 3050,8,512,16.1,não identificado,gamer,hp_hpvictus16-e0352axgaming_ryzen5-5600h_8,HP Victus 16-e0352AX Gaming
Asus,Asus TUF Gaming F15 FX506LHB-HN355WS Gaming,Asus TUF Gaming F15 FX506LHB-HN355WS Gaming Laptop,10th gen core i5,4 gb nvidia geforce gtx 1650,8,512,15.6,não identificado,gamer,asus_asustufgamingf15fx506lhb-hn355_10thgencorei5_8,Asus TUF Gaming F15 FX506LHB-HN355WS Gaming
Lenovo,Lenovo IdeaPad Gaming 3 15IHU6 82K101GSIN,Lenovo IdeaPad Gaming 3 15IHU6 82K101GSIN Laptop,11th gen core i5,4 gb nvidia geforce gtx 1650,8,512,15.6,não identificado,gamer,lenovo_lenovoideapadgaming315ihu682k1_11thgencorei5_8,Lenovo IdeaPad Gaming 3 15IHU6 82K101GSIN
Asus,Asus Vivobook Pro 16 OLED K6602HC-N1902WS Gaming,Asus Vivobook Pro 16 OLED K6602HC-N1902WS Gaming Laptop,11th gen core i9,4 gb nvidia geforce rtx 3050,16,512,16.0,não identificado,gamer,asus_asusvivobookpro16oledk6602hc-n_11thgencorei9_16,Asus Vivobook Pro 16 OLED K6602HC-N1902WS Gaming
HP,HP Omen 16-n0079AX Gaming,HP Omen 16-n0079AX Gaming Laptop,amd ryzen 7 6800h,8 gb amd radeon rx 6650m,16,512,16.1,não identificado,gamer,hp_hpomen16-n0079axgaming_amdryzen76800h_16,HP Omen 16-n0079AX Gaming
Lenovo,Lenovo IdeaPad Gaming 3 15IAH7 82S900R6IN,Lenovo IdeaPad Gaming 3 15IAH7 82S900R6IN Laptop,12th gen core i5,4 gb nvidia geforce rtx 3050,16,512,15.6,não identificado,gamer,lenovo_lenovoideapadgaming315iah782s9_12thgencorei5_16,Lenovo IdeaPad Gaming 3 15IAH7 82S900R6IN
Acer,Acer Predator Helios 300 PH315-55 Gaming,Acer Predator Helios 300 PH315-55 Gaming Laptop,12th gen core i9,6 gb nvidia geforce rtx 3060,16,1000,15.6,não identificado,gamer,acer_acerpredatorhelios300ph315-55g_12thgencorei9_16,Acer Predator Helios 300 PH315-55 Gaming
Asus,Asus ProArt StudioBook Pro 16 OLED H7600ZM-L701WS,Asus ProArt StudioBook Pro 16 OLED H7600ZM-L701WS Laptop,12th gen core i7,6 gb nvidia geforce rtx 3060,16,1000,16.0,não identificado,gamer,asus_asusproartstudiobookpro16oledh_12thgencorei7_16,Asus ProArt StudioBook Pro 16 OLED H7600ZM-L701WS
Asus,Asus TUF Dash F15 2022 FX517ZC-HN108WS Gaming,Asus TUF Dash F15 2022 FX517ZC-HN108WS Gaming Laptop,12th gen core i7,4 gb nvidia geforce rtx 3050,16,1000,15.6,2022,gamer,asus_asustufdashf152022fx517zc-hn10_12thgencorei7_16,Asus TUF Dash F15 FX517ZC-HN108WS Gaming
Asus,Asus TUF Gaming F15,Asus TUF Gaming F15,2022) fx507ze-hn038w gaming laptop,4 gb nvidia geforce rtx 3050-ti,16,512,15.6,não identificado,gamer,asus_asustufgamingf15_2022)fx507ze-hn038wgaminglaptop_16,Asus TUF Gaming F15
Asus,Asus ROG Strix G17 2022 G713IE-HX040W Gaming,Asus ROG Strix G17 2022 G713IE-HX040W Gaming Laptop,amd ryzen 7 4800h,4 gb nvidia geforce rtx 3050 ti,16,1000,17.3,2022,gamer,asus_asusrogstrixg172022g713ie-hx04_amdryzen74800h_16,Asus ROG Strix G17 G713IE-HX040W Gaming
Asus,Asus TUF Dash F15 2022 FX517ZC-HN083WS Gaming,Asus TUF Dash F15 2022 FX517ZC-HN083WS Gaming Laptop,12th gen core i5,4 gb nvidia geforce rtx 3050,16,512,15.6,2022,gamer,asus_asustufdashf152022fx517zc-hn08_12thgencorei5_16,Asus TUF Dash F15 FX517ZC-HN083WS Gaming
Acer,Acer Nitro 5 AN515-56 Gaming,Acer Nitro 5 AN515-56 Gaming Laptop,11th gen core i5,4 gb nvidia geforce gtx 1650,16,512,15.6,não identificado,gamer,acer_acernitro5an515-56gaming_11thgencorei5_16,Acer Nitro 5 AN515-56 Gaming
Acer,Acer Aspire 5 A515-57G Gaming,Acer Aspire 5 A515-57G Gaming Laptop,12th gen core i5,4 gb nvidia geforce rtx 2050,8,512,15.6,não identificado,gamer,acer_aceraspire5a515-57ggaming_12thgencorei5_8,Acer Aspire 5 A515-57G Gaming
Acer,Acer Aspire 7 A715-75G NH.QGBSI.001 Gaming,Acer Aspire 7 A715-75G NH.QGBSI.001 Gaming Laptop,12th gen core i5,4 gb nvidia geforce gtx 1650,8,512,15.6,não identificado,gamer,acer_aceraspire7a715-75gnh.qgbsi.00_12thgencorei5_8,Acer Aspire 7 A715-75G NH.QGBSI.001 Gaming
Lenovo,Lenovo IdeaPad Gaming 3 82K201ULIN,Lenovo IdeaPad Gaming 3 82K201ULIN Laptop,ryzen 5 5600h,4 gb nvidia geforce rtx 3050,16,512,15.6,não identificado,gamer,lenovo_lenovoideapadgaming382k201ulin_ryzen55600h_16,Lenovo IdeaPad Gaming 3 82K201ULIN
Asus,Asus TUF Dash F15 2022 FX517ZC-HN035WS Gaming,Asus TUF Dash F15 2022 FX517ZC-HN035WS Gaming Laptop,12th gen core i5,4 gb nvidia geforce rtx 3050,8,512,15.6,2022,gamer,asus_asustufdashf152022fx517zc-hn03_12thgencorei5_8,Asus TUF Dash F15 FX517ZC-HN035WS Gaming
Asus,Asus Vivobook Pro 14 OLED M3400QA-KM512WS Gaming,Asus Vivobook Pro 14 OLED M3400QA-KM512WS Gaming Laptop,ryzen 5 5600h,amd radeon graphics,16,512,14.0,não identificado,gamer,asus_asusvivobookpro14oledm3400qa-k_ryzen55600h_16,Asus Vivobook Pro 14 OLED M3400QA-KM512WS Gaming
MSI,MSI Gaming Crosshair 15 B12UEZ-677IN,MSI Gaming Crosshair 15 B12UEZ-677IN Laptop,12th gen core i7,6 gb nvidia geforce rtx 3060,16,1000,15.6,não identificado,gamer,msi_msigamingcrosshair15b12uez-677_12thgencorei7_16,MSI Gaming Crosshair 15 B12UEZ-677IN
Dell,Dell G15-5511 Gaming,Dell G15-5511 Gaming Laptop,11th gen core i5,4 gb nvidia geforce rtx 3050,16,512,15.6,não identificado,gamer,dell_dellg15-5511gaming_11thgencorei5_16,Dell G15-5511 Gaming
Dell,Dell G15-5520,Dell G15-5520 Laptop,12th gen core i7,4 gb nvidia geforce rtx 3050 ti,16,512,15.6,não identificado,gamer,dell_dellg15-5520_12thgencorei7_16,Dell G15-5520
HP,HP Pavilion 15-EC2048AX Gaming,HP Pavilion 15-EC2048AX Gaming Laptop,ryzen 5 5600h,4 gb nvidia geforce rtx 3050ti,8,512,15.6,não identificado,gamer,hp_hppavilion15-ec2048axgaming_ryzen55600h_8,HP Pavilion 15-EC2048AX Gaming
HP,HP Pavilion 15-EC2146AX Gaming,HP Pavilion 15-EC2146AX Gaming Laptop,ryzen 7 5800h,4 gb nvidia geforce rtx 3050,16,512,15.6,não identificado,gamer,hp_hppavilion15-ec2146axgaming_ryzen75800h_16,HP Pavilion 15-EC2146AX Gaming
HP,HP Victus 16-e0162AX Gaming,HP Victus 16-e0162AX Gaming Laptop,ryzen 5 5600h,4 gb amd radeon rx 5500m,8,512,16.1,não identificado,gamer,hp_hpvictus16-e0162axgaming_ryzen55600h_8,HP Victus 16-e0162AX Gaming
HP,HP Pavilion 15-DK2100TX Gaming,HP Pavilion 15-DK2100TX Gaming Laptop,11th gen core i5,4 gb nvidia geforce gtx 1650,8,256,15.6,não identificado,gamer,hp_hppavilion15-dk2100txgaming_11thgencorei5_8,HP Pavilion 15-DK2100TX Gaming
Acer,Acer Aspire 7 A715-51G UN.QGCSI.002 Gaming,Acer Aspire 7 A715-51G UN.QGCSI.002 Gaming Laptop,12th gen core i5,4 gb nvidia geforce rtx 3050,16,512,15.6,não identificado,gamer,acer_aceraspire7a715-51gun.qgcsi.00_12thgencorei5_16,Acer Aspire 7 A715-51G UN.QGCSI.002 Gaming
Dell,Dell Alienware M15 R7 Gaming,Dell Alienware M15 R7 Gaming Laptop,12th gen core i7,6 gb nvidia geforce rtx 3060,16,512,15.6,não identificado,gamer,dell_dellalienwarem15r7gaming_12thgencorei7_16,Dell Alienware M15 R7 Gaming
Dell,Dell G15-5521 D560897,Dell G15-5521 D560897WIN9S Gaming Laptop,12th gen core i9,8 gb nvidia geforce rtx 3070 ti,16,1000,15.6,não identificado,gamer,dell_dellg15-5521d560897_12thgencorei9_16,Dell G15-5521 D560897WIN9S Gaming
HP,HP Victus 15-fa0092TX,HP Victus 15-fa0092TX Laptop,12th gen core i5,4 gb nvidia geforce rtx 3050,16,512,15.6,não identificado,gamer,hp_hpvictus15-fa0092tx_12thgencorei5_16,HP Victus 15-fa0092TX
Lenovo,Lenovo Legion 5 82RB00K8IN,Lenovo Legion 5 82RB00K8IN Laptop,12th gen core i7,6 gb nvidia geforce rtx 3060,16,1000,15.6,não identificado,gamer,lenovo_lenovolegion582rb00k8in_12thgencorei7_16,Lenovo Legion 5 82RB00K8IN
HP,HP Omen 16-n0091AX Gaming,HP Omen 16-n0091AX Gaming Laptop,amd ryzen 7 6800h,4 gb nvidia geforce rtx 3050ti,16,512,16.1,não identificado,gamer,hp_hpomen16-n0091axgaming_amdryzen76800h_16,HP Omen 16-n0091AX Gaming
Lenovo,Lenovo Legion 5 Pro 16IAH7H 82RF00DYIN Gaming,Lenovo Legion 5 Pro 16IAH7H 82RF00DYIN Gaming Laptop,12th gen core i7,6 gb nvidia geforce rtx 3060,16,1000,16.0,não identificado,gamer,lenovo_lenovolegion5pro16iah7h82rf00d_12thgencorei7_16,Lenovo Legion 5 Pro 16IAH7H 82RF00DYIN Gaming
Asus,Asus Vivobook Pro 15 OLED M3500QC-L1461WS Gaming,Asus Vivobook Pro 15 OLED M3500QC-L1461WS Gaming Laptop,amd ryzen 5 5600h,4 gb nvidia geforce rtx 3050,16,512,15.6,não identificado,gamer,asus_asusvivobookpro15oledm3500qc-l_amdryzen55600h_16,Asus Vivobook Pro 15 OLED M3500QC-L1461WS Gaming
Asus,Asus TUF Gaming A15 2022 FA506QM-HN008W Gaming,Asus TUF Gaming A15 2022 FA506QM-HN008W Gaming Laptop,amd ryzen 7 5800h,6 gb nvidia geforce rtx 3060,16,512,15.6,2022,gamer,asus_asustufgaminga152022fa506qm-hn_amdryzen75800h_16,Asus TUF Gaming A15 FA506QM-HN008W Gaming
Lenovo,Lenovo IdeaPad Gaming 3 82K1019BIN,Lenovo IdeaPad Gaming 3 82K1019BIN Laptop,11th gen core i5,4 gb nvidia geforce rtx 3050,16,512,15.6,não identificado,gamer,lenovo_lenovoideapadgaming382k1019bin_11thgencorei5_16,Lenovo IdeaPad Gaming 3 82K1019BIN
MSI,MSI Gaming Katana GF76 11SC-847IN,MSI Gaming Katana GF76 11SC-847IN Laptop,11th gen core i5,4 gb nvidia geforce gtx1650,8,512,15.6,não identificado,gamer,msi_msigamingkatanagf7611sc-847in_11thgencorei5_8,MSI Gaming Katana GF76 11SC-847IN
MSI,MSI Katana GF66 12UD-640IN Gaming,MSI Katana GF66 12UD-640IN Gaming Laptop,12th gen core i5,4 gb nvidia geforce rtx 3050 ti,16,512,15.6,não identificado,gamer,msi_msikatanagf6612ud-640ingaming_12thgencorei5_16,MSI Katana GF66 12UD-640IN Gaming
MSI,MSI Thin GF63 12HW-004IN Gaming,MSI Thin GF63 12HW-004IN Gaming Laptop,12th gen core i5,intel integrated arc,8,512,15.6,não identificado,gamer,msi_msithingf6312hw-004ingaming_12thgencorei5_8,MSI Thin GF63 12HW-004IN Gaming
Lenovo,Lenovo IdeaPad Gaming 3 82SA00B2IN,Lenovo IdeaPad Gaming 3 82SA00B2IN Laptop,12th gen core i7,6 gb nvidia geforce rtx 3060,16,512,16.0,não identificado,gamer,lenovo_lenovoideapadgaming382sa00b2in_12thgencorei7_16,Lenovo IdeaPad Gaming 3 82SA00B2IN
MSI,MSI Pulse GL66 12UEK-898IN Gaming,MSI Pulse GL66 12UEK-898IN Gaming Laptop,12th gen core i9,6 gb nvidia geforce rtx 3060,16,1000,15.6,não identificado,gamer,msi_msipulsegl6612uek-898ingaming_12thgencorei9_16,MSI Pulse GL66 12UEK-898IN Gaming
MSI,MSI Vector GP66 12UEO-646IN Gaming,MSI Vector GP66 12UEO-646IN Gaming Laptop,12th gen core i7,6 gb nvidia geforce rtx 3060,16,1000,15.6,não identificado,gamer,msi_msivectorgp6612ueo-646ingaming_12thgencorei7_16,MSI Vector GP66 12UEO-646IN Gaming
Asus,Asus ZenBook Pro Duo 14 OLED 2022 UX8402ZE-M711WS,Asus ZenBook Pro Duo 14 OLED 2022 UX8402ZE-M711WS Laptop,12th gen core i7,4 gb nvidia geforce rtx 3050 ti,16,1000,14.5,2022,gamer,asus_asuszenbookproduo14oled2022ux8_12thgencorei7_16,Asus ZenBook Pro Duo 14 OLED UX8402ZE-M711WS
MSI,MSI Thin GF63 11UC-866IN Gaming,MSI Thin GF63 11UC-866IN Gaming Laptop,11th gen core i7,4 gb nvidia geforce rtx 3050,8,512,15.6,não identificado,gamer,msi_msithingf6311uc-866ingaming_11thgencorei7_8,MSI Thin GF63 11UC-866IN Gaming
Asus,Asus Vivobook Pro 15 OLED M6500IH-L1701WS,Asus Vivobook Pro 15 OLED M6500IH-L1701WS Laptop,ryzen 7-4800h,4 gb nvidia geforce gtx 1650 max q,16,512,15.6,não identificado,gamer,asus_asusvivobookpro15oledm6500ih-l_ryzen7-4800h_16,Asus Vivobook Pro 15 OLED M6500IH-L1701WS
Lenovo,Lenovo Ideapad Gaming 3 82K201UKIN,Lenovo Ideapad Gaming 3 82K201UKIN Laptop,ryzen 7 5800h,4 gb nvidia geforce rtx 3050,8,512,15.6,não identificado,gamer,lenovo_lenovoideapadgaming382k201ukin_ryzen75800h_8,Lenovo Ideapad Gaming 3 82K201UKIN
MSI,MSI Thin GF63 11UC-867IN Gaming,MSI Thin GF63 11UC-867IN Gaming Laptop,11th gen core i5,4 gb nvidia geforce rtx 3050,8,512,15.6,não identificado,gamer,msi_msithingf6311uc-867ingaming_11thgencorei5_8,MSI Thin GF63 11UC-867IN Gaming
Lenovo,Lenovo IdeaPad Gaming 3 82K10198IN,Lenovo IdeaPad Gaming 3 82K10198IN Laptop,11th gen core i5,4 gb nvidia geforce gtx 1650,8,512,15.6,não identificado,gamer,lenovo_lenovoideapadgaming382k10198in_11thgencorei5_8,Lenovo IdeaPad Gaming 3 82K10198IN
Acer,Acer Predator Helios 500 Ph517-52 Gaming,Acer Predator Helios 500 Ph517-52 Gaming Laptop,11th gen core i9,16 gb nvidia geforce rtx 3080,64,2000,17.3,não identificado,gamer,acer_acerpredatorhelios500ph517-52g_11thgencorei9_64,Acer Predator Helios 500 Ph517-52 Gaming
Lenovo,Lenovo Ideapad Gaming 3 82K201UNIN,Lenovo Ideapad Gaming 3 82K201UNIN Laptop,ryzen 7 5800h,6 gb nvidia geforce rtx 3060,16,512,15.6,não identificado,gamer,lenovo_lenovoideapadgaming382k201unin_ryzen75800h_16,Lenovo Ideapad Gaming 3 82K201UNIN
Asus,Asus ZenBook Pro Duo 15 OLED 2022 UX582ZM-H701WS,Asus ZenBook Pro Duo 15 OLED 2022 UX582ZM-H701WS Laptop,12th gen core i7,6 gb nvidia geforce rtx 3060,32,1000,15.6,2022,gamer,asus_asuszenbookproduo15oled2022ux5_12thgencorei7_32,Asus ZenBook Pro Duo 15 OLED UX582ZM-H701WS
Dell,Dell Alienware x14 Gaming,Dell Alienware x14 Gaming Laptop,12th gen core i7,4 gb nvidia geforce rtx 3050 ti,16,512,15.6,não identificado,gamer,dell_dellalienwarex14gaming_12thgencorei7_16,Dell Alienware x14 Gaming
HP,HP Victus 15-fa0354TX,HP Victus 15-fa0354TX Laptop,12th gen core i7,4 gb nvidia geforce rtx 3050 ti,16,512,15.6,não identificado,gamer,hp_hpvictus15-fa0354tx_12thgencorei7_16,HP Victus 15-fa0354TX
MSI,MSI Katana GF66 11UE-861IN Gaming,MSI Katana GF66 11UE-861IN Gaming Laptop,11th gen core i7,6 gb nvidia geforce rtx 3060,16,512,15.6,não identificado,gamer,msi_msikatanagf6611ue-861ingaming_11thgencorei7_16,MSI Katana GF66 11UE-861IN Gaming
HP,HP Victus 16-e0650AX Gaming,HP Victus 16-e0650AX Gaming Laptop,amd ryzen 7 5800h,4 gb nvidia geforce gtx 1650,8,512,16.1,não identificado,gamer,hp_hpvictus16-e0650axgaming_amdryzen75800h_8,HP Victus 16-e0650AX Gaming
Lenovo,Lenovo IdeaPad Gaming 3 82K101B7IN,Lenovo IdeaPad Gaming 3 82K101B7IN Laptop,11th gen core i5,4 gb nvidia geforce rtx 3050,16,256,15.6,não identificado,gamer,lenovo_lenovoideapadgaming382k101b7in_11thgencorei5_16,Lenovo IdeaPad Gaming 3 82K101B7IN
Asus,Asus ROG Strix G15 G513IE-HN040WS Gaming,Asus ROG Strix G15 G513IE-HN040WS Gaming Laptop,ryzen 7 4800h,4 gb nvidia geforce rtx 3050 ti,16,1000,15.6,não identificado,gamer,asus_asusrogstrixg15g513ie-hn040wsg_ryzen74800h_16,Asus ROG Strix G15 G513IE-HN040WS Gaming
Asus,Asus TUF Gaming F17 FX707ZM-HX030WS,Asus TUF Gaming F17 FX707ZM-HX030WS Laptop,12th gen core i7,6 gb nvidia geforce rtx 3060,16,1000,17.3,não identificado,gamer,asus_asustufgamingf17fx707zm-hx030w_12thgencorei7_16,Asus TUF Gaming F17 FX707ZM-HX030WS
Asus,Asus Vivobook Pro 14 OLED M3400QA-KM702WS Gaming,Asus Vivobook Pro 14 OLED M3400QA-KM702WS Gaming Laptop,ryzen 7 5800h,amd radeon graphics,16,512,14.0,não identificado,gamer,asus_asusvivobookpro14oledm3400qa-k_ryzen75800h_16,Asus Vivobook Pro 14 OLED M3400QA-KM702WS Gaming
Asus,Asus TUF Gaming A15 FA506ICB-HN005W,Asus TUF Gaming A15 FA506ICB-HN005W Laptop,ryzen 7 4800h,4 gb nvidia geforce rtx 3050,8,512,15.6,não identificado,gamer,asus_asustufgaminga15fa506icb-hn005_ryzen74800h_8,Asus TUF Gaming A15 FA506ICB-HN005W
Asus,Asus TUF Gaming F15 FX577ZM-HQ067WS,Asus TUF Gaming F15 FX577ZM-HQ067WS Laptop,12th gen core i7,6 gb nvidia geforce rtx 3060,16,1000,15.6,não identificado,gamer,asus_asustufgamingf15fx577zm-hq067w_12thgencorei7_16,Asus TUF Gaming F15 FX577ZM-HQ067WS
Asus,Asus TUF Gaming F15 FA506IHRB-HN079W Gaming,Asus TUF Gaming F15 FA506IHRB-HN079W Gaming Laptop,amd ryzen 5 4600h,4 gb nvidia geforce gtx 1650,8,512,15.6,não identificado,gamer,asus_asustufgamingf15fa506ihrb-hn07_amdryzen54600h_8,Asus TUF Gaming F15 FA506IHRB-HN079W Gaming
Asus,Asus Strix G15 G513RM-HQ271WS Gaming,Asus Strix G15 G513RM-HQ271WS Gaming Laptop,ryzen 7 6800h,6 gb nvidia geforce rtx 3060,16,1000,15.6,não identificado,gamer,asus_asusstrixg15g513rm-hq271wsgami_ryzen76800h_16,Asus Strix G15 G513RM-HQ271WS Gaming
Dell,Dell Inspiron 5520,Dell Inspiron 5520 Laptop,12th gen core i5,4 gb nvidia geforce rtx 3050,16,512,15.6,não identificado,gamer,dell_dellinspiron5520_12thgencorei5_16,Dell Inspiron 5520
Dell,Dell G15-5511 Gaming,Dell G15-5511 Gaming Laptop,11th gen core i5,4 gb nvidia geforce rtx 3050,8,512,15.6,não identificado,gamer,dell_dellg15-5511gaming_11thgencorei5_8,Dell G15-5511 Gaming
Dell,Dell G15-5520,Dell G15-5520 Laptop,12th gen core i5,4 gb nvidia geforce rtx 3050,16,512,15.6,não identificado,gamer,dell_dellg15-5520_12thgencorei5_16,Dell G15-5520
Acer,Acer Nitro 5 AN515-58 Gaming,Acer Nitro 5 AN515-58 Gaming Laptop,12th gen core i5,4 gb nvidia geforce rtx 3050,8,512,15.6,não identificado,gamer,acer_acernitro5an515-58gaming_12thgencorei5_8,Acer Nitro 5 AN515-58 Gaming
Asus,Asus TUF Gaming A15 2021 FA506QM-HN124W,Asus TUF Gaming A15 2021 FA506QM-HN124W Laptop,ryzen 9 5900hx,6 gb nvidia geforce rtx 3060,16,512,15.6,2021,gamer,asus_asustufgaminga152021fa506qm-hn_ryzen95900hx_16,Asus TUF Gaming A15 FA506QM-HN124W
HP,HP Pavilion 15-EC2145AX Gaming,HP Pavilion 15-EC2145AX Gaming Laptop,ryzen 5 5600h,4 gb nvidia geforce gtx 3050,8,512,15.6,não identificado,gamer,hp_hppavilion15-ec2145axgaming_ryzen55600h_8,HP Pavilion 15-EC2145AX Gaming
HP,HP Pavilion 15-ec2150AX,HP Pavilion 15-ec2150AX Laptop,ryzen 5 5600h,4 gb nvidia geforce gtx 1650,8,512,15.6,não identificado,gamer,hp_hppavilion15-ec2150ax_ryzen55600h_8,HP Pavilion 15-ec2150AX
HP,HP Pavilion 15-dk2095TX Gaming,HP Pavilion 15-dk2095TX Gaming Laptop,11th gen core i5,4 gb nvidia geforce gtx 1650,8,512,15.6,não identificado,gamer,hp_hppavilion15-dk2095txgaming_11thgencorei5_8,HP Pavilion 15-dk2095TX Gaming
HP,HP Pavilion 15-ec2008AX Gaming,HP Pavilion 15-ec2008AX Gaming Laptop,ryzen 5 5600h,4 gb nvidia geforce gtx 1650,8,512,15.6,não identificado,gamer,hp_hppavilion15-ec2008axgaming_ryzen55600h_8,HP Pavilion 15-ec2008AX Gaming
MSI,MSI Bravo 15 B5DD-043IN Gaming,MSI Bravo 15 B5DD-043IN Gaming Laptop,ryzen 5 5600h,4 gb amd radeon rx5500m,8,512,15.6,não identificado,gamer,msi_msibravo15b5dd-043ingaming_ryzen55600h_8,MSI Bravo 15 B5DD-043IN Gaming
Asus,Asus ROG Flow X13 GV301QH-K5462TS Gaming,Asus ROG Flow X13 GV301QH-K5462TS Gaming Laptop,amd ryzen 9,4 gb nvidia geforce gtx 1650,16,1000,13.4,não identificado,gamer,asus_asusrogflowx13gv301qh-k5462tsg_amdryzen9_16,Asus ROG Flow X13 GV301QH-K5462TS Gaming
Asus,Asus Vivobook Pro 16X OLED N7601ZM-MQ711WS Gaming,Asus Vivobook Pro 16X OLED N7601ZM-MQ711WS Gaming Laptop,12th gen core i7,6 gb nvidia geforce rtx 3060,16,1000,16.0,não identificado,gamer,asus_asusvivobookpro16xoledn7601zm-_12thgencorei7_16,Asus Vivobook Pro 16X OLED N7601ZM-MQ711WS Gaming
HP,HP Victus 16-d0310TX Gaming,HP Victus 16-d0310TX Gaming Laptop,11th gen core i5,4 gb nvidia geforce gtx 1650,8,512,16.1,não identificado,gamer,hp_hpvictus16-d0310txgaming_11thgencorei5_8,HP Victus 16-d0310TX Gaming
HP,HP Victus 15-fb0777AX Gaming,HP Victus 15-fb0777AX Gaming Laptop,amd ryzen 5 5600h,4 gb amd radeon rx 6500m graphics,8,512,15.6,não identificado,gamer,hp_hpvictus15-fb0777axgaming_amdryzen55600h_8,HP Victus 15-fb0777AX Gaming
HP,HP Victus 16-d0311TX Gaming,HP Victus 16-d0311TX Gaming Laptop,11th gen core i5,4 gb nvidia geforce gtx 1650,16,512,16.1,não identificado,gamer,hp_hpvictus16-d0311txgaming_11thgencorei5_16,HP Victus 16-d0311TX Gaming
Dell,Dell G15-5520 D560897,Dell G15-5520 D560897WIN9S Laptop,12th gen core i9,6 gb nvidia geforce rtx 3060,16,1000,15.6,não identificado,gamer,dell_dellg15-5520d560897_12thgencorei9_16,Dell G15-5520 D560897WIN9S
HP,HP Victus 16-e0333TX Gaming,HP Victus 16-e0333TX Gaming Laptop,amd ryzen 5 5600h,6 gb nvidia geforce rtx3060,16,512,16.1,não identificado,gamer,hp_hpvictus16-e0333txgaming_amdryzen55600h_16,HP Victus 16-e0333TX Gaming
Lenovo,Lenovo Legion 5 Pro 82RG00ELIN,Lenovo Legion 5 Pro 82RG00ELIN Laptop,amd ryzen 7 6800h,6 gb nvidia geforce rtx 3060,16,1000,16.0,não identificado,gamer,lenovo_lenovolegion5pro82rg00elin_amdryzen76800h_16,Lenovo Legion 5 Pro 82RG00ELIN
MSI,MSI Katana GF66 12UD Gaming,MSI Katana GF66 12UD Gaming Laptop,12th gen core i7,4 gb nvidia geforce rtx 3050ti,16,512,15.6,não identificado,gamer,msi_msikatanagf6612udgaming_12thgencorei7_16,MSI Katana GF66 12UD Gaming
MSI,MSI Pulse GL66 12UGSZOK Gaming,MSI Pulse GL66 12UGSZOK Gaming Laptop,12th gen core i9,8 gb nvidia geforce rtx 3070ti,16,1000,15.6,não identificado,gamer,msi_msipulsegl6612ugszokgaming_12thgencorei9_16,MSI Pulse GL66 12UGSZOK Gaming
Lenovo,Lenovo Legion 7i 82TD009KIN Gaming,Lenovo Legion 7i 82TD009KIN Gaming Laptop,12th gen core i9,16 gb nvidia geforce rtx 3080 ti,32,1000,16.0,não identificado,gamer,lenovo_lenovolegion7i82td009kingaming_12thgencorei9_32,Lenovo Legion 7i 82TD009KIN Gaming
Dell,Dell G15-5520 Gaming,Dell G15-5520 Gaming Laptop,12th gen core i5,4 gb nvidia geforce rtx 3050,8,512,15.6,não identificado,gamer,dell_dellg15-5520gaming_12thgencorei5_8,Dell G15-5520 Gaming
Asus,Asus ROG Zephyrus G15 GA503RMZ-LN155WS Gaming,Asus ROG Zephyrus G15 GA503RMZ-LN155WS Gaming Laptop,amd ryzen 7 6800hs,6 gb nvidia geforce rtx 3060,16,1000,15.6,não identificado,gamer,asus_asusrogzephyrusg15ga503rmz-ln1_amdryzen76800hs_16,Asus ROG Zephyrus G15 GA503RMZ-LN155WS Gaming
Asus,Asus ROG Zephyrus G15 GA503RSZ-HQ061WS Gaming,Asus ROG Zephyrus G15 GA503RSZ-HQ061WS Gaming Laptop,amd ryzen 9 6900hs,8 gb nvidia geforce rtx 3070ti,16,1000,15.6,não identificado,gamer,asus_asusrogzephyrusg15ga503rsz-hq0_amdryzen96900hs_16,Asus ROG Zephyrus G15 GA503RSZ-HQ061WS Gaming
HP,HP Victus 15-fa0031dx Gaming,HP Victus 15-fa0031dx Gaming Laptop,12th gen core i5,4 gb nvidia geforce gtx 1650,8,512,15.6,não identificado,gamer,hp_hpvictus15-fa0031dxgaming_12thgencorei5_8,HP Victus 15-fa0031dx Gaming
MSI,MSI Katana GF66 12UC-632IN Gaming,MSI Katana GF66 12UC-632IN Gaming Laptop,12th gen core i7,4 gb nvidia geforce rtx 3050,8,512,15.6,não identificado,gamer,msi_msikatanagf6612uc-632ingaming_12thgencorei7_8,MSI Katana GF66 12UC-632IN Gaming
Asus,Asus ROG Strix G15 G513IE-HN088WS Gaming,Asus ROG Strix G15 G513IE-HN088WS Gaming Laptop,ryzen 7 4800h,4 gb nvidia geforce rtx 3050 ti,8,512,15.6,não identificado,gamer,asus_asusrogstrixg15g513ie-hn088wsg_ryzen74800h_8,Asus ROG Strix G15 G513IE-HN088WS Gaming
Lenovo,Lenovo Legion S7 82TF007LIN Gaming,Lenovo Legion S7 82TF007LIN Gaming Laptop,12th gen core i7,4 gb nvidia geforce rtx 3050 ti,16,1000,16.0,não identificado,gamer,lenovo_lenovolegions782tf007lingaming_12thgencorei7_16,Lenovo Legion S7 82TF007LIN Gaming
MSI,MSI Stealth GS66 12UGS-290IN Gaming,MSI Stealth GS66 12UGS-290IN Gaming Laptop,12th gen core i7,8 gb nvidia geforce rtx 3070ti,32,1000,15.6,não identificado,gamer,msi_msistealthgs6612ugs-290ingamin_12thgencorei7_32,MSI Stealth GS66 12UGS-290IN Gaming
Gigabyte,Gigabyte G5 KE RC55KE,Gigabyte G5 KE RC55KE Laptop,12th gen core i5,6 gb nvidia geforce rtx 3060,16,512,15.6,não identificado,gamer,gigabyte_gigabyteg5kerc55ke_12thgencorei5_16,Gigabyte G5 KE RC55KE
Gigabyte,Gigabyte G5 ME RC55ME,Gigabyte G5 ME RC55ME Laptop,12th gen core i5,4 gb nvidia geforce rtx 3050 ti,16,512,15.6,não identificado,gamer,gigabyte_gigabyteg5merc55me_12thgencorei5_16,Gigabyte G5 ME RC55ME
Gigabyte,Gigabyte G5 GE RC55GE,Gigabyte G5 GE RC55GE Laptop,12th gen core i5,4 gb nvidia geforce rtx 3050,8,512,15.6,não identificado,gamer,gigabyte_gigabyteg5gerc55ge_12thgencorei5_8,Gigabyte G5 GE RC55GE
Acer,Acer Nitro 5 AN515-45 UN.QCLSI.005 Gaming,Acer Nitro 5 AN515-45 UN.QCLSI.005 Gaming Laptop,amd ryzen 5 5600h,4 gb nvidia geforce rtx 3050,16,512,15.6,não identificado,gamer,acer_acernitro5an515-45un.qclsi.005_amdryzen55600h_16,Acer Nitro 5 AN515-45 UN.QCLSI.005 Gaming
Acer,Acer Nitro 5 AN515-45 UN.QCLSI.006 Gaming,Acer Nitro 5 AN515-45 UN.QCLSI.006 Gaming Laptop,amd ryzen 5 5600h,4 gb nvidia geforce rtx 3050,8,512,15.6,não identificado,gamer,acer_acernitro5an515-45un.qclsi.006_amdryzen55600h_8,Acer Nitro 5 AN515-45 UN.QCLSI.006 Gaming
Acer,Acer Nitro 5 AN515-45 UN.QBMSI.009 Gaming,Acer Nitro 5 AN515-45 UN.QBMSI.009 Gaming Laptop,amd ryzen 5 5600h,4 gb nvidia geforce gtx 1650,16,512,15.6,não identificado,gamer,acer_acernitro5an515-45un.qbmsi.009_amdryzen55600h_16,Acer Nitro 5 AN515-45 UN.QBMSI.009 Gaming
Asus,Asus TUF Gaming F15 FX506LHB-HN358W Gaming,Asus TUF Gaming F15 FX506LHB-HN358W Gaming Laptop,10th gen core i5,4 gb nvidia geforce gtx 1650,8,512,15.6,não identificado,gamer,asus_asustufgamingf15fx506lhb-hn358_10thgencorei5_8,Asus TUF Gaming F15 FX506LHB-HN358W Gaming
MSI,MSI Stealth 17M A12UE Gaming,MSI Stealth 17M A12UE Gaming Laptop,12th gen core i7,6 gb nvidia geforce rtx 3060,16,1000,17.3,não identificado,gamer,msi_msistealth17ma12uegaming_12thgencorei7_16,MSI Stealth 17M A12UE Gaming
Dell,Dell Alienware X17 R1 D569936,Dell Alienware X17 R1 D569936WIN9 Gaming Laptop,11th gen core i9,16 gb nvidia geforce rtx 3080,32,1000,17.3,não identificado,gamer,dell_dellalienwarex17r1d569936_11thgencorei9_32,Dell Alienware X17 R1 D569936WIN9 Gaming
Lenovo,Lenovo Legion 5 Pro 82RF00E1IN Gaming,Lenovo Legion 5 Pro 82RF00E1IN Gaming Laptop,12th gen core i7,8 gb nvidia geforce rtx 3070ti,32,1000,16.0,não identificado,gamer,lenovo_lenovolegion5pro82rf00e1ingami_12thgencorei7_32,Lenovo Legion 5 Pro 82RF00E1IN Gaming
HP,HP Victus 16-e0550AX Gaming,HP Victus 16-e0550AX Gaming Laptop,amd ryzen 7 5800h,4 gb amd radeon rx 5500m graphics,8,512,16.0,não identificado,gamer,hp_hpvictus16-e0550axgaming_amdryzen75800h_8,HP Victus 16-e0550AX Gaming
Dell,Dell G15-5520 D560895,Dell G15-5520 D560895WIN9S Laptop,12th gen core i7,6 gb nvidia geforce rtx 3060,16,512,15.6,não identificado,gamer,dell_dellg15-5520d560895_12thgencorei7_16,Dell G15-5520 D560895WIN9S
Dell,Dell G15-5525 Gaming,Dell G15-5525 Gaming Laptop,ryzen 9-6900hx,6 gb nvidia geforce rtx 3060,16,1000,15.6,não identificado,gamer,dell_dellg15-5525gaming_ryzen9-6900hx_16,Dell G15-5525 Gaming
Dell,Dell G15-5525 D560894,Dell G15-5525 D560894WIN9S Gaming Laptop,ryzen 7 6800h,6 gb nvidia geforce rtx 3060,16,512,15.6,não identificado,gamer,dell_dellg15-5525d560894_ryzen76800h_16,Dell G15-5525 D560894WIN9S Gaming
Dell,Dell G15-5525 D560898,Dell G15-5525 D560898WIN9S Gaming Laptop,ryzen 7 6800h,6 gb nvidia geforce rtx 3070 ti,16,1000,15.6,não identificado,gamer,dell_dellg15-5525d560898_ryzen76800h_16,Dell G15-5525 D560898WIN9S Gaming
Dell,Dell G15-5521 D560899,Dell G15-5521 D560899WIN9S Gaming Laptop,12th gen core i9,8 gb nvidia geforce rtx 3070 ti,16,1000,15.6,não identificado,gamer,dell_dellg15-5521d560899_12thgencorei9_16,Dell G15-5521 D560899WIN9S Gaming
Acer,Acer Aspire 5 A515-57 Gaming,Acer Aspire 5 A515-57 Gaming Laptop,12th gen core i3,intel integrated,8,512,15.6,não identificado,gamer,acer_aceraspire5a515-57gaming_12thgencorei3_8,Acer Aspire 5 A515-57 Gaming
Dell,Dell Alienware M15 R6 Gaming,Dell Alienware M15 R6 Gaming Laptop,11th gen core i7,6 gb nvidia geforce rtx 3060,16,512,15.6,não identificado,gamer,dell_dellalienwarem15r6gaming_11thgencorei7_16,Dell Alienware M15 R6 Gaming
Lenovo,Lenovo IdeaPad Gaming 3 82K101E1IN,Lenovo IdeaPad Gaming 3 82K101E1IN Laptop,11th gen core i5,4 gb nvidia geforce gtx 1650,8,256,15.6,não identificado,gamer,lenovo_lenovoideapadgaming382k101e1in_11thgencorei5_8,Lenovo IdeaPad Gaming 3 82K101E1IN
Asus,Asus ROG Strix G17 2022 G713RS-LL023WS Gaming,Asus ROG Strix G17 2022 G713RS-LL023WS Gaming Laptop,amd ryzen 9 6900hx,8 gb nvidia geforce rtx 3070 ti,16,1000,17.3,2022,gamer,asus_asusrogstrixg172022g713rs-ll02_amdryzen96900hx_16,Asus ROG Strix G17 G713RS-LL023WS Gaming
AGB,AGB Octev VR-1818 Gaming,AGB Octev VR-1818 Gaming Laptop,11th gen core i7,2 gb nvidia geforce mx450,32,1000,15.6,não identificado,gamer,agb_agboctevvr-1818gaming_11thgencorei7_32,AGB Octev VR-1818 Gaming
MSI,MSI Creator Pro Z17 A12UMST-237IN Gaming,MSI Creator Pro Z17 A12UMST-237IN Gaming Laptop,12th gen core i7,16 gb nvidia geforce rtx a5500,32,1000,16.0,não identificado,gamer,msi_msicreatorproz17a12umst-237ing_12thgencorei7_32,MSI Creator Pro Z17 A12UMST-237IN Gaming
MSI,MSI Creator Z16P B12UKST-209IN Gaming,MSI Creator Z16P B12UKST-209IN Gaming Laptop,12th gen core i9,12 gb nvidia geforce rtx a3000,64,2000,17.3,não identificado,gamer,msi_msicreatorz16pb12ukst-209ingam_12thgencorei9_64,MSI Creator Z16P B12UKST-209IN Gaming
MSI,MSI Creator Pro M16 A12UJS-601IN Gaming,MSI Creator Pro M16 A12UJS-601IN Gaming Laptop,12th gen core i7,8 gb nvidia geforce rtx a2000,32,1000,16.0,não identificado,gamer,msi_msicreatorprom16a12ujs-601inga_12thgencorei7_32,MSI Creator Pro M16 A12UJS-601IN Gaming
HP,HP Omen 17-ck1023TX Gaming,HP Omen 17-ck1023TX Gaming Laptop,12th gen core i9,16 gb nvidia geforce 3080ti,32,2000,16.1,não identificado,gamer,hp_hpomen17-ck1023txgaming_12thgencorei9_32,HP Omen 17-ck1023TX Gaming
HP,HP Omen 16-n0051AX Gaming,HP Omen 16-n0051AX Gaming Laptop,amd ryzen 9 6900hx,8 gb amd radeon rx 6650m graphics,32,1000,16.1,não identificado,gamer,hp_hpomen16-n0051axgaming_amdryzen96900hx_32,HP Omen 16-n0051AX Gaming
HP,HP Omen 16-k0370TX Gaming,HP Omen 16-k0370TX Gaming Laptop,12th gen core i7,8 gb nvidia geforce 3070ti,16,1000,16.1,não identificado,gamer,hp_hpomen16-k0370txgaming_12thgencorei7_16,HP Omen 16-k0370TX Gaming
HP,HP Omen 16-k0360TX,HP Omen 16-k0360TX Laptop,12th gen core i7,6 gb nvidia geforce rtx 3060,16,1000,16.1,não identificado,gamer,hp_hpomen16-k0360tx_12thgencorei7_16,HP Omen 16-k0360TX
Lenovo,Lenovo IdeaPad Gaming 3 82S900HNIN,Lenovo IdeaPad Gaming 3 82S900HNIN Laptop,12th gen core i5,4 gb nvidia geforce rtx 3050,16,512,15.6,não identificado,gamer,lenovo_lenovoideapadgaming382s900hnin_12thgencorei5_16,Lenovo IdeaPad Gaming 3 82S900HNIN
HP,HP Omen 16-n0054AX Gaming,HP Omen 16-n0054AX Gaming Laptop,amd ryzen 7 6800h,6 gb nvidia geforce rtx 3060,16,1000,16.1,não identificado,gamer,hp_hpomen16-n0054axgaming_amdryzen76800h_16,HP Omen 16-n0054AX Gaming
HP,HP Victus 15-fb0082AX Gaming,HP Victus 15-fb0082AX Gaming Laptop,amd ryzen 5 5600h,4 gb nvidia geforce rtx 3050,8,512,15.6,não identificado,gamer,hp_hpvictus15-fb0082axgaming_amdryzen55600h_8,HP Victus 15-fb0082AX Gaming
HP,HP Omen 16-n0049AX Gaming,HP Omen 16-n0049AX Gaming Laptop,amd ryzen 7 6800h,4 gb nvidia geforce rtx 3050ti,16,512,16.0,não identificado,gamer,hp_hpomen16-n0049axgaming_amdryzen76800h_16,HP Omen 16-n0049AX Gaming
HP,HP Omen 16-n0050AX Gaming,HP Omen 16-n0050AX Gaming Laptop,amd ryzen 7 6800h,4 gb nvidia geforce rtx 3050,16,512,16.0,não identificado,gamer,hp_hpomen16-n0050axgaming_amdryzen76800h_16,HP Omen 16-n0050AX Gaming
Lenovo,Lenovo IdeaPad Gaming 3 82K201V2IN,Lenovo IdeaPad Gaming 3 82K201V2IN Laptop,amd ryzen 7 5800h,4 gb nvidia geforce rtx 3050,8,512,15.6,não identificado,gamer,lenovo_lenovoideapadgaming382k201v2in_amdryzen75800h_8,Lenovo IdeaPad Gaming 3 82K201V2IN
Gigabyte,Gigabyte G5 RC45MD,Gigabyte G5 RC45MD Laptop,11th gen core i5,4 gb nvidia geforce rtx 3050 ti,16,512,15.6,não identificado,gamer,gigabyte_gigabyteg5rc45md_11thgencorei5_16,Gigabyte G5 RC45MD
Gigabyte,Gigabyte G5 RC45GD,Gigabyte G5 RC45GD Laptop,11th gen core i5,4 gb nvidia geforce rtx 3050,16,512,15.6,não identificado,gamer,gigabyte_gigabyteg5rc45gd_11thgencorei5_16,Gigabyte G5 RC45GD
Gigabyte,Gigabyte G5 RC45KD,Gigabyte G5 RC45KD Laptop,11th gen core i5,6 gb nvidia geforce rtx 3060,16,512,15.6,não identificado,gamer,gigabyte_gigabyteg5rc45kd_11thgencorei5_16,Gigabyte G5 RC45KD
MSI,MSI Katana GF66 11UE-249IN Gaming,MSI Katana GF66 11UE-249IN Gaming Laptop,11th gen core i7,6 gb nvidia geforce rtx 3060,16,512,15.6,não identificado,gamer,msi_msikatanagf6611ue-249ingaming_11thgencorei7_16,MSI Katana GF66 11UE-249IN Gaming
Acer,Acer Predator Helios 300 PH315-55s Spatial Labs Edition Gaming,Acer Predator Helios 300 PH315-55s Spatial Labs Edition Gaming Laptop,12th gen core i9,nvidia geforce rtx 3030,32,2000,15.6,não identificado,gamer,acer_acerpredatorhelios300ph315-55s_12thgencorei9_32,Acer Predator Helios 300 PH315-55s Spatial Labs Edition Gaming
Acer,Acer Nitro 5 AN515-46,Acer Nitro 5 AN515-46 Laptop,amd ryzen 5 6600h,4 gb nvidia geforce rtx 3050,16,512,15.6,não identificado,gamer,acer_acernitro5an515-46_amdryzen56600h_16,Acer Nitro 5 AN515-46
Asus,Asus TUF F15 FA507RE-HN043WS 2022 Gaming,Asus TUF F15 FA507RE-HN043WS 2022 Gaming Laptop,amd ryzen 7 6800h,4 gb nvidia geforce rtx 3050 ti,16,512,15.6,2022,gamer,asus_asustuff15fa507re-hn043ws2022g_amdryzen76800h_16,Asus TUF F15 FA507RE-HN043WS Gaming
MSI,MSI GF63 Thin 10SC-848IN Gaming,MSI GF63 Thin 10SC-848IN Gaming Laptop,10th gen core i5,4 gb nvidia geforce gtx 1650,8,512,15.6,não identificado,gamer,msi_msigf63thin10sc-848ingaming_10thgencorei5_8,MSI GF63 Thin 10SC-848IN Gaming
Acer,Acer Nitro 5 AN515-46 Gaming,Acer Nitro 5 AN515-46 Gaming Laptop,amd ryzen 7 6800h,missing,16,1000,46,não identificado,gamer,acer_acernitro5an515-46gaming_amdryzen76800h_16,Acer Nitro 5 AN515-46 Gaming
Lenovo,Lenovo Legion 5 Pro 82RG009AIN,Lenovo Legion 5 Pro 82RG009AIN Laptop,amd ryzen 7 6800h,6 gb nvidia geforce rtx 3060,16,1000,16.0,não identificado,gamer,lenovo_lenovolegion5pro82rg009ain_amdryzen76800h_16,Lenovo Legion 5 Pro 82RG009AIN
HP,HP Omen 16-C0136AX,HP Omen 16-C0136AX Laptop,amd ryzen 5 5600h,4 gb nvidia geforce gtx 1650,8,512,16.1,não identificado,gamer,hp_hpomen16-c0136ax_amdryzen55600h_8,HP Omen 16-C0136AX
HP,HP Omen 17-ck1022TX Gaming,HP Omen 17-ck1022TX Gaming Laptop,12th gen core i7,8 gb nvidia geforce rtx 3070ti,32,1000,16.1,não identificado,gamer,hp_hpomen17-ck1022txgaming_12thgencorei7_32,HP Omen 17-ck1022TX Gaming
HP,HP Envy 16-h0026tx,HP Envy 16-h0026tx Laptop,12th gen core i9,6 gb nvidia geforce rtx 3060,32,1000,15.6,não identificado,gamer,hp_hpenvy16-h0026tx_12thgencorei9_32,HP Envy 16-h0026tx
HP,HP Envy 16-h0025tx,HP Envy 16-h0025tx Laptop,12th gen core i9,6 gb nvidia geforce rtx 3060,16,1000,16.0,não identificado,gamer,hp_hpenvy16-h0025tx_12thgencorei9_16,HP Envy 16-h0025tx
Lenovo,Lenovo Legion 5 Pro 82RG00EKIN,Lenovo Legion 5 Pro 82RG00EKIN Laptop,amd ryzen 7 6800h,8 gb nvidia geforce rtx 3070,32,1000,16.0,não identificado,gamer,lenovo_lenovolegion5pro82rg00ekin_amdryzen76800h_32,Lenovo Legion 5 Pro 82RG00EKIN
Gigabyte,Gigabyte Aero 5 XE4 OLED,Gigabyte Aero 5 XE4 OLED Laptop,12th gen core i7,8 gb nvidia geforce rtx 3070ti,16,1000,15.6,não identificado,gamer,gigabyte_gigabyteaero5xe4oled_12thgencorei7_16,Gigabyte Aero 5 XE4 OLED
MSI,MSI Creator M16 A11UC-669IN,MSI Creator M16 A11UC-669IN Laptop,11th gen core i7,4 gb nvidia geforce rtx3050,16,512,16.0,não identificado,gamer,msi_msicreatorm16a11uc-669in_11thgencorei7_16,MSI Creator M16 A11UC-669IN
Asus,Asus ROG Zephyrus G14 GA402RJZ-L4136WS Gaming,Asus ROG Zephyrus G14 GA402RJZ-L4136WS Gaming Laptop,amd ryzen 9 6900hs,8 gb amd radeon rx 6700s,16,1000,14.0,não identificado,gamer,asus_asusrogzephyrusg14ga402rjz-l41_amdryzen96900hs_16,Asus ROG Zephyrus G14 GA402RJZ-L4136WS Gaming
Asus,Asus ROG Flow X16 2022 GV601RM-M5053WS Gaming,Asus ROG Flow X16 2022 GV601RM-M5053WS Gaming Laptop,ryzen 7 6800hs,6 gb amd radeon radeon 680m,16,1000,16.0,2022,gamer,asus_asusrogflowx162022gv601rm-m505_ryzen76800hs_16,Asus ROG Flow X16 GV601RM-M5053WS Gaming
Asus,Asus ROG Flow X16 2022 GV601RM-M5039WS Gaming,Asus ROG Flow X16 2022 GV601RM-M5039WS Gaming Laptop,ryzen 9 6900hs,6 gb amd radeon radeon 680m,16,1000,16.0,2022,gamer,asus_asusrogflowx162022gv601rm-m503_ryzen96900hs_16,Asus ROG Flow X16 GV601RM-M5039WS Gaming
Lenovo,Lenovo Thinkpad T15P Gen 2 ‎21A7001LUS,Lenovo Thinkpad T15P Gen 2 ‎21A7001LUS Laptop,11th gen core i7,4 gb nvidia geforce gtx 1650,16,512,14.0,não identificado,gamer,lenovo_lenovothinkpadt15pgen2‎21a7001_11thgencorei7_16,Lenovo Thinkpad T15P Gen 2 ‎21A7001LUS
MSI,MSI Katana GF66 12UC-636IN Gaming,MSI Katana GF66 12UC-636IN Gaming Laptop,12th gen core i5,4 gb nvidia geforce rtx 3050,8,512,15.6,não identificado,gamer,msi_msikatanagf6612uc-636ingaming_12thgencorei5_8,MSI Katana GF66 12UC-636IN Gaming
MSI,MSI Gaming Katana GF76 11UC-848IN,MSI Gaming Katana GF76 11UC-848IN Laptop,11th gen core i7,4 gb nvidia rtx 3050,16,512,17.32,não identificado,gamer,msi_msigamingkatanagf7611uc-848in_11thgencorei7_16,MSI Gaming Katana GF76 11UC-848IN
MSI,MSI Gaming Katana GF76 11UD-849IN,MSI Gaming Katana GF76 11UD-849IN Laptop,11th gen core i7,4 gb nvidia rtx 3050 ti,16,512,17.32,não identificado,gamer,msi_msigamingkatanagf7611ud-849in_11thgencorei7_16,MSI Gaming Katana GF76 11UD-849IN
MSI,MSI Katana GF66 12UE-1001IN Gaming,MSI Katana GF66 12UE-1001IN Gaming Laptop,12th gen core i5,6 gb nvidia geforce rtx 3060,16,512,15.6,não identificado,gamer,msi_msikatanagf6612ue-1001ingaming_12thgencorei5_16,MSI Katana GF66 12UE-1001IN Gaming
MSI,MSI Gaming Katana GF66 12UE-1002IN,MSI Gaming Katana GF66 12UE-1002IN Laptop,12th gen core i7,6 gb nvidia geforce rtx 3060,16,1000,15.6,não identificado,gamer,msi_msigamingkatanagf6612ue-1002in_12thgencorei7_16,MSI Gaming Katana GF66 12UE-1002IN
Acer,Acer Swift X SFX14-41G,Acer Swift X SFX14-41G Laptop,ryzen 5 5600u,4 gb nvidia geforce rtx 3050,16,512,14.0,não identificado,gamer,acer_acerswiftxsfx14-41g_ryzen55600u_16,Acer Swift X SFX14-41G
Acer,Acer Swift X SFX14-41G,Acer Swift X SFX14-41G Laptop,amd ryzen 5 5600u,4 gb nvidia geforce rtx 3050,16,512,14.0,não identificado,gamer,acer_acerswiftxsfx14-41g_amdryzen55600u_16,Acer Swift X SFX14-41G
Asus,Asus TUF Gaming F15 FX566HCB-HN231T Gaming,Asus TUF Gaming F15 FX566HCB-HN231T Gaming Laptop,11th gen core i7,4 gb ‎nvidia geforce rtx 3050,8,1000,15.6,não identificado,gamer,asus_asustufgamingf15fx566hcb-hn231_11thgencorei7_8,Asus TUF Gaming F15 FX566HCB-HN231T Gaming
Asus,Asus ROG Flow X13 GV301RC-LJ073WS Gaming,Asus ROG Flow X13 GV301RC-LJ073WS Gaming Laptop,amd ryzen 9 6900hs,4 gb ‎nvidia geforce rtx 3050,32,1000,13.4,não identificado,gamer,asus_asusrogflowx13gv301rc-lj073wsg_amdryzen96900hs_32,Asus ROG Flow X13 GV301RC-LJ073WS Gaming
AGB,AGB Octev GA-9009 Gaming,AGB Octev GA-9009 Gaming Laptop,11th gen core i7,2 gb nvidia geforce mx450,16,1000,15.6,não identificado,gamer,agb_agboctevga-9009gaming_11thgencorei7_16,AGB Octev GA-9009 Gaming
Asus,Asus ROG Flow X13 GV301RE-LJ156WS Gaming,Asus ROG Flow X13 GV301RE-LJ156WS Gaming Laptop,amd ryzen 9 6900hs,4 gb ‎nvidia geforce rtx 3050 ti,32,1000,13.4,não identificado,gamer,asus_asusrogflowx13gv301re-lj156wsg_amdryzen96900hs_32,Asus ROG Flow X13 GV301RE-LJ156WS Gaming
Gigabyte,Gigabyte Aorus 5 SE4 Gaming,Gigabyte Aorus 5 SE4 Gaming Laptop,12th gen core i7,8 gb nvidia geforce rtx 3070,16,512,15.6,não identificado,gamer,gigabyte_gigabyteaorus5se4gaming_12thgencorei7_16,Gigabyte Aorus 5 SE4 Gaming
HP,HP Victus 15-fb0052AX Gaming,HP Victus 15-fb0052AX Gaming Laptop,amd ryzen 7 5800h,4 gb nvidia geforce rtx 3050,8,512,15.6,não identificado,gamer,hp_hpvictus15-fb0052axgaming_amdryzen75800h_8,HP Victus 15-fb0052AX Gaming
Lenovo,Lenovo 15ACH6 82JW00P5IN,Lenovo 15ACH6 82JW00P5IN Laptop,ryzen 5 5600h,4 gb nvidia geforce gtx 1650,16,512,15.6,não identificado,gamer,lenovo_lenovo15ach682jw00p5in_ryzen55600h_16,Lenovo 15ACH6 82JW00P5IN
Acer,Acer Nitro 5 AN515-45 NH.QCLSI.004 Gaming,Acer Nitro 5 AN515-45 NH.QCLSI.004 Gaming Laptop,amd ryzen 5 5600h,4 gb nvidia geforce rtx 3050,8,512,15.6,não identificado,gamer,acer_acernitro5an515-45nh.qclsi.004_amdryzen55600h_8,Acer Nitro 5 AN515-45 NH.QCLSI.004 Gaming
Gigabyte,Gigabyte Aero 5 KE4 OLED,Gigabyte Aero 5 KE4 OLED Laptop,12th gen core i7,6 gb nvidia geforce rtx 3060,16,1000,15.6,não identificado,gamer,gigabyte_gigabyteaero5ke4oled_12thgencorei7_16,Gigabyte Aero 5 KE4 OLED
Asus,Asus ROG Strix G17 2022 G713RW-KH110WS Gaming,Asus ROG Strix G17 2022 G713RW-KH110WS Gaming Laptop,amd ryzen 9 6900hx,8 gb nvidia geforce rtx 3070 ti,16,1000,17.3,2022,gamer,asus_asusrogstrixg172022g713rw-kh11_amdryzen96900hx_16,Asus ROG Strix G17 G713RW-KH110WS Gaming
MSI,MSI Crosshair 15 B12UGZ-1012IN Gaming,MSI Crosshair 15 B12UGZ-1012IN Gaming Laptop,12th gen core i7,8 gb nvidia geforce rtx 3070,16,1000,15.6,não identificado,gamer,msi_msicrosshair15b12ugz-1012ingam_12thgencorei7_16,MSI Crosshair 15 B12UGZ-1012IN Gaming
MSI,MSI Crosshair 15 B12UEZ-897IN Gaming,MSI Crosshair 15 B12UEZ-897IN Gaming Laptop,12th gen core i7,6 gb nvidia geforce rtx 3060,16,512,15.6,não identificado,gamer,msi_msicrosshair15b12uez-897ingami_12thgencorei7_16,MSI Crosshair 15 B12UEZ-897IN Gaming
Lenovo,Lenovo Legion 5 82JU00SYIN,Lenovo Legion 5 82JU00SYIN Laptop,amd ryzen 7 5800h,6 gb nvidia geforce rtx 3060,16,1000,16.0,não identificado,gamer,lenovo_lenovolegion582ju00syin_amdryzen75800h_16,Lenovo Legion 5 82JU00SYIN
MSI,MSI Raider GE77HX 12UHS-205IN Gaming,MSI Raider GE77HX 12UHS-205IN Gaming Laptop,12th gen core i9,16 gb nvidia geforce rtx 3080 ti,32,2000,17.3,não identificado,gamer,msi_msiraiderge77hx12uhs-205ingami_12thgencorei9_32,MSI Raider GE77HX 12UHS-205IN Gaming
MSI,MSI Vector GP76 12UGSO-868IN Gaming,MSI Vector GP76 12UGSO-868IN Gaming Laptop,12th gen core i7,8 gb nvidia geforce rtx 3070 ti,16,1000,17.3,não identificado,gamer,msi_msivectorgp7612ugso-868ingamin_12thgencorei7_16,MSI Vector GP76 12UGSO-868IN Gaming
MSI,MSI Creator M16 A12UD-633IN,MSI Creator M16 A12UD-633IN Laptop,12th gen core i7,4 gb nvidia geforce rtx 3050 ti,16,512,16.0,não identificado,gamer,msi_msicreatorm16a12ud-633in_12thgencorei7_16,MSI Creator M16 A12UD-633IN
MSI,MSI Creator Pro M16 A12UIS-634IN Gaming,MSI Creator Pro M16 A12UIS-634IN Gaming Laptop,12th gen core i7,4 gb nvidia geforce rtx a1000,16,1000,16.0,não identificado,gamer,msi_msicreatorprom16a12uis-634inga_12thgencorei7_16,MSI Creator Pro M16 A12UIS-634IN Gaming
MSI,MSI Thin GF63 11SC-1046IN Gaming,MSI Thin GF63 11SC-1046IN Gaming Laptop,11th gen core i5,4 gb nvidia geforce gtx 1650 max-q,8,512,15.6,não identificado,gamer,msi_msithingf6311sc-1046ingaming_11thgencorei5_8,MSI Thin GF63 11SC-1046IN Gaming
Asus,Asus ROG Strix Scar 17 SE G733CX-LL012WS Gaming,Asus ROG Strix Scar 17 SE G733CX-LL012WS Gaming Laptop,12th gen core i9,16 gb nvidia geforce rtx 3080ti,32,4000,17.3,não identificado,gamer,asus_asusrogstrixscar17seg733cx-ll0_12thgencorei9_32,Asus ROG Strix Scar 17 SE G733CX-LL012WS Gaming
MSI,MSI Gaming Katana GF66 12UE-262IN,MSI Gaming Katana GF66 12UE-262IN Laptop,12th gen core i7,6 gb nvidia geforce rtx 3060,16,1000,15.6,não identificado,gamer,msi_msigamingkatanagf6612ue-262in_12thgencorei7_16,MSI Gaming Katana GF66 12UE-262IN
Asus,Asus ROG Strix Scar 15 G533ZXZ-LN116WS Gaming,Asus ROG Strix Scar 15 G533ZXZ-LN116WS Gaming Laptop,12th gen core i9,16 gb nvidia geforce rtx 3080 ti,32,1000,15.6,não identificado,gamer,asus_asusrogstrixscar15g533zxz-ln11_12thgencorei9_32,Asus ROG Strix Scar 15 G533ZXZ-LN116WS Gaming
MSI,MSI Katana GF76 11UE-485IN,MSI Katana GF76 11UE-485IN Laptop,11th gen core i7,6 gb nvidia rtx 3060,16,512,17.32,não identificado,gamer,msi_msikatanagf7611ue-485in_11thgencorei7_16,MSI Katana GF76 11UE-485IN
MSI,MSI Delta 15 A5EFK-201IN Gaming,MSI Delta 15 A5EFK-201IN Gaming Laptop,amd ryzen 7 5800h,10 gb amd radeon rx 6700m,16,1000,15.6,não identificado,gamer,msi_msidelta15a5efk-201ingaming_amdryzen75800h_16,MSI Delta 15 A5EFK-201IN Gaming
Asus,Asus VivoBook Pro 15 OLED K6500ZC-L502WS,Asus VivoBook Pro 15 OLED K6500ZC-L502WS Laptop,12th gen core i5,4 gb nvidia geforce rtx 3050,16,512,15.6,não identificado,gamer,asus_asusvivobookpro15oledk6500zc-l_12thgencorei5_16,Asus VivoBook Pro 15 OLED K6500ZC-L502WS
Lenovo,Lenovo Legion 5 15ACH6 82JU018YIN Gaming,Lenovo Legion 5 15ACH6 82JU018YIN Gaming Laptop,ryzen 7 5800h,6 gb nvidia geforce rtx 3060,16,512,15.6,não identificado,gamer,lenovo_lenovolegion515ach682ju018ying_ryzen75800h_16,Lenovo Legion 5 15ACH6 82JU018YIN Gaming
Acer,Acer Nitro 5 AN515-45 Gaming,Acer Nitro 5 AN515-45 Gaming Laptop,amd ryzen 5 5600h,4 gb nvidia geforce gtx 1650,8,512,15.6,não identificado,gamer,acer_acernitro5an515-45gaming_amdryzen55600h_8,Acer Nitro 5 AN515-45 Gaming
Asus,Asus VivoBook Pro 15 OLED K6500ZE-L501WS,Asus VivoBook Pro 15 OLED K6500ZE-L501WS Laptop,12th gen core i5,4 gb nvidia geforce rtx 3050ti,16,512,15.6,não identificado,gamer,asus_asusvivobookpro15oledk6500ze-l_12thgencorei5_16,Asus VivoBook Pro 15 OLED K6500ZE-L501WS
Dell,Dell G15-5521 SE D560738,Dell G15-5521 SE D560738WIN9B Laptop,12th gen core i7,6 gb nvidia geforce rtx 3060,16,1000,15.6,não identificado,gamer,dell_dellg15-5521sed560738_12thgencorei7_16,Dell G15-5521 SE D560738WIN9B
Gigabyte,Gigabyte Aorus 15 XE5 Gaming,Gigabyte Aorus 15 XE5 Gaming Laptop,12th gen core i7,8 gb nvidia geforce rtx 3070ti,16,1000,15.6,não identificado,gamer,gigabyte_gigabyteaorus15xe5gaming_12thgencorei7_16,Gigabyte Aorus 15 XE5 Gaming
Asus,Asus ROG Strix G17 G713RM-KH168W Gaming,Asus ROG Strix G17 G713RM-KH168W Gaming Laptop,amd ryzen 7 6800h,6 gb nvidia geforce rtx 3060,16,1000,17.3,não identificado,gamer,asus_asusrogstrixg17g713rm-kh168wga_amdryzen76800h_16,Asus ROG Strix G17 G713RM-KH168W Gaming
Gigabyte,Gigabyte Aorus 15 XE4 Gaming,Gigabyte Aorus 15 XE4 Gaming Laptop,12th gen core i7,8 gb nvidia geforce rtx 3070ti,16,1000,15.6,não identificado,gamer,gigabyte_gigabyteaorus15xe4gaming_12thgencorei7_16,Gigabyte Aorus 15 XE4 Gaming
HP,HP Victus 15-fb0053AX Gaming,HP Victus 15-fb0053AX Gaming Laptop,ryzen 7-5800h,4 gb nvidia geforce rtx 3050,16,512,16.1,não identificado,gamer,hp_hpvictus15-fb0053axgaming_ryzen7-5800h_16,HP Victus 15-fb0053AX Gaming
Acer,Acer Nitro AN515-57 Gaming,Acer Nitro AN515-57 Gaming Laptop,11th gen core i7,4 gb nvidia geforce rtx 3050 ti,16,512,15.6,não identificado,gamer,acer_acernitroan515-57gaming_11thgencorei7_16,Acer Nitro AN515-57 Gaming
Acer,Acer Nitro 5 AN515-58 Gaming,Acer Nitro 5 AN515-58 Gaming Laptop,12th gen core i5,4 gb nvidia geforce rtx 3050,16,512,15.6,não identificado,gamer,acer_acernitro5an515-58gaming_12thgencorei5_16,Acer Nitro 5 AN515-58 Gaming
Acer,Acer Nitro AN515-57 UN.QEHSI.003 Gaming,Acer Nitro AN515-57 UN.QEHSI.003 Gaming Laptop,intel core i5,4 gb nvidia geforce gtx 1650,16,512,15.6,não identificado,gamer,acer_acernitroan515-57un.qehsi.003g_intelcorei5_16,Acer Nitro AN515-57 UN.QEHSI.003 Gaming
Asus,Asus ROG Zephyrus G15 2022 GA503RM-HQ030WS Gaming,Asus ROG Zephyrus G15 2022 GA503RM-HQ030WS Gaming Laptop,amd ryzen 9 6900hs,6 gb nvidia geforce rtx 3060,16,1000,15.6,2022,gamer,asus_asusrogzephyrusg152022ga503rm-_amdryzen96900hs_16,Asus ROG Zephyrus G15 GA503RM-HQ030WS Gaming
Asus,Asus ProArt StudioBook Pro 16 H7600ZM-L901WS,Asus ProArt StudioBook Pro 16 H7600ZM-L901WS Laptop,12th gen core i9,6 gb nvidia geforce rtx 3060,16,1000,16.0,não identificado,gamer,asus_asusproartstudiobookpro16h7600_12thgencorei9_16,Asus ProArt StudioBook Pro 16 H7600ZM-L901WS
Asus,Asus ROG Zephyrus G15 GA503RM-LN095WS Gaming,Asus ROG Zephyrus G15 GA503RM-LN095WS Gaming Laptop,amd ryzen 9 6900hs,6 gb nvidia geforce rtx 3060,16,1000,15.6,não identificado,gamer,asus_asusrogzephyrusg15ga503rm-ln09_amdryzen96900hs_16,Asus ROG Zephyrus G15 GA503RM-LN095WS Gaming
Asus,Asus ProArt StudioBook Pro 16 H7600ZW-L711WS,Asus ProArt StudioBook Pro 16 H7600ZW-L711WS Laptop,12th gen core i7,8 gb nvidia geforce rtx 3070 ti,32,1000,16.0,não identificado,gamer,asus_asusproartstudiobookpro16h7600_12thgencorei7_32,Asus ProArt StudioBook Pro 16 H7600ZW-L711WS
MSI,MSI Stealth GS77 12UGS Gaming,MSI Stealth GS77 12UGS Gaming Laptop,12th gen core i7,8 gb nvidia geforce rtx 3070ti,32,2000,17.3,não identificado,gamer,msi_msistealthgs7712ugsgaming_12thgencorei7_32,MSI Stealth GS77 12UGS Gaming
Asus,Asus ProArt StudioBook Pro 16 OLED H7600ZW-L911W,Asus ProArt StudioBook Pro 16 OLED H7600ZW-L911W Laptop,12th gen core i9,8 gb nvidia geforce rtx 3070,32,1000,16.0,não identificado,gamer,asus_asusproartstudiobookpro16oledh_12thgencorei9_32,Asus ProArt StudioBook Pro 16 OLED H7600ZW-L911W
Gigabyte,Gigabyte Aorus 5 KE4 Gaming,Gigabyte Aorus 5 KE4 Gaming Laptop,12th gen core i7,6 gb nvidia geforce rtx 3060,16,1000,15.6,não identificado,gamer,gigabyte_gigabyteaorus5ke4gaming_12thgencorei7_16,Gigabyte Aorus 5 KE4 Gaming
Lenovo,Lenovo IdeaPad Gaming 3 15ACH6 82K201Y8IN,Lenovo IdeaPad Gaming 3 15ACH6 82K201Y8IN Laptop,amd ryzen 7-5800h,4 gb nvidia geforce rtx 3050,8,512,15.6,não identificado,gamer,lenovo_lenovoideapadgaming315ach682k2_amdryzen7-5800h_8,Lenovo IdeaPad Gaming 3 15ACH6 82K201Y8IN
MSI,MSI Vector GP66 12UGSO-623IN Gaming,MSI Vector GP66 12UGSO-623IN Gaming Laptop,12th gen core i7,8 gb nvidia geforce rtx 3070ti,16,1000,15.6,não identificado,gamer,msi_msivectorgp6612ugso-623ingamin_12thgencorei7_16,MSI Vector GP66 12UGSO-623IN Gaming
MSI,MSI Vector GP66 GP76-12UGSO Gaming,MSI Vector GP66 GP76-12UGSO Gaming Laptop,12th gen core i7,8 gb nvidia geforce rtx 3070ti,16,1000,17.3,não identificado,gamer,msi_msivectorgp66gp76-12ugsogaming_12thgencorei7_16,MSI Vector GP66 GP76-12UGSO Gaming
Asus,Asus ZenBook Pro Duo 14 OLED UX8402ZE-LM921WS,Asus ZenBook Pro Duo 14 OLED UX8402ZE-LM921WS Laptop,12th gen core i9,4 gb nvidia geforce rtx 3050 ti,32,1000,14.5,não identificado,gamer,asus_asuszenbookproduo14oledux8402z_12thgencorei9_32,Asus ZenBook Pro Duo 14 OLED UX8402ZE-LM921WS
Asus,Asus TUF Gaming A15 2022 FA577RM-HF031WS Gaming,Asus TUF Gaming A15 2022 FA577RM-HF031WS Gaming Laptop,amd ryzen 7 6800h,6 gb nvidia geforce rtx 3060,16,1000,15.6,2022,gamer,asus_asustufgaminga152022fa577rm-hf_amdryzen76800h_16,Asus TUF Gaming A15 FA577RM-HF031WS Gaming
Dell,Dell Alienware x15 R2 D569941,Dell Alienware x15 R2 D569941WIN9 Gaming Laptop,12th gen core i7,8 gb nvidia geforce rtx 3070 ti,32,1000,15.6,não identificado,gamer,dell_dellalienwarex15r2d569941_12thgencorei7_32,Dell Alienware x15 R2 D569941WIN9 Gaming
HP,HP Victus 15-fa0353TX,HP Victus 15-fa0353TX Laptop,12th gen core i7,4 gb nvidia geforce rtx 3050,16,512,15.6,não identificado,gamer,hp_hpvictus15-fa0353tx_12thgencorei7_16,HP Victus 15-fa0353TX
Lenovo,Lenovo IdeaPad Gaming 3 82K201YCIN,Lenovo IdeaPad Gaming 3 82K201YCIN Laptop,amd ryzen 5-5600h,4 gb nvidia geforce gtx 1650,8,512,15.6,não identificado,gamer,lenovo_lenovoideapadgaming382k201ycin_amdryzen5-5600h_8,Lenovo IdeaPad Gaming 3 82K201YCIN
Asus,Asus ROG Strix G15 2022 G513RW-HQ149WS Gaming,Asus ROG Strix G15 2022 G513RW-HQ149WS Gaming Laptop,amd ryzen 9 6900hx,8 gb nvidia geforce rtx 3070 ti,16,1000,15.6,2022,gamer,asus_asusrogstrixg152022g513rw-hq14_amdryzen96900hx_16,Asus ROG Strix G15 G513RW-HQ149WS Gaming
Asus,Asus ROG Strix G15 2022 G513RS-HQ024WS Gaming,Asus ROG Strix G15 2022 G513RS-HQ024WS Gaming Laptop,amd ryzen 9 6900hx,8 gb nvidia geforce rtx 3080,16,1000,15.6,2022,gamer,asus_asusrogstrixg152022g513rs-hq02_amdryzen96900hx_16,Asus ROG Strix G15 G513RS-HQ024WS Gaming
Acer,Acer Nitro 5 AN515-58,Acer Nitro 5 AN515-58 Laptop,12th gen core i7,6 gb nvidia geforce rtx 3060,16,1000,15.6,não identificado,gamer,acer_acernitro5an515-58_12thgencorei7_16,Acer Nitro 5 AN515-58
Dell,Dell Alienware X17 R2 D569943,Dell Alienware X17 R2 D569943WIN9 Gaming Laptop,12th gen core i7,8 gb nvidia geforce rtx 3070 ti,32,1000,17.3,não identificado,gamer,dell_dellalienwarex17r2d569943_12thgencorei7_32,Dell Alienware X17 R2 D569943WIN9 Gaming
Asus,Asus TUF Gaming A17 FA706IHR-HX031W Gaming,Asus TUF Gaming A17 FA706IHR-HX031W Gaming Laptop,amd ryzen 5 4600h,4 gb nvidia geforce gtx 1650,8,512,17.3,não identificado,gamer,asus_asustufgaminga17fa706ihr-hx031_amdryzen54600h_8,Asus TUF Gaming A17 FA706IHR-HX031W Gaming
Asus,Asus ROG Strix G15 2022 G513RW-HQ137WS Gaming,Asus ROG Strix G15 2022 G513RW-HQ137WS Gaming Laptop,amd ryzen 9 6900hx,8 gb nvidia geforce rtx 3070 ti,16,1000,15.6,2022,gamer,asus_asusrogstrixg152022g513rw-hq13_amdryzen96900hx_16,Asus ROG Strix G15 G513RW-HQ137WS Gaming
Asus,Asus ROG Strix G15 G513RM-HF328WS Gaming,Asus ROG Strix G15 G513RM-HF328WS Gaming Laptop,ryzen 7 6800h,6 gb nvidia geforce rtx 3060,16,1000,15.6,não identificado,gamer,asus_asusrogstrixg15g513rm-hf328wsg_ryzen76800h_16,Asus ROG Strix G15 G513RM-HF328WS Gaming
HP,HP Victus 15-fa0351TX,HP Victus 15-fa0351TX Laptop,12th gen core i7,4 gb nvidia geforce rtx 3050,8,512,15.6,não identificado,gamer,hp_hpvictus15-fa0351tx_12thgencorei7_8,HP Victus 15-fa0351TX
Asus,Asus ROG Zephyrus M16 GU603ZM-K8034WS,Asus ROG Zephyrus M16 GU603ZM-K8034WS Laptop,12th gen core i7,6 gb ‎nvidia geforce rtx 3060,16,512,16.0,não identificado,gamer,asus_asusrogzephyrusm16gu603zm-k803_12thgencorei7_16,Asus ROG Zephyrus M16 GU603ZM-K8034WS
Asus,Asus TUF Gaming F15 FX506HC-HN119W Gaming,Asus TUF Gaming F15 FX506HC-HN119W Gaming Laptop,11th gen core i5,4 gb nvidia geforce rtx 3050,8,1000,15.6,não identificado,gamer,asus_asustufgamingf15fx506hc-hn119w_11thgencorei5_8,Asus TUF Gaming F15 FX506HC-HN119W Gaming
Asus,Asus ROG Strix G15 G513QR-HF302WS Gaming,Asus ROG Strix G15 G513QR-HF302WS Gaming Laptop,ryzen 7 5800h,8 gb nvidia geforce rtx 3070,16,1000,15.6,não identificado,gamer,asus_asusrogstrixg15g513qr-hf302wsg_ryzen75800h_16,Asus ROG Strix G15 G513QR-HF302WS Gaming
Acer,Acer Aspire 7 A715-42G UN.QAYSI.006 Gaming,Acer Aspire 7 A715-42G UN.QAYSI.006 Gaming Laptop,amd ryzen 5-5500u,4 gb nvidia geforce gtx 1650,16,512,15.6,não identificado,gamer,acer_aceraspire7a715-42gun.qaysi.00_amdryzen5-5500u_16,Acer Aspire 7 A715-42G UN.QAYSI.006 Gaming
Lenovo,Lenovo Ideapad Gaming 3 82K201UMIN,Lenovo Ideapad Gaming 3 82K201UMIN Laptop,ryzen 7 5800h,4 gb nvidia geforce rtx 3050,16,512,15.6,não identificado,gamer,lenovo_lenovoideapadgaming382k201umin_ryzen75800h_16,Lenovo Ideapad Gaming 3 82K201UMIN
Asus,Asus Vivobook Pro 15 M3500QC-L901WS Gaming,Asus Vivobook Pro 15 M3500QC-L901WS Gaming Laptop,ryzen 9 5900hx,4 gb nvidia geforce rtx rtx 3050,16,1000,15.6,não identificado,gamer,asus_asusvivobookpro15m3500qc-l901w_ryzen95900hx_16,Asus Vivobook Pro 15 M3500QC-L901WS Gaming
Lenovo,Lenovo IdeaPad Gaming 3 82K101A4IN,Lenovo IdeaPad Gaming 3 82K101A4IN Laptop,11th gen core i5,4 gb nvidia geforce gtx 1650,8,512,15.6,não identificado,gamer,lenovo_lenovoideapadgaming382k101a4in_11thgencorei5_8,Lenovo IdeaPad Gaming 3 82K101A4IN
Dell,Dell Alienware M15 ICC-C780002,Dell Alienware M15 ICC-C780002WIN8 Laptop,amd ryzen 7-5800h,4 gb nvidia geforce rtx 3050ti,16,512,15.6,não identificado,gamer,dell_dellalienwarem15icc-c780002_amdryzen7-5800h_16,Dell Alienware M15 ICC-C780002WIN8
Lenovo,Lenovo IdeaPad Gaming 3 82K1019AIN,Lenovo IdeaPad Gaming 3 82K1019AIN Laptop,11th gen core i5,4 gb nvidia geforce rtx 3050,8,256,15.6,não identificado,gamer,lenovo_lenovoideapadgaming382k1019ain_11thgencorei5_8,Lenovo IdeaPad Gaming 3 82K1019AIN
HP,HP Victus 15-fa0073TX,HP Victus 15-fa0073TX Laptop,12th gen core i7,4 gb nvidia geforce rtx 3050,8,512,15.6,não identificado,gamer,hp_hpvictus15-fa0073tx_12thgencorei7_8,HP Victus 15-fa0073TX
Lenovo,Lenovo IdeaPad Gaming 3 15ACH6 82K201UXIN,Lenovo IdeaPad Gaming 3 15ACH6 82K201UXIN Laptop,ryzen 7 5800h,6 gb nvidia geforce rtx 3060,16,512,15.6,não identificado,gamer,lenovo_lenovoideapadgaming315ach682k2_ryzen75800h_16,Lenovo IdeaPad Gaming 3 15ACH6 82K201UXIN
Asus,Asus TUF Gaming F15 FX506HC-HN362WS Gaming,Asus TUF Gaming F15 FX506HC-HN362WS Gaming Laptop,11th gen core i5,4 gb nvidia geforce rtx 3050,16,512,15.6,não identificado,gamer,asus_asustufgamingf15fx506hc-hn362w_11thgencorei5_16,Asus TUF Gaming F15 FX506HC-HN362WS Gaming
Acer,Acer Aspire 7 A715-5G UN.QGBSI.002 Gaming,Acer Aspire 7 A715-5G UN.QGBSI.002 Gaming Laptop,12th gen core i5,4 gb nvidia geforce gtx 1650,16,512,15.6,não identificado,gamer,acer_aceraspire7a715-5gun.qgbsi.002_12thgencorei5_16,Acer Aspire 7 A715-5G UN.QGBSI.002 Gaming
Asus,Asus TUF Gaming F15 FX506LHB-HN357W Gaming,Asus TUF Gaming F15 FX506LHB-HN357W Gaming Laptop,10th gen core i5,4 gb nvidia geforce gtx gtx-1650,8,1000,15.6,não identificado,gamer,asus_asustufgamingf15fx506lhb-hn357_10thgencorei5_8,Asus TUF Gaming F15 FX506LHB-HN357W Gaming
Asus,Asus ROG Flow X13 GV301RC-LJ022WS Gaming,Asus ROG Flow X13 GV301RC-LJ022WS Gaming Laptop,amd ryzen 7 6800hs,amd radeon amd,16,1000,13.4,não identificado,gamer,asus_asusrogflowx13gv301rc-lj022wsg_amdryzen76800hs_16,Asus ROG Flow X13 GV301RC-LJ022WS Gaming
Asus,Asus ROG Zephyrus G14 2022 GA402RK-L8148WS Gaming,Asus ROG Zephyrus G14 2022 GA402RK-L8148WS Gaming Laptop,amd ryzen 9 6900hs,8 gb amd radeon rx 6800s,32,1000,14.0,2022,gamer,asus_asusrogzephyrusg142022ga402rk-_amdryzen96900hs_32,Asus ROG Zephyrus G14 GA402RK-L8148WS Gaming
Asus,Asus ROG Flow X13 GV301RE-LJ199WS Gaming,Asus ROG Flow X13 GV301RE-LJ199WS Gaming Laptop,amd ryzen 7 6800hs,4 gb nvidia geforce rtx 3050 ti,32,1000,13.4,não identificado,gamer,asus_asusrogflowx13gv301re-lj199wsg_amdryzen76800hs_32,Asus ROG Flow X13 GV301RE-LJ199WS Gaming
Asus,Asus ROG Flow X13 GV301RE-LI201WS Gaming,Asus ROG Flow X13 GV301RE-LI201WS Gaming Laptop,amd ryzen 7 6800hs,4 gb nvidia geforce rtx 3050 ti,32,1000,13.4,não identificado,gamer,asus_asusrogflowx13gv301re-li201wsg_amdryzen76800hs_32,Asus ROG Flow X13 GV301RE-LI201WS Gaming
Asus,Asus ROG Zephyrus G15 2022 GA503RM-LN143WS Gaming,Asus ROG Zephyrus G15 2022 GA503RM-LN143WS Gaming Laptop,amd ryzen 7 6800hs,6 gb nvidia geforce rtx 3060,16,1000,15.6,2022,gamer,asus_asusrogzephyrusg152022ga503rm-_amdryzen76800hs_16,Asus ROG Zephyrus G15 GA503RM-LN143WS Gaming
Asus,Asus ROG Zephyrus Duo 16 2022 GX650RXZ-LB226WS Gaming,Asus ROG Zephyrus Duo 16 2022 GX650RXZ-LB226WS Gaming Laptop,amd 9 6900hx,16 gb nvidia geforce rtx 3080 ti,32,2000,16.0,2022,gamer,asus_asusrogzephyrusduo162022gx650r_amd96900hx_32,Asus ROG Zephyrus Duo 16 GX650RXZ-LB226WS Gaming
Asus,Asus ROG Zephyrus G15 2022 GA503RS-HQ027WS Gaming,Asus ROG Zephyrus G15 2022 GA503RS-HQ027WS Gaming Laptop,amd ryzen 9 6900hs,8 gb nvidia geforce rtx 3080,16,1000,15.6,2022,gamer,asus_asusrogzephyrusg152022ga503rs-_amdryzen96900hs_16,Asus ROG Zephyrus G15 GA503RS-HQ027WS Gaming
Asus,Asus ROG Zephyrus G14 GA402RJ-L8182WS Gaming,Asus ROG Zephyrus G14 GA402RJ-L8182WS Gaming Laptop,amd ryzen 7 6800hs,8 gb amd radeon rx 6700s,16,1000,14.0,não identificado,gamer,asus_asusrogzephyrusg14ga402rj-l818_amdryzen76800hs_16,Asus ROG Zephyrus G14 GA402RJ-L8182WS Gaming
Asus,Asus ROG Flow X16 2022 GV601RE-M6012WS Gaming,Asus ROG Flow X16 2022 GV601RE-M6012WS Gaming Laptop,ryzen 7 6800hs,4 gb nvidia geforce rtx 3050 ti,16,1000,16.0,2022,gamer,asus_asusrogflowx162022gv601re-m601_ryzen76800hs_16,Asus ROG Flow X16 GV601RE-M6012WS Gaming
Asus,Asus ROG Zephyrus Duo 16 GX650RMZ-LS019WS Gaming,Asus ROG Zephyrus Duo 16 GX650RMZ-LS019WS Gaming Laptop,amd ryzen 7 6800h,6 gb nvidia geforce rtx 3060,32,2000,16.0,não identificado,gamer,asus_asusrogzephyrusduo16gx650rmz-l_amdryzen76800h_32,Asus ROG Zephyrus Duo 16 GX650RMZ-LS019WS Gaming
Asus,Asus ROG Zephyrus G15 2022 GA503RW-LN067WS Gaming,Asus ROG Zephyrus G15 2022 GA503RW-LN067WS Gaming Laptop,amd ryzen 9 6900hs,8 gb nvidia geforce rtx 3070,16,1000,15.6,2022,gamer,asus_asusrogzephyrusg152022ga503rw-_amdryzen96900hs_16,Asus ROG Zephyrus G15 GA503RW-LN067WS Gaming
Asus,Asus ROG Flow X16 2022 GV601RM-M6054WS Gaming,Asus ROG Flow X16 2022 GV601RM-M6054WS Gaming Laptop,ryzen 7 6800hs,6 gb nvidia geforce rtx 3060,16,1000,16.0,2022,gamer,asus_asusrogflowx162022gv601rm-m605_ryzen76800hs_16,Asus ROG Flow X16 GV601RM-M6054WS Gaming
Asus,Asus ROG Flow X13 GV301RA-LJ031WS Gaming,Asus ROG Flow X13 GV301RA-LJ031WS Gaming Laptop,amd ryzen 7 6800hs,amd radeon amd,16,1000,13.4,não identificado,gamer,asus_asusrogflowx13gv301ra-lj031wsg_amdryzen76800hs_16,Asus ROG Flow X13 GV301RA-LJ031WS Gaming
Asus,Asus ROG Zephyrus G15 GA503RW-LN066WS Gaming,Asus ROG Zephyrus G15 GA503RW-LN066WS Gaming Laptop,amd ryzen 9 6900hs,8 gb nvidia geforce rtx 3070ti,16,1000,15.6,não identificado,gamer,asus_asusrogzephyrusg15ga503rw-ln06_amdryzen96900hs_16,Asus ROG Zephyrus G15 GA503RW-LN066WS Gaming
Asus,Asus TUF Gaming A17 FA706IC-HX036W,Asus TUF Gaming A17 FA706IC-HX036W Laptop,ryzen 7 4800h,4 gb nvidia geforce rtx rtx 3050,8,512,17.3,não identificado,gamer,asus_asustufgaminga17fa706ic-hx036w_ryzen74800h_8,Asus TUF Gaming A17 FA706IC-HX036W
Lenovo,Lenovo Legion 5 Pro 82JD005LIN Gaming,Lenovo Legion 5 Pro 82JD005LIN Gaming Laptop,11th gen core i7,8 gb nvidia geforce rtx 3070,32,1000,16.0,não identificado,gamer,lenovo_lenovolegion5pro82jd005lingami_11thgencorei7_32,Lenovo Legion 5 Pro 82JD005LIN Gaming
MSI,MSI GF75 Thin 10SC-611IN,MSI GF75 Thin 10SC-611IN Laptop,10th gen core i5,4 gb nvidia gtx1650 maxq,8,256,15.6,não identificado,gamer,msi_msigf75thin10sc-611in_10thgencorei5_8,MSI GF75 Thin 10SC-611IN
Lenovo,Lenovo IdeaPad Gaming 3 82K101EEIN,Lenovo IdeaPad Gaming 3 82K101EEIN Laptop,11th gen core i5,4 gb nvidia geforce rtx 3050,8,512,15.6,não identificado,gamer,lenovo_lenovoideapadgaming382k101eein_11thgencorei5_8,Lenovo IdeaPad Gaming 3 82K101EEIN
HP,HP Victus 15-fb0051AX Gaming,HP Victus 15-fb0051AX Gaming Laptop,ryzen 5-5600h,4 gb nvidia geforce rtx 3050 ti,8,512,15.6,não identificado,gamer,hp_hpvictus15-fb0051axgaming_ryzen5-5600h_8,HP Victus 15-fb0051AX Gaming
Dell,Dell XPS 15 9520,Dell XPS 15 9520 Laptop,12th gen core i7,4 gb nvidia geforce rtx 3050 ti,16,512,15.6,não identificado,gamer,dell_dellxps159520_12thgencorei7_16,Dell XPS 15 9520
Asus,Asus TUF Gaming A17 FA706IC-HX055W,Asus TUF Gaming A17 FA706IC-HX055W Laptop,ryzen 7 4800h,4 gb nvidia geforce rtx 3050,8,1000,17.3,não identificado,gamer,asus_asustufgaminga17fa706ic-hx055w_ryzen74800h_8,Asus TUF Gaming A17 FA706IC-HX055W
HP,HP Victus 16-E0301Ax Gaming,HP Victus 16-E0301Ax Gaming Laptop,ryzen 5 5600h,4 gb nvidia geforce gtx 1650,8,512,16.1,não identificado,gamer,hp_hpvictus16-e0301axgaming_ryzen55600h_8,HP Victus 16-E0301Ax Gaming
Asus,Asus TUF Gaming F15 FX506HC-HN089WS Gaming,Asus TUF Gaming F15 FX506HC-HN089WS Gaming Laptop,11th gen core i5,4 gb nvidia geforce rtx 3050,8,512,15.6,não identificado,gamer,asus_asustufgamingf15fx506hc-hn089w_11thgencorei5_8,Asus TUF Gaming F15 FX506HC-HN089WS Gaming
MSI,MSI Stealth 15M B12UE Gaming,MSI Stealth 15M B12UE Gaming Laptop,12th gen core i7,6 gb nvidia geforce rtx 3060,16,1000,15.6,não identificado,gamer,msi_msistealth15mb12uegaming_12thgencorei7_16,MSI Stealth 15M B12UE Gaming
Asus,Asus ROG Strix G17 2022 G713RW-LL133WS Gaming,Asus ROG Strix G17 2022 G713RW-LL133WS Gaming Laptop,amd ryzen 9 6900hx,4 gb nvidia geforce rtx 3050,16,1000,17.3,2022,gamer,asus_asusrogstrixg172022g713rw-ll13_amdryzen96900hx_16,Asus ROG Strix G17 G713RW-LL133WS Gaming
Asus,Asus TUF Gaming A15 FA506ICB-HN075W,Asus TUF Gaming A15 FA506ICB-HN075W Laptop,ryzen 7 4800h,4 gb nvidia geforce rtx3050,16,512,15.6,não identificado,gamer,asus_asustufgaminga15fa506icb-hn075_ryzen74800h_16,Asus TUF Gaming A15 FA506ICB-HN075W
Dell,Dell G15-5525 Gaming,Dell G15-5525 Gaming Laptop,ryzen 7 6800h,6 gb nvidia geforce rtx 3060,16,512,15.6,não identificado,gamer,dell_dellg15-5525gaming_ryzen76800h_16,Dell G15-5525 Gaming
Dell,Dell G15-5525 Gaming,Dell G15-5525 Gaming Laptop,ryzen 5 6600h,4 gb nvidia geforce rtx 3050,8,512,15.6,não identificado,gamer,dell_dellg15-5525gaming_ryzen56600h_8,Dell G15-5525 Gaming
MSI,MSI Crosshair 15 B12UEZ-037IN Gaming,MSI Crosshair 15 B12UEZ-037IN Gaming Laptop,12th gen core i7,6 gb nvidia geforce rtx 3060,16,1000,15.6,não identificado,gamer,msi_msicrosshair15b12uez-037ingami_12thgencorei7_16,MSI Crosshair 15 B12UEZ-037IN Gaming
MSI,MSI Gaming Raider GE66 12UHS-218IN Gaming,MSI Gaming Raider GE66 12UHS-218IN Gaming Laptop,12th gen core i7,16 gb nvidia geforce rtx rtx 3080 ti,32,2000,17.3,não identificado,gamer,msi_msigamingraiderge6612uhs-218in_12thgencorei7_32,MSI Gaming Raider GE66 12UHS-218IN Gaming
Dell,Dell G15-5525,Dell  G15-5525 Laptop,ryzen 7 6800h,4 gb nvidia geforce rtx 3050 ti,16,512,15.6,não identificado,gamer,dell_dellg15-5525_ryzen76800h_16,Dell G15-5525
Dell,Dell G15-5525 Gaming,Dell G15-5525 Gaming Laptop,ryzen 5 6600h,4 gb nvidia geforce rtx 3050,16,512,15.6,não identificado,gamer,dell_dellg15-5525gaming_ryzen56600h_16,Dell G15-5525 Gaming
MSI,MSI GP66 Leopard 11UG-693IN Gaming,MSI GP66 Leopard 11UG-693IN Gaming Laptop,11th gen core i7,8 gb nvidia geforce rtx 3070,16,1000,15.6,não identificado,gamer,msi_msigp66leopard11ug-693ingaming_11thgencorei7_16,MSI GP66 Leopard 11UG-693IN Gaming
MSI,MSI Sword 15 A12UD-471IN Gaming,MSI Sword 15 A12UD-471IN  Gaming Laptop,12th gen core i5,4 gb nvidia geforce rtx 3050 ti,16,512,15.6,não identificado,gamer,msi_msisword15a12ud-471ingaming_12thgencorei5_16,MSI Sword 15 A12UD-471IN Gaming
MSI,MSI Katana GF66 12UD-472IN Gaming,MSI Katana GF66 12UD-472IN Gaming Laptop,12th gen core i5,4 gb nvidia geforce rtx 3050 ti,16,512,15.6,não identificado,gamer,msi_msikatanagf6612ud-472ingaming_12thgencorei5_16,MSI Katana GF66 12UD-472IN Gaming
Lenovo,Lenovo Thinkpad P15v 21AAS0R500,Lenovo Thinkpad P15v 21AAS0R500 Laptop,11th gen core i9,4 gb nvidia rtx a2000,32,1000,15.6,não identificado,gamer,lenovo_lenovothinkpadp15v21aas0r500_11thgencorei9_32,Lenovo Thinkpad P15v 21AAS0R500
Asus,Asus ROG Strix G17 2022 G713RW-LL111WS Gaming,Asus ROG Strix G17 2022 G713RW-LL111WS Gaming Laptop,amd ryzen 9 6900hx,8 gb nvidia geforce rtx 3070 ti,16,1000,17.3,2022,gamer,asus_asusrogstrixg172022g713rw-ll11_amdryzen96900hx_16,Asus ROG Strix G17 G713RW-LL111WS Gaming
HP,HP Victus 16-e1062AX Gaming,HP Victus 16-e1062AX Gaming Laptop,amd ryzen 5 6600h,4 gb nvidia geforce rtx 3050,8,512,16.1,não identificado,gamer,hp_hpvictus16-e1062axgaming_amdryzen56600h_8,HP Victus 16-e1062AX Gaming
HP,HP Victus 16-e1060AX Gaming,HP Victus 16-e1060AX Gaming Laptop,amd ryzen 7 6800h,4 gb nvidia geforce rtx 3050 ti,16,512,16.1,não identificado,gamer,hp_hpvictus16-e1060axgaming_amdryzen76800h_16,HP Victus 16-e1060AX Gaming
HP,HP Victus 16-e0305ax Gaming,HP Victus 16-e0305ax Gaming Laptop,amd ryzen 7 5800h,4 gb nvidia geforce rtx 3050,8,512,16.1,não identificado,gamer,hp_hpvictus16-e0305axgaming_amdryzen75800h_8,HP Victus 16-e0305ax Gaming
Acer,Acer Nitro 5 AN515-57 UN.QEHSI.004,Acer Nitro 5 AN515-57 UN.QEHSI.004 Laptop,11th gen core i5,4 gb nvidia geforce gtx 1650,8,256,15.6,não identificado,gamer,acer_acernitro5an515-57un.qehsi.004_11thgencorei5_8,Acer Nitro 5 AN515-57 UN.QEHSI.004
Lenovo,Lenovo Legion 5 82JK00BEIN,Lenovo Legion 5 82JK00BEIN Laptop,11th gen core i7,4 gb nvidia geforce rtx 3050,16,512,15.6,não identificado,gamer,lenovo_lenovolegion582jk00bein_11thgencorei7_16,Lenovo Legion 5 82JK00BEIN
Asus,Asus TUF Gaming F17 FX777ZE-HX052WS,Asus TUF Gaming F17 FX777ZE-HX052WS Laptop,12th gen core i7,4 gb nvidia geforce rtx 3050,16,1000,17.3,não identificado,gamer,asus_asustufgamingf17fx777ze-hx052w_12thgencorei7_16,Asus TUF Gaming F17 FX777ZE-HX052WS
Acer,Acer Nitro 5 AN515-45 NH.QBCSI.00F Gaming,Acer Nitro 5 AN515-45 NH.QBCSI.00F Gaming Laptop,amd ryzen 5 5600h,6 gb nvidia geforce rtx 3060,16,512,15.6,não identificado,gamer,acer_acernitro5an515-45nh.qbcsi.00f_amdryzen55600h_16,Acer Nitro 5 AN515-45 NH.QBCSI.00F Gaming
Asus,Asus TUF Dash F15 2022 FX517ZE-HN036WS Gaming,Asus TUF Dash F15 2022 FX517ZE-HN036WS Gaming Laptop,12th gen core i7,4 gb nvidia geforce rtx 3050-ti,16,512,15.6,2022,gamer,asus_asustufdashf152022fx517ze-hn03_12thgencorei7_16,Asus TUF Dash F15 FX517ZE-HN036WS Gaming
Lenovo,Lenovo IdeaPad Gaming 3 81Y401BHIN Gaming,Lenovo IdeaPad Gaming 3 81Y401BHIN Gaming Laptop,10th gen core i7,4 gb nvidia geforce gtx 1650,8,512,15.6,não identificado,gamer,lenovo_lenovoideapadgaming381y401bhin_10thgencorei7_8,Lenovo IdeaPad Gaming 3 81Y401BHIN Gaming
Asus,Asus ROG Flow Z13 2022 GZ301ZE-LC193WS Gaming,Asus ROG Flow Z13 2022 GZ301ZE-LC193WS Gaming Laptop,12th gen core i9,4 gb nvidia geforce rtx 3050 ti,16,1000,13.4,2022,gamer,asus_asusrogflowz132022gz301ze-lc19_12thgencorei9_16,Asus ROG Flow Z13 GZ301ZE-LC193WS Gaming
Asus,Asus ROG Flow Z13 2022 GZ301ZE-LD064WS Gaming,Asus ROG Flow Z13 2022 GZ301ZE-LD064WS Gaming Laptop,12th gen core i9,4 gb nvidia geforce rtx 3050 ti,16,1000,13.4,2022,gamer,asus_asusrogflowz132022gz301ze-ld06_12thgencorei9_16,Asus ROG Flow Z13 GZ301ZE-LD064WS Gaming
Asus,Asus ROG Flow Z13 2022 GZ301ZC-LD123WS Gaming,Asus ROG Flow Z13 2022 GZ301ZC-LD123WS Gaming Laptop,12th gen core i7,4 gb nvidia geforce rtx 3050,16,512,13.4,2022,gamer,asus_asusrogflowz132022gz301zc-ld12_12thgencorei7_16,Asus ROG Flow Z13 GZ301ZC-LD123WS Gaming
Asus,Asus ROG Flow Z13 2022 GZ301ZA-LD049WS Gaming,Asus ROG Flow Z13 2022 GZ301ZA-LD049WS Gaming Laptop,12th gen core i5,intel iris x graphics,16,512,13.4,2022,gamer,asus_asusrogflowz132022gz301za-ld04_12thgencorei5_16,Asus ROG Flow Z13 GZ301ZA-LD049WS Gaming
Asus,Asus TUF Dash F15 2022 FX517ZR-HQ030WS Gaming,Asus TUF Dash F15 2022 FX517ZR-HQ030WS Gaming Laptop,12th gen core i7,8 gb nvidia geforce rtx 3070,16,1000,15.6,2022,gamer,asus_asustufdashf152022fx517zr-hq03_12thgencorei7_16,Asus TUF Dash F15 FX517ZR-HQ030WS Gaming
MSI,MSI GS76 Stealth 11UE-631IN 9S7-17M111-631 Gaming,MSI GS76 Stealth 11UE-631IN 9S7-17M111-631 Gaming Laptop,11th gen core i7,6 gb nvidia geforce rtx 3060,16,1000,15.6,não identificado,gamer,msi_msigs76stealth11ue-631in9s7-17_11thgencorei7_16,MSI GS76 Stealth 11UE-631IN 9S7-17M111-631 Gaming
Acer,Acer Predator Helios 300 PH315-55 NH.QGPS.003 Gaming,Acer Predator Helios 300 PH315-55 NH.QGPS.003 Gaming Laptop,12th gen core i7,6 gb nvidia geforce rtx 3060,16,1000,15.6,não identificado,gamer,acer_acerpredatorhelios300ph315-55n_12thgencorei7_16,Acer Predator Helios 300 PH315-55 NH.QGPS.003 Gaming
Lenovo,Lenovo Legion 5 15IMH6 82NL00APIN Gaming,Lenovo Legion 5 15IMH6 82NL00APIN Gaming Laptop,10th gen core i5,4 gb nvidia geforce rtx 3050,8,512,15.6,não identificado,gamer,lenovo_lenovolegion515imh682nl00aping_10thgencorei5_8,Lenovo Legion 5 15IMH6 82NL00APIN Gaming
Asus,Asus ROG Strix G15 Advantage Edition G513QY-HQ032WS Gaming,Asus ROG Strix G15 Advantage Edition G513QY-HQ032WS Gaming Laptop,ryzen 9 5900hx,12 gb amd radeon rx 6800m,16,1000,15.6,não identificado,gamer,asus_asusrogstrixg15advantageeditio_ryzen95900hx_16,Asus ROG Strix G15 Advantage Edition G513QY-HQ032WS Gaming
Asus,Asus TUF Gaming F15 FX507ZM-HF068WS,Asus TUF Gaming F15 FX507ZM-HF068WS Laptop,12th gen core i7,6 gb nvidia geforce rtx 3060,16,1000,15.6,não identificado,gamer,asus_asustufgamingf15fx507zm-hf068w_12thgencorei7_16,Asus TUF Gaming F15 FX507ZM-HF068WS
Asus,Asus ZenBook Pro Duo 15 OLED 2021 UX582HM-H701WS,Asus ZenBook Pro Duo 15 OLED 2021 UX582HM-H701WS Laptop,11th gen core i7,6 gb nvidia geforce rtx 3060,16,1000,15.6,2021,gamer,asus_asuszenbookproduo15oled2021ux5_11thgencorei7_16,Asus ZenBook Pro Duo 15 OLED UX582HM-H701WS
Dell,Dell XPS 15 9520,Dell XPS 15 9520 Laptop,12th gen core i7,4 gb nvidia geforce rtx 3050 ti,32,1000,15.6,não identificado,gamer,dell_dellxps159520_12thgencorei7_32,Dell XPS 15 9520
HP,HP Omen 16-B1371TX Gaming,HP Omen 16-B1371TX Gaming Laptop,12th gen core i7,8 gb nvidia geforce rtx 3070ti,16,1000,16.1,não identificado,gamer,hp_hpomen16-b1371txgaming_12thgencorei7_16,HP Omen 16-B1371TX Gaming
Asus,Asus Strix G15 G513RM-HF274WS Gaming,Asus Strix G15 G513RM-HF274WS Gaming Laptop,ryzen 7 6800h,6 gb nvidia geforce rtx 3060,16,1000,15.6,não identificado,gamer,asus_asusstrixg15g513rm-hf274wsgami_ryzen76800h_16,Asus Strix G15 G513RM-HF274WS Gaming
HP,HP Omen 16-b1350TX,HP Omen 16-b1350TX Laptop,12th gen core i7,4 gb nvidia geforce rtx 3050,16,1000,16.1,não identificado,gamer,hp_hpomen16-b1350tx_12thgencorei7_16,HP Omen 16-b1350TX
Asus,Asus TUF Gaming A17 FA777RC-HX027WS,Asus TUF Gaming A17 FA777RC-HX027WS Laptop,ryzen 7 6800h,4 gb nvidia geforce rtx 3050,16,512,17.3,não identificado,gamer,asus_asustufgaminga17fa777rc-hx027w_ryzen76800h_16,Asus TUF Gaming A17 FA777RC-HX027WS
Asus,Asus TUF Gaming F17 FX777ZC-HX069W Gaming,Asus TUF Gaming F17 FX777ZC-HX069W Gaming Laptop,12th gen core i5,4 gb nvidia geforce rtx 3050,16,512,17.3,não identificado,gamer,asus_asustufgamingf17fx777zc-hx069w_12thgencorei5_16,Asus TUF Gaming F17 FX777ZC-HX069W Gaming
Asus,Asus TUF A17 FA766IC-HX005W Gaming,Asus TUF A17 FA766IC-HX005W Gaming Laptop,ryzen 7 4800h,4 gb nvidia geforce rtx 3050,16,512,17.3,não identificado,gamer,asus_asustufa17fa766ic-hx005wgaming_ryzen74800h_16,Asus TUF A17 FA766IC-HX005W Gaming
MSI,MSI Thin GF63 11UC-850IN Gaming,MSI Thin GF63 11UC-850IN Gaming Laptop,11th gen core i7,4 gb nvidia geforce rtx 3050,8,512,15.6,não identificado,gamer,msi_msithingf6311uc-850ingaming_11thgencorei7_8,MSI Thin GF63 11UC-850IN Gaming
MSI,MSI Sword 15 A12UC-467IN Gaming,MSI Sword 15 A12UC-467IN Gaming Laptop,12th gen core i5,4 gb nvidia geforce rtx rtx3050,16,1000,15.6,não identificado,gamer,msi_msisword15a12uc-467ingaming_12thgencorei5_16,MSI Sword 15 A12UC-467IN Gaming
MSI,MSI Thin GF63 11UC-851IN Gaming,MSI Thin GF63 11UC-851IN Gaming Laptop,11th gen core i5,4 gb nvidia geforce rtx 3050,8,512,15.6,não identificado,gamer,msi_msithingf6311uc-851ingaming_11thgencorei5_8,MSI Thin GF63 11UC-851IN Gaming
Lenovo,Lenovo IdeaPad Gaming 3 15IHU6 82K101A3IN,Lenovo IdeaPad Gaming 3 15IHU6 82K101A3IN Laptop,11th gen core i5,4 gb nvidia geforce rtx 3050 graphics,16,512,15.6,não identificado,gamer,lenovo_lenovoideapadgaming315ihu682k1_11thgencorei5_16,Lenovo IdeaPad Gaming 3 15IHU6 82K101A3IN
HP,HP Victus 16-d0354TX,HP Victus 16-d0354TX Laptop,11th gen core i5,4 gb nvidia geforce rtx 3050,8,512,16.1,não identificado,gamer,hp_hpvictus16-d0354tx_11thgencorei5_8,HP Victus 16-d0354TX
Asus,Asus TUF Gaming A15 FA506IC-HN100W,Asus TUF Gaming A15 FA506IC-HN100W Laptop,ryzen 7 4800h,4 gb nvidia geforce rtx3050,8,1000,15.6,não identificado,gamer,asus_asustufgaminga15fa506ic-hn100w_ryzen74800h_8,Asus TUF Gaming A15 FA506IC-HN100W
Asus,Asus TUF Gaming F15 FX577ZE-HN072WS,Asus TUF Gaming F15 FX577ZE-HN072WS Laptop,12th gen core i7,4 gb ‎nvidia geforce rtx 3050 ti,16,1000,15.6,não identificado,gamer,asus_asustufgamingf15fx577ze-hn072w_12thgencorei7_16,Asus TUF Gaming F15 FX577ZE-HN072WS
HP,HP Victus 16-d0361TX,HP Victus 16-d0361TX Laptop,11th gen core i7,6 gb nvidia geforce rtx rtx 3060,16,512,16.1,não identificado,gamer,hp_hpvictus16-d0361tx_11thgencorei7_16,HP Victus 16-d0361TX
Acer,Acer Predator Helios 300 NH.QC2SI.00B,Acer Predator Helios 300 NH.QC2SI.00B Laptop,11th gen core i9,6 gb nvidia geforce rtx 3060,16,1000,15.6,não identificado,gamer,acer_acerpredatorhelios300nh.qc2si._11thgencorei9_16,Acer Predator Helios 300 NH.QC2SI.00B
Asus,Asus ROG Strix G17 G713RM-LL167WS Gaming,Asus ROG Strix G17 G713RM-LL167WS Gaming Laptop,amd ryzen 7 6800h,6 gb nvidia geforce rtx 3060,16,1000,17.3,não identificado,gamer,asus_asusrogstrixg17g713rm-ll167wsg_amdryzen76800h_16,Asus ROG Strix G17 G713RM-LL167WS Gaming
HP,HP Pavilion Gaming 15-DK1520TX,HP Pavilion Gaming 15-DK1520TX Laptop,10th gen core i5,4 gb nvidia geforce gtx 1650,8,512,15.6,não identificado,gamer,hp_hppaviliongaming15-dk1520tx_10thgencorei5_8,HP Pavilion Gaming 15-DK1520TX
Lenovo,Lenovo IdeaPad Gaming 3 82K10199IN,Lenovo IdeaPad Gaming 3 82K10199IN Laptop,11th gen core i5,4 gb nvidia geforce rtx 3050,8,512,15.6,não identificado,gamer,lenovo_lenovoideapadgaming382k10199in_11thgencorei5_8,Lenovo IdeaPad Gaming 3 82K10199IN
Asus,Asus Strix G15 G513RM-HF272WS Gaming,Asus Strix G15 G513RM-HF272WS Gaming Laptop,ryzen 7 6800h,6 gb nvidia geforce rtx 3060,16,1000,15.6,não identificado,gamer,asus_asusstrixg15g513rm-hf272wsgami_ryzen76800h_16,Asus Strix G15 G513RM-HF272WS Gaming
Dell,Dell G15-5520 D560737,Dell G15-5520 D560737WIN9B Laptop,12th gen core i7,6 gb nvidia geforce rtx 3060,16,512,15.6,não identificado,gamer,dell_dellg15-5520d560737_12thgencorei7_16,Dell G15-5520 D560737WIN9B
Lenovo,Lenovo IdeaPad Gaming 3 81Y401ARIN Gaming,Lenovo IdeaPad Gaming 3 81Y401ARIN Gaming Laptop,10th gen core i5,4 gb nvidia geforce gtx 1650,8,512,15.6,não identificado,gamer,lenovo_lenovoideapadgaming381y401arin_10thgencorei5_8,Lenovo IdeaPad Gaming 3 81Y401ARIN Gaming
Dell,Dell Inspiron G15 D560826,Dell Inspiron G15 D560826WIN9G Laptop,11th gen core i5,4 gb nvidia geforce rtx 3050,16,512,15.6,não identificado,gamer,dell_dellinspirong15d560826_11thgencorei5_16,Dell Inspiron G15 D560826WIN9G
Dell,Dell Inspiron G15 D560827,Dell Inspiron G15 D560827WIN9G Laptop,11th gen core i5,4 gb nvidia geforce rtx 3050,8,512,15.6,não identificado,gamer,dell_dellinspirong15d560827_11thgencorei5_8,Dell Inspiron G15 D560827WIN9G
Asus,Asus TUF Gaming A15 FA506IC-HN075W,Asus TUF Gaming A15 FA506IC-HN075W Laptop,ryzen 7 4800h,4 gb nvidia geforce rtx3050,16,512,15.6,não identificado,gamer,asus_asustufgaminga15fa506ic-hn075w_ryzen74800h_16,Asus TUF Gaming A15 FA506IC-HN075W
HP,HP Victus 16-e0361ax Gaming,HP Victus 16-e0361ax Gaming Laptop,ryzen 7 5800h,6 gb nvidia geforce rtx 3060,16,512,16.1,não identificado,gamer,hp_hpvictus16-e0361axgaming_ryzen75800h_16,HP Victus 16-e0361ax Gaming
Asus,Asus Vivobook Pro 14 OLED 2021 M3401QC-KM045WS,Asus Vivobook Pro 14 OLED 2021 M3401QC-KM045WS Laptop,ryzen 7-5800h,4 gb nvidia geforce rtx rtx 3050,16,512,14.0,2021,gamer,asus_asusvivobookpro14oled2021m3401_ryzen7-5800h_16,Asus Vivobook Pro 14 OLED M3401QC-KM045WS
Asus,Asus TUF A15 OLED FA507RM-HF030WS,Asus TUF A15 OLED FA507RM-HF030WS Laptop,ryzen 7 6800h,6 gb nvidia geforce rtx 3060,16,1000,15.6,não identificado,gamer,asus_asustufa15oledfa507rm-hf030ws_ryzen76800h_16,Asus TUF A15 OLED FA507RM-HF030WS
Asus,Asus Strix G15 G513RM-HQ273WS Gaming,Asus Strix G15 G513RM-HQ273WS Gaming Laptop,ryzen 7 6800h,6 gb nvidia geforce rtx 3060,16,1000,15.6,não identificado,gamer,asus_asusstrixg15g513rm-hq273wsgami_ryzen76800h_16,Asus Strix G15 G513RM-HQ273WS Gaming
Asus,Asus ROG Strix Scar 17 G733ZW-LL139WS Gaming,Asus ROG Strix Scar 17 G733ZW-LL139WS Gaming Laptop,12th gen core i9,8 gb nvidia geforce rtx 3070 ti,32,1000,17.3,não identificado,gamer,asus_asusrogstrixscar17g733zw-ll139_12thgencorei9_32,Asus ROG Strix Scar 17 G733ZW-LL139WS Gaming
hp,HP Victus 15-fb0157AX Gaming,HP Victus 15-fb0157AX Gaming Laptop (AMD Ryzen 5 5600H/ 8GB/ 512GB SSD/ Win11/ 4GB Graph),ryzen 5,não identificado,8,512,15.6,não identificado,gamer,hp_hpvictus15-fb0157axgaming_ryzen5_8,HP Victus 15-fb0157AX Gaming
asus,Asus TUF Gaming F15 FX506HF-HN024W Gaming,Asus TUF Gaming F15 FX506HF-HN024W Gaming Laptop (11th Gen Core i5/ 8GB/ 512GB SSD/ Win11/ 4GB Graph),core i5,não identificado,8,512,15.6,não identificado,gamer,asus_asustufgamingf15fx506hf-hn024w_corei5_8,Asus TUF Gaming F15 FX506HF-HN024W Gaming
msi,MSI Thin GF63 12UC-846IN Gaming,MSI Thin GF63 12UC-846IN Gaming Laptop (12th Gen Core i5/ 16GB/ 512GB SSD/ Win11 Home/ 4GB Graphics),core i5,não identificado,16,512,15.6,não identificado,gamer,msi_msithingf6312uc-846ingaming_corei5_16,MSI Thin GF63 12UC-846IN Gaming
hp,HP Omen 16-wf1025TX Gaming,HP Omen 16-wf1025TX Gaming Laptop (14th Gen Core i7/ 16GB/ 1TB SSD/ Win11 Home/ 8GB Graph),core i7,não identificado,16,1024,16.1,não identificado,gamer,hp_hpomen16-wf1025txgaming_corei7_16,HP Omen 16-wf1025TX Gaming
asus,Asus TUF Gaming F15 FX506HE-HN385WS Gaming,Asus TUF Gaming F15 FX506HE-HN385WS Gaming Laptop (11th Gen Core i7/ 16GB/ 1TB SSD/ Win11/ 4GB Graph),core i7,não identificado,16,1024,15.6,não identificado,gamer,asus_asustufgamingf15fx506he-hn385w_corei7_16,Asus TUF Gaming F15 FX506HE-HN385WS Gaming
hp,HP Victus 15-fb1017AX Gaming,HP Victus 15-fb1017AX Gaming Laptop (AMD Ryzen 5 7535HS/ 16GB/ 512GB SSD/ Win11/ 4GB Graph),ryzen 5,não identificado,16,512,15.6,não identificado,gamer,hp_hpvictus15-fb1017axgaming_ryzen5_16,HP Victus 15-fb1017AX Gaming
acer,Acer Nitro V ANV15-51 2023 Gaming,Acer Nitro V ANV15-51 2023 Gaming Laptop (13th Gen Core i5/ 16GB/ 512GB SSD/ Win11/ 6GB Graph),core i5,não identificado,16,512,15.6,2023,gamer,acer_acernitrovanv15-512023gaming_corei5_16,Acer Nitro V ANV15-51 Gaming
hp,HP Victus 16-s0094AX Gaming,HP Victus 16-s0094AX Gaming Laptop (AMD Ryzen 7 7840HS/ 16GB/ 1TB SSD/ Win11/ 6GB Graph),ryzen 7,não identificado,16,1024,16.1,não identificado,gamer,hp_hpvictus16-s0094axgaming_ryzen7_16,HP Victus 16-s0094AX Gaming
msi,MSI GF63 Thin 11UC-1294IN Gaming,MSI GF63 Thin 11UC-1294IN Gaming Laptop (11th Gen Core i7/ 16GB/ 1TB 256GB SSD/ Win11/ 4GB Graph),core i7,não identificado,16,1024,15.6,não identificado,gamer,msi_msigf63thin11uc-1294ingaming_corei7_16,MSI GF63 Thin 11UC-1294IN Gaming
lenovo,Lenovo IdeaPad Gaming 3 15IHU6 82K101GSIN,Lenovo IdeaPad Gaming 3 15IHU6 82K101GSIN Laptop (11th Gen Core i5/ 8GB/ 512GB SSD/ Win11 Home/ 4GB Graph),core i5,não identificado,8,512,15.6,não identificado,gamer,lenovo_lenovoideapadgaming315ihu682k1_corei5_8,Lenovo IdeaPad Gaming 3 15IHU6 82K101GSIN
asus,Asus ROG Flow X13 GV301RC-LJ132WS Gaming,Asus ROG Flow X13 GV301RC-LJ132WS Gaming Laptop (AMD Ryzen 9 6900HS/ 16GB/ 512GB SSD/ Win11 Home/ 4GB Graph),ryzen 9,não identificado,16,512,13.4,não identificado,gamer,asus_asusrogflowx13gv301rc-lj132wsg_ryzen9_16,Asus ROG Flow X13 GV301RC-LJ132WS Gaming
hp,HP Victus 15-fa1062TX Gaming,HP Victus 15-fa1062TX Gaming Laptop (13th Gen Core i5/ 16GB/ 512GB SSD/ Win11 Home/ 6GB Graph),core i5,não identificado,16,512,15.6,não identificado,gamer,hp_hpvictus15-fa1062txgaming_corei5_16,HP Victus 15-fa1062TX Gaming
hp,HP Victus 15-fb0150AX Gaming,HP Victus 15-fb0150AX Gaming Laptop (AMD Ryzen 5 5600H/ 16GB/ 512GB SSD/ Win11/ 4GB Graph),ryzen 5,não identificado,16,512,15.6,não identificado,gamer,hp_hpvictus15-fb0150axgaming_ryzen5_16,HP Victus 15-fb0150AX Gaming
hp,HP Omen 16-xf0060AX Gaming,HP Omen 16-xf0060AX Gaming Laptop (AMD Ryzen 7 7840HS/ 16GB/ 1TB SSD/ Win11/ 8GB Graph),ryzen 7,não identificado,16,1024,16.0,não identificado,gamer,hp_hpomen16-xf0060axgaming_ryzen7_16,HP Omen 16-xf0060AX Gaming
hp,HP Victus 15-fa0555TX,HP Victus 15-fa0555TX  Laptop (12th Gen Core i5/ 16GB/ 512GB SSD/ Win11 Home/ 4GB Graph),core i5,não identificado,16,512,15.6,não identificado,gamer,hp_hpvictus15-fa0555tx_corei5_16,HP Victus 15-fa0555TX
dell,Dell G15-5530 GN5530D83M6002ORB1 Gaming,Dell G15-5530 GN5530D83M6002ORB1 Gaming Laptop (13th Gen Core i5/ 16GB/ 512GB SSD/ Win11/ 6GB Graph),core i5,não identificado,16,512,15.6,não identificado,gamer,dell_dellg15-5530gn5530d83m6002orb1_corei5_16,Dell G15-5530 GN5530D83M6002ORB1 Gaming
asus,Asus ROG Strix SCAR 16 2023 G634JZ-NM057WS Gaming,Asus ROG Strix SCAR 16 2023 G634JZ-NM057WS Gaming Laptop (13th Gen Core i9/ 32GB/ 1TB SSD/ Win11 Home/ 12GB Graph),core i9,não identificado,32,1024,16.0,2023,gamer,asus_asusrogstrixscar162023g634jz-n_corei9_32,Asus ROG Strix SCAR 16 G634JZ-NM057WS Gaming
msi,MSI Thin GF63 12VE-071IN Gaming,MSI Thin GF63 12VE-071IN Gaming Laptop (12th Gen Core i5/ 16GB/ 512GB SSD/ Win11 Home/6GB Graphics),core i5,não identificado,16,512,15.6,não identificado,gamer,msi_msithingf6312ve-071ingaming_corei5_16,MSI Thin GF63 12VE-071IN Gaming
hp,HP Victus 16-s0095AX Gaming,HP Victus 16-s0095AX Gaming Laptop (AMD Ryzen 7 7840HS/ 16GB/ 512GB SSD/ Win11/ 6GB Graph),ryzen 7,não identificado,16,512,16.1,não identificado,gamer,hp_hpvictus16-s0095axgaming_ryzen7_16,HP Victus 16-s0095AX Gaming
hp,HP Victus 15-FB1001AX Gaming,HP Victus 15-FB1001AX Gaming Laptop (AMD Ryzen 5 7535HS/ 8GB/ 512GB SSD/ Win11/ 4GB Graph),ryzen 5,não identificado,8,512,15.6,não identificado,gamer,hp_hpvictus15-fb1001axgaming_ryzen5_8,HP Victus 15-FB1001AX Gaming
hp,HP Omen 16-u0005TX Gaming,HP Omen 16-u0005TX Gaming Laptop (13th Gen Core i7/ 16GB/ 1TB SSD/ Win11 Home/ 8GB Graph),core i7,não identificado,16,1024,16.1,não identificado,gamer,hp_hpomen16-u0005txgaming_corei7_16,HP Omen 16-u0005TX Gaming
asus,Asus TUF Gaming F17 FX707ZC4-HX067W Gaming,Asus TUF Gaming F17 FX707ZC4-HX067W Gaming Laptop (12th Gen Core i5/ 16GB/ 512GB SSD/ Win11/ 4GB Graph),core i5,não identificado,16,512,17.3,não identificado,gamer,asus_asustufgamingf17fx707zc4-hx067_corei5_16,Asus TUF Gaming F17 FX707ZC4-HX067W Gaming
lenovo,Lenovo Ideapad Gaming 3 82SB00NXIN,Lenovo Ideapad Gaming 3 82SB00NXIN Laptop (AMD Ryzen 5 7535HS/ 16GB/ 512GB SSD/ Win11 Home/ 4GB Graph),ryzen 5,não identificado,16,512,15.6,não identificado,gamer,lenovo_lenovoideapadgaming382sb00nxin_ryzen5_16,Lenovo Ideapad Gaming 3 82SB00NXIN
asus,Asus TUF Gaming F15 2023 FX507ZV-LP094W Gaming,Asus TUF Gaming F15 2023 FX507ZV-LP094W Gaming Laptop (12th Gen Core i7/ 16GB/512GB SSD/ Win11 Home/ 8GB Graph),core i7,não identificado,16,512,15.6,2023,gamer,asus_asustufgamingf152023fx507zv-lp_corei7_16,Asus TUF Gaming F15 FX507ZV-LP094W Gaming
asus,Asus TUF Gaming F15 FX506HF-HN025W Gaming,Asus TUF Gaming F15 FX506HF-HN025W Gaming Laptop (11th Gen Core i5/ 16GB/ 512GB SSD/ Win11/ 4GB Graph),core i5,não identificado,16,512,15.6,não identificado,gamer,asus_asustufgamingf15fx506hf-hn025w_corei5_16,Asus TUF Gaming F15 FX506HF-HN025W Gaming
hp,HP Victus 15-fa0998TX Gaming,HP Victus 15-fa0998TX Gaming Laptop (12th Gen Core i5/ 16GB/ 512GB SSD/ Win11/ 4GB Graph),core i5,não identificado,16,512,15.6,não identificado,gamer,hp_hpvictus15-fa0998txgaming_corei5_16,HP Victus 15-fa0998TX Gaming
hp,HP Victus 15-fa0666TX Gaming,HP Victus 15-fa0666TX Gaming Laptop (12th Gen Core i5/ 16GB/ 512GB SSD/ Win11/ 4GB Graph),core i5,não identificado,16,512,15.6,não identificado,gamer,hp_hpvictus15-fa0666txgaming_corei5_16,HP Victus 15-fa0666TX Gaming
acer,Acer Aspire 5 A515-57G UN.K9TSI.002 Gaming,Acer Aspire 5 A515-57G UN.K9TSI.002 Gaming Laptop (12th Gen Core i5/ 16GB/ 512GB SSD/ Win11 Home/ 4GB Graph),core i5,não identificado,16,512,15.6,não identificado,gamer,acer_aceraspire5a515-57gun.k9tsi.00_corei5_16,Acer Aspire 5 A515-57G UN.K9TSI.002 Gaming
hp,HP Victus 15-fa0070TX,HP Victus 15-fa0070TX Laptop (12th Gen Core i5/ 8GB/ 512GB SSD/ Win11 Home/ 4GB Graph),core i5,não identificado,8,512,15.6,não identificado,gamer,hp_hpvictus15-fa0070tx_corei5_8,HP Victus 15-fa0070TX
hp,HP Victus 16-e0352AX Gaming,HP Victus 16-e0352AX Gaming Laptop (Ryzen 5-5600H/ 8GB/ 512GB SSD/ Win11/ 4GB Graph),ryzen 5,não identificado,8,512,16.1,não identificado,gamer,hp_hpvictus16-e0352axgaming_ryzen5_8,HP Victus 16-e0352AX Gaming
dell,Dell G15-5530 Gaming,Dell G15-5530 Gaming Laptop (13th Gen Core i5/ 16GB/ 1TB SSD/ Win11/ 6GB Graph),core i5,não identificado,16,1024,15.6,não identificado,gamer,dell_dellg15-5530gaming_corei5_16,Dell G15-5530 Gaming
hp,HP Victus 15-fa1145TX Gaming,HP Victus 15-fa1145TX Gaming Laptop (12th Gen Core i5/ 16GB/ 1TB SSD/ Win11 Home/ 4GB Graph),core i5,não identificado,16,1024,15.6,não identificado,gamer,hp_hpvictus15-fa1145txgaming_corei5_16,HP Victus 15-fa1145TX Gaming
hp,HP Victus 15-fb1002AX Gaming,HP Victus 15-fb1002AX Gaming Laptop (AMD Ryzen 5 7535HS/ 8GB/ 512GB SSD/ Win11/ 4GB Graph),ryzen 5,não identificado,8,512,15.6,não identificado,gamer,hp_hpvictus15-fb1002axgaming_ryzen5_8,HP Victus 15-fb1002AX Gaming
msi,MSI Thin GF63 11SC-1629IN Gaming,MSI Thin GF63 11SC-1629IN Gaming Laptop (11th Gen Core i5/ 16GB/ 512GB SSD/ Win11 Home/ 4GB Graph),core i5,não identificado,16,512,15.6,não identificado,gamer,msi_msithingf6311sc-1629ingaming_corei5_16,MSI Thin GF63 11SC-1629IN Gaming
msi,MSI Katana 15 B13UDXK-1482IN Gaming,MSI Katana 15 B13UDXK-1482IN Gaming Laptop (13th Gen Core i5/ 32GB/ 1TB SSD/ Win11 Home/ 6GB Graph),core i5,não identificado,32,1024,15.6,não identificado,gamer,msi_msikatana15b13udxk-1482ingamin_corei5_32,MSI Katana 15 B13UDXK-1482IN Gaming
msi,MSI Bravo 15 B7ED-012IN Gaming,MSI Bravo 15 B7ED-012IN Gaming Laptop (AMD Ryzen 5 7535HS/ 8GB/ 512GB SSD/ Win11 Home/ 4GB Graph),ryzen 5,não identificado,8,512,15.6,não identificado,gamer,msi_msibravo15b7ed-012ingaming_ryzen5_8,MSI Bravo 15 B7ED-012IN Gaming
lenovo,Lenovo IdeaPad Gaming 3 82SB00V3IN,Lenovo IdeaPad Gaming 3 82SB00V3IN Laptop (AMD Ryzen 5 6600H/ 16GB/ 512GB SSD/ Win11 Home/ 4GB Graph),ryzen 5,não identificado,16,512,15.6,não identificado,gamer,lenovo_lenovoideapadgaming382sb00v3in_ryzen5_16,Lenovo IdeaPad Gaming 3 82SB00V3IN
asus,Asus ROG Strix G16 2023 G614JJ-N3086WS Gaming,Asus ROG Strix G16 2023 G614JJ-N3086WS Gaming Laptop (13th Gen Core i5/ 16GB/ 512GB SSD/ Win11/ 6GB Graph),core i5,não identificado,16,512,16.0,2023,gamer,asus_asusrogstrixg162023g614jj-n308_corei5_16,Asus ROG Strix G16 G614JJ-N3086WS Gaming
hp,HP Victus 15-fb1016AX Gaming,HP Victus 15-fb1016AX  Gaming Laptop (AMD Ryzen 5 7535HS/ 8GB/ 512GB SSD/ Win11/ 4GB Graph),ryzen 5,não identificado,8,512,15.6,não identificado,gamer,hp_hpvictus15-fb1016axgaming_ryzen5_8,HP Victus 15-fb1016AX Gaming
hp,HP Victus15-fb0147AX Gaming,HP Victus15-fb0147AX Gaming Laptop (Ryzen 5 5600H/ 8GB/ 512GB SSD/ Win11 Home/ 4GB Graph),ryzen 5,não identificado,8,512,15.6,não identificado,gamer,hp_hpvictus15-fb0147axgaming_ryzen5_8,HP Victus15-fb0147AX Gaming
asus,Asus TUF Gaming F15 FX506HF-HN075W Gaming,Asus TUF Gaming F15  FX506HF-HN075W Gaming Laptop (11th Gen Core i5/ 8GB/ 512GB SSD/ Win11/ 4GB Graph),core i5,não identificado,8,512,15.6,não identificado,gamer,asus_asustufgamingf15fx506hf-hn075w_corei5_8,Asus TUF Gaming F15 FX506HF-HN075W Gaming
lenovo,Lenovo LOQ 15IRH8 82XV00F5IN 2023 Gaming,Lenovo LOQ 15IRH8 82XV00F5IN 2023 Gaming Laptop (12th Gen Core i5/ 16GB/ 512GB SSD/ Win11/ 6GB Graph),core i5,não identificado,16,512,15.6,2023,gamer,lenovo_lenovoloq15irh882xv00f5in2023g_corei5_16,Lenovo LOQ 15IRH8 82XV00F5IN Gaming
acer,Acer Nitro 5 AN515-58 NH.QLZSI.001 Gaming,Acer Nitro 5 AN515-58 NH.QLZSI.001 Gaming Laptop (12th Gen Core i7/ 16GB/ 512GB SSD/ Win11/ 6GB Graph),core i7,não identificado,16,512,15.6,não identificado,gamer,acer_acernitro5an515-58nh.qlzsi.001_corei7_16,Acer Nitro 5 AN515-58 NH.QLZSI.001 Gaming
asus,Asus TUF Gaming F15 2022 FX507ZC4-HN115W Gaming,Asus TUF Gaming F15 2022 FX507ZC4-HN115W Gaming Laptop (12th Gen Core i5/ 8GB/512GB SSD/ Win11 / 4GB Graph),core i5,não identificado,8,512,15.6,2022,gamer,asus_asustufgamingf152022fx507zc4-h_corei5_8,Asus TUF Gaming F15 FX507ZC4-HN115W Gaming
acer,Acer Aspire 7 A715-76G NH.QMESI.002 Gaming,Acer Aspire 7 A715-76G NH.QMESI.002 Gaming Laptop (12th Gen Core i5/ 8GB/ 512GB SSD/ Win11 Home/ 4GB Graph),core i5,não identificado,8,512,15.6,não identificado,gamer,acer_aceraspire7a715-76gnh.qmesi.00_corei5_8,Acer Aspire 7 A715-76G NH.QMESI.002 Gaming
acer,Acer Predator Helios Neo 16 PHN16-71,Acer Predator Helios Neo 16 PHN16-71 Laptop (13th Gen Core i7/ 16GB/ 512GB SSD/ Win11/ 6GB Graph),core i7,não identificado,16,512,16.0,não identificado,gamer,acer_acerpredatorheliosneo16phn16-7_corei7_16,Acer Predator Helios Neo 16 PHN16-71
acer,Acer Predator Helios Neo 16 NH.QLTSI.001,Acer Predator Helios Neo 16 NH.QLTSI.001 Laptop (13th Gen Core i5/ 16GB/ 512GB SSD/ Win11/ 6GB Graph),core i5,não identificado,16,512,16.0,não identificado,gamer,acer_acerpredatorheliosneo16nh.qlts_corei5_16,Acer Predator Helios Neo 16 NH.QLTSI.001
dell,Dell G15-5520 Gaming,Dell G15-5520 Gaming Laptop (12th Gen Core i5/ 8GB/ 512GB SSD/ Win11/ 4GB Graph),core i5,não identificado,8,512,15.6,não identificado,gamer,dell_dellg15-5520gaming_corei5_8,Dell G15-5520 Gaming
asus,Asus ROG Flow X13 GV301RC-LJ073WS Gaming,Asus ROG Flow X13 GV301RC-LJ073WS Gaming Laptop (AMD Ryzen 9 6900HS/ 16GB/ 1TB SSD/ Win11 Home/ 4GB Graph),ryzen 9,não identificado,16,1024,13.4,não identificado,gamer,asus_asusrogflowx13gv301rc-lj073wsg_ryzen9_16,Asus ROG Flow X13 GV301RC-LJ073WS Gaming
lenovo,Lenovo IdeaPad Gaming 3 82K10198IN,Lenovo IdeaPad Gaming 3 82K10198IN Laptop (11th Gen Core i5/ 8GB/ 512GB SSD/ Win11 Home/ 4GB Graph),core i5,não identificado,8,512,15.6,não identificado,gamer,lenovo_lenovoideapadgaming382k10198in_corei5_8,Lenovo IdeaPad Gaming 3 82K10198IN
dell,Dell 5530 G15 Gaming,Dell 5530 G15 Gaming Laptop (13th Gen Core i9/ 16GB/ 1TB SSD/ Win11/ 8GB Graph),core i9,não identificado,16,1024,15.6,não identificado,gamer,dell_dell5530g15gaming_corei9_16,Dell 5530 G15 Gaming
lenovo,Lenovo Legion Pro 5 16IRX8 82WK00MWIN Gaming,Lenovo Legion Pro 5 16IRX8 82WK00MWIN Gaming Laptop (13th Gen Core i7/ 16GB/ 1TB SSD/ Win11/ 8GB Graph),core i7,não identificado,16,1024,16.0,não identificado,gamer,lenovo_lenovolegionpro516irx882wk00mw_corei7_16,Lenovo Legion Pro 5 16IRX8 82WK00MWIN Gaming
hp,HP Victus 15-FA1098TX,HP Victus 15-FA1098TX Laptop (12th Gen Core i5/ 8GB/ 512GB SSD/ Win11 Home/ 4GB Graph),core i5,não identificado,8,512,15.6,não identificado,gamer,hp_hpvictus15-fa1098tx_corei5_8,HP Victus 15-FA1098TX
lenovo,Lenovo Legion Slim 5 82Y9009JIN Gaming,Lenovo Legion Slim 5 82Y9009JIN Gaming Laptop (AMD Ryzen 7 7840HS/ 16GB/ 1TB SSD/ Win11/ 8GB Graph),ryzen 7,não identificado,16,1024,16.0,não identificado,gamer,lenovo_lenovolegionslim582y9009jingam_ryzen7_16,Lenovo Legion Slim 5 82Y9009JIN Gaming
lenovo,Lenovo IdeaPad Gaming 3 82SB00V2IN,Lenovo IdeaPad Gaming 3 82SB00V2IN Laptop (AMD Ryzen 5 6600H/ 8GB/ 512GB SSD/ Win11 Home/ 4GB Graph),ryzen 5,não identificado,8,512,15.6,não identificado,gamer,lenovo_lenovoideapadgaming382sb00v2in_ryzen5_8,Lenovo IdeaPad Gaming 3 82SB00V2IN
asus,Asus ROG Strix G15 G513RC-HN251WS Gaming,Asus ROG Strix G15 G513RC-HN251WS Gaming Laptop (AMD Ryzen 7 6800H/ 16GB/ 1TB SSD/ Win11/ 4GB Graph),ryzen 7,não identificado,16,1024,15.6,não identificado,gamer,asus_asusrogstrixg15g513rc-hn251wsg_ryzen7_16,Asus ROG Strix G15 G513RC-HN251WS Gaming
hp,HP Victus 15-fa1132TX,HP Victus 15-fa1132TX Laptop (12th Gen Core i5/ 8GB/ 512GB SSD/ Win11 Home/ 4GB Graph),core i5,não identificado,8,512,15.6,não identificado,gamer,hp_hpvictus15-fa1132tx_corei5_8,HP Victus 15-fa1132TX
acer,Acer Predator Helios Neo 16 2023 PHN16-71 Gaming,Acer Predator Helios Neo 16 2023 PHN16-71 Gaming Laptop (13th Gen Core i9/ 16GB/ 1TB SSD/ Win11/ 8GB Graph),core i9,não identificado,16,1024,16.0,2023,gamer,acer_acerpredatorheliosneo162023phn_corei9_16,Acer Predator Helios Neo 16 PHN16-71 Gaming
asus,Asus TUF Gaming F15 FX506HE-HN382W Gaming,Asus TUF Gaming F15 FX506HE-HN382W Gaming Laptop (11th Gen Core i7/ 16GB/ 512GB SSD/ Win11/ 4GB Graph),core i7,não identificado,16,512,15.6,não identificado,gamer,asus_asustufgamingf15fx506he-hn382w_corei7_16,Asus TUF Gaming F15 FX506HE-HN382W Gaming
hp,HP Victus 15-fa0187TX Gaming,HP Victus 15-fa0187TX Gaming Laptop (12th Gen Core i7/ 16GB/ 1TB SSD/ Win11/ 4GB Graph),core i7,não identificado,16,1024,15.6,não identificado,gamer,hp_hpvictus15-fa0187txgaming_corei7_16,HP Victus 15-fa0187TX Gaming
msi,MSI Thin GF63 11UCX-1492IN Gaming,MSI Thin GF63 11UCX-1492IN Gaming Laptop (11th Gen Core i5/ 16GB/ 1TB 256GB SSD/ Win11 Home/ 4GB Graph),core i5,não identificado,16,1024,15.6,não identificado,gamer,msi_msithingf6311ucx-1492ingaming_corei5_16,MSI Thin GF63 11UCX-1492IN Gaming
msi,MSI Thin GF63 11SC-1494IN Gaming,MSI Thin GF63 11SC-1494IN Gaming Laptop (11th Gen Core i5/ 8GB/ 512GB SSD/ Win11 Home/ 4GB Graph),core i5,não identificado,8,512,15.6,não identificado,gamer,msi_msithingf6311sc-1494ingaming_corei5_8,MSI Thin GF63 11SC-1494IN Gaming
msi,MSI Thin GF63 11UC-1490IN Gaming,MSI Thin GF63 11UC-1490IN Gaming Laptop (11th Gen Core i5/ 16GB/ 1TB 256GB SSD/ Win11 Home/ 4GB Graph),core i5,não identificado,16,1024,15.6,não identificado,gamer,msi_msithingf6311uc-1490ingaming_corei5_16,MSI Thin GF63 11UC-1490IN Gaming
hp,HP Victus 16-s0089AX Gaming,HP Victus 16-s0089AX Gaming Laptop (AMD Ryzen 7 7840HS/ 16GB/ 1TB SSD/ Win11/ 4GB Graph),ryzen 7,não identificado,16,1024,16.1,não identificado,gamer,hp_hpvictus16-s0089axgaming_ryzen7_16,HP Victus 16-s0089AX Gaming
lenovo,Lenovo LOQ 15IRH8 82XV00F4IN 2023 Gaming,Lenovo LOQ 15IRH8 82XV00F4IN 2023 Gaming Laptop (12th Gen Core i5/ 16GB/ 512GB SSD/ Win11/ 4GB Graph),core i5,não identificado,16,512,15.6,2023,gamer,lenovo_lenovoloq15irh882xv00f4in2023g_corei5_16,Lenovo LOQ 15IRH8 82XV00F4IN Gaming
lenovo,Lenovo LOQ 15IRH8 82XV00BRIN 2023 Gaming,Lenovo LOQ 15IRH8 82XV00BRIN 2023 Gaming Laptop (13th Gen Core i7/ 16GB/ 512GB SSD/ Win11/ 8GB Graph),core i7,não identificado,16,512,15.6,2023,gamer,lenovo_lenovoloq15irh882xv00brin2023g_corei7_16,Lenovo LOQ 15IRH8 82XV00BRIN Gaming
lenovo,Lenovo LOQ 15IRH8 82XV00BQIN 2023 Gaming,Lenovo LOQ 15IRH8 82XV00BQIN 2023 Gaming Laptop (13th Gen Core i7/ 16GB/ 512GB SSD/ Win11/ 6GB Graph),core i7,não identificado,16,512,15.6,2023,gamer,lenovo_lenovoloq15irh882xv00bqin2023g_corei7_16,Lenovo LOQ 15IRH8 82XV00BQIN Gaming
hp,HP Victus 16-D0314TX Gaming,HP Victus 16-D0314TX Gaming Laptop (11th Gen Core i5/ 16GB/ 512GB SSD/ Win11/ 4GB Graph),core i5,não identificado,16,512,16.1,não identificado,gamer,hp_hpvictus16-d0314txgaming_corei5_16,HP Victus 16-D0314TX Gaming
hp,HP Omen 16-wf1026TX Gaming,HP Omen 16-wf1026TX Gaming Laptop (14th Gen Core i7/ 16GB/ 1TB SSD/ Win11 Home/ 8GB Graph),core i7,não identificado,16,1024,16.1,não identificado,gamer,hp_hpomen16-wf1026txgaming_corei7_16,HP Omen 16-wf1026TX Gaming
hp,HP Omen 16-wd0880TX Gaming,HP Omen 16-wd0880TX Gaming Laptop (13th Gen Core i5/ 16GB/ 512GB SSD/ Win11 Home/ 6GB Graph),core i5,não identificado,16,512,16.1,não identificado,gamer,hp_hpomen16-wd0880txgaming_corei5_16,HP Omen 16-wd0880TX Gaming
asus,Asus TUF Gaming F15 2022 FX507ZC4-HN116W Gaming,Asus TUF Gaming F15 2022 FX507ZC4-HN116W Gaming Laptop (12th Gen Core i5/ 16GB/512GB SSD/ Win11 / 4GB Graph),core i5,não identificado,16,512,15.6,2022,gamer,asus_asustufgamingf152022fx507zc4-h_corei5_16,Asus TUF Gaming F15 FX507ZC4-HN116W Gaming
msi,MSI Thin GF63 11UC-1474IN Gaming,MSI Thin GF63 11UC-1474IN Gaming Laptop (11th Gen Core i5/ 16GB/ 512GB SSD/ Win11 Home/ 4GB Graph),core i5,não identificado,16,512,15.6,não identificado,gamer,msi_msithingf6311uc-1474ingaming_corei5_16,MSI Thin GF63 11UC-1474IN Gaming
hp,HP Victus 15-fb0131AX Gaming,HP Victus 15-fb0131AX Gaming Laptop (AMD Ryzen 5 5600H/ 8GB/ 512GB SSD/ Win11/ 4GB Graph),ryzen 5,não identificado,8,512,15.6,não identificado,gamer,hp_hpvictus15-fb0131axgaming_ryzen5_8,HP Victus 15-fb0131AX Gaming
acer,Acer Aspire 7 A715-76G NH.QMFSI.004 Gaming,Acer Aspire 7 A715-76G NH.QMFSI.004 Gaming Laptop (12th Gen Core i5/ 16GB/ 512GB SSD/ Win11 Home/ 4GB Graph),core i5,não identificado,16,512,15.6,não identificado,gamer,acer_aceraspire7a715-76gnh.qmfsi.00_corei5_16,Acer Aspire 7 A715-76G NH.QMFSI.004 Gaming
acer,Acer Aspire 5 14 A514-56GM 2023 Gaming,Acer Aspire 5 14 A514-56GM 2023 Gaming Laptop (13th Gen Core i5/ 16GB/ 512GB SSD/ Win11 Home/ 4GB Graph),core i5,não identificado,16,512,14.0,2023,gamer,acer_aceraspire514a514-56gm2023gami_corei5_16,Acer Aspire 5 14 A514-56GM Gaming
asus,ASUS TUF Gaming A16 Advantage Edition FA617XS-N3025WS Gaming,ASUS TUF Gaming A16 Advantage Edition FA617XS-N3025WS Gaming Laptop (AMD Ryzen 9 7940HS / 16GB/ 1TB SSD/ Win11 Home/ 8GB Graph),ryzen 9,não identificado,16,1024,15.6,não identificado,gamer,asus_asustufgaminga16advantageediti_ryzen9_16,ASUS TUF Gaming A16 Advantage Edition FA617XS-N3025WS Gaming
asus,Asus ROG Strix G16 2023 G614JV-N4141WS Gaming,Asus ROG Strix G16 2023 G614JV-N4141WS Gaming Laptop (13th Gen Core i9/ 16GB/ 1TB SSD/ Win11/ 8GB Graph),core i9,não identificado,16,1024,16.0,2023,gamer,asus_asusrogstrixg162023g614jv-n414_corei9_16,Asus ROG Strix G16 G614JV-N4141WS Gaming
asus,Asus ROG Strix G16 2023 G614JI-N4151WS Gaming,Asus ROG Strix G16 2023 G614JI-N4151WS Gaming Laptop (13th Gen Core i9/ 16GB/ 1TB SSD/ Win11/ 8GB Graph),core i9,não identificado,16,1024,16.0,2023,gamer,asus_asusrogstrixg162023g614ji-n415_corei9_16,Asus ROG Strix G16 G614JI-N4151WS Gaming
asus,Asus ROG Strix G16 2023 G614JU-N3200WS Gaming,Asus ROG Strix G16 2023 G614JU-N3200WS Gaming Laptop (13th Gen Core i7/ 16GB/ 1TB SSD/ Win11/ 6GB Graph),core i7,não identificado,16,1024,16.0,2023,gamer,asus_asusrogstrixg162023g614ju-n320_corei7_16,Asus ROG Strix G16 G614JU-N3200WS Gaming
msi,MSI Katana 15 B12UDXK-1005IN Gaming,MSI Katana 15 B12UDXK-1005IN Gaming Laptop (12th Gen Core i5/ 16GB/ 512GB SSD/ Win11 Home/ 6GB Graph),core i5,não identificado,16,512,15.6,não identificado,gamer,msi_msikatana15b12udxk-1005ingamin_corei5_16,MSI Katana 15 B12UDXK-1005IN Gaming
asus,Asus TUF Gaming F17 FX706HF-HX018W,Asus TUF Gaming F17 FX706HF-HX018W Laptop (11th Gen Core i5/ 8GB/ 512GB SSD/ Win11/ 4GB Graph),core i5,não identificado,8,512,17.3,não identificado,gamer,asus_asustufgamingf17fx706hf-hx018w_corei5_8,Asus TUF Gaming F17 FX706HF-HX018W
msi,MSI Cyborg 15 A12UCX-264IN Gaming,MSI Cyborg 15 A12UCX-264IN Gaming Laptop (12th Gen Core i5/ 16GB/ 512GB SSD/ Win11/ 4GB Graph),core i5,não identificado,16,512,15.6,não identificado,gamer,msi_msicyborg15a12ucx-264ingaming_corei5_16,MSI Cyborg 15 A12UCX-264IN Gaming
hp,HP Victus 15-fb0108AX Gaming,HP Victus 15-fb0108AX Gaming Laptop (AMD Ryzen 5 5600H/ 8GB/ 512GB SSD/ Win11/ 4GB Graph),ryzen 5,não identificado,8,512,15.6,não identificado,gamer,hp_hpvictus15-fb0108axgaming_ryzen5_8,HP Victus 15-fb0108AX Gaming
msi,MSI Sword 15 A12VF-401IN Gaming,MSI Sword 15 A12VF-401IN Gaming Laptop (12th Gen Core i7/ 16GB/ 1TB SSD/ Win11/ 8GB Graph),core i7,não identificado,16,1024,15.6,não identificado,gamer,msi_msisword15a12vf-401ingaming_corei7_16,MSI Sword 15 A12VF-401IN Gaming
hp,HP Victus 15-fb0107AX Gaming,HP Victus 15-fb0107AX Gaming Laptop (Ryzen 7-5800H/ 16GB/ 512GB SSD/ Win11/ 4GB Graph),ryzen 7,não identificado,16,512,15.6,não identificado,gamer,hp_hpvictus15-fb0107axgaming_ryzen7_16,HP Victus 15-fb0107AX Gaming
hp,HP Victus 15-fb0777AX Gaming,HP Victus 15-fb0777AX Gaming Laptop (AMD Ryzen 5 5600H/ 8GB/ 512GB SSD/ Win11/ 4GB Graph),ryzen 5,não identificado,8,512,15.6,não identificado,gamer,hp_hpvictus15-fb0777axgaming_ryzen5_8,HP Victus 15-fb0777AX Gaming
hp,HP Victus 16-d0311TX Gaming,HP Victus 16-d0311TX Gaming Laptop (11th Gen Core i5/ 16GB/ 512GB SSD/ Win11/ 4GB Graph),core i5,não identificado,16,512,16.1,não identificado,gamer,hp_hpvictus16-d0311txgaming_corei5_16,HP Victus 16-d0311TX Gaming
lenovo,Lenovo Legion 5 82JU00SYIN,Lenovo Legion 5 82JU00SYIN Laptop (AMD Ryzen 7 5800H/ 16GB/ 1TB SSD/ Win11 Home/ 6GB Graph),ryzen 7,não identificado,16,1024,16.0,não identificado,gamer,lenovo_lenovolegion582ju00syin_ryzen7_16,Lenovo Legion 5 82JU00SYIN
hp,HP Victus 15-fb0050AX Gaming,HP Victus 15-fb0050AX Gaming Laptop (AMD Ryzen 5 5600H/ 8GB/ 512GB SSD/ Win11/ 4GB Graph),ryzen 5,não identificado,8,512,15.6,não identificado,gamer,hp_hpvictus15-fb0050axgaming_ryzen5_8,HP Victus 15-fb0050AX Gaming
asus,Asus ROG Zephyrus G15 2022 GA503RW-LN067WS Gaming,Asus ROG Zephyrus G15 2022 GA503RW-LN067WS Gaming Laptop (AMD Ryzen 9 6900HS/ 16GB/ 1TB SSD/ Win11 Home/ 8GB Graph),ryzen 9,não identificado,16,1024,15.6,2022,gamer,asus_asusrogzephyrusg152022ga503rw-_ryzen9_16,Asus ROG Zephyrus G15 GA503RW-LN067WS Gaming
lenovo,Lenovo IdeaPad Gaming 3 82K201ULIN,Lenovo IdeaPad Gaming 3 82K201ULIN Laptop (Ryzen 5 5600H/ 16GB/ 512GB SSD/ Win11 Home/ 4GB Graph),ryzen 5,não identificado,16,512,15.6,não identificado,gamer,lenovo_lenovoideapadgaming382k201ulin_ryzen5_16,Lenovo IdeaPad Gaming 3 82K201ULIN
dell,Dell G16 7630 Gaming,Dell G16 7630 Gaming Laptop (13th Gen Core i9/ 16GB/ 1TB SSD/ Win11/ 8GB Graph),core i9,não identificado,16,1024,16.0,não identificado,gamer,dell_dellg167630gaming_corei9_16,Dell G16 7630 Gaming
msi,MSI Thin GF63 11UC-1494IN Gaming,MSI Thin GF63 11UC-1494IN Gaming Laptop (11th Gen Core i7/ 16GB/ 1TB 256GB SSD/ Win11 Home/ 4GB Graph),core i7,não identificado,16,1024,15.6,não identificado,gamer,msi_msithingf6311uc-1494ingaming_corei7_16,MSI Thin GF63 11UC-1494IN Gaming
lenovo,Lenovo Ideapad Gaming 3 15ARH7 82SB00QJIN,Lenovo Ideapad Gaming 3 15ARH7 82SB00QJIN Laptop  (AMD Ryzen 5 7535HS / 16GB/ 512GB SSD/ Win11 Home/ 4GB Graph),ryzen 5,não identificado,8,512,15.6,não identificado,gamer,lenovo_lenovoideapadgaming315arh782sb_ryzen5_8,Lenovo Ideapad Gaming 3 15ARH7 82SB00QJIN
lenovo,Lenovo LOQ 15APH8 82XT004KIN Gaming,Lenovo LOQ 15APH8 82XT004KIN Gaming Laptop (AMD Ryzen 7 7840HS/ 16GB/ 512GB SSD/ Win11/ 8GB Graph),ryzen 7,não identificado,16,512,15.6,não identificado,gamer,lenovo_lenovoloq15aph882xt004kingamin_ryzen7_16,Lenovo LOQ 15APH8 82XT004KIN Gaming
lenovo,Lenovo IdeaPad Gaming 3 Gen 6 82K2028QIN,Lenovo IdeaPad Gaming 3 Gen 6 82K2028QIN Laptop (AMD Ryzen 5 5500H/ 8GB/ 512GB SSD/ Win11 Home/ 4GB Graph),ryzen 5,não identificado,8,512,15.6,não identificado,gamer,lenovo_lenovoideapadgaming3gen682k202_ryzen5_8,Lenovo IdeaPad Gaming 3 Gen 6 82K2028QIN
hp,HP Omen 16-xd0005AX Gaming,HP Omen 16-xd0005AX Gaming Laptop (AMD Ryzen 7 7840HS/ 16GB/ 1TB SSD/ Win11/ 6GB Graph),ryzen 7,não identificado,16,1024,16.1,não identificado,gamer,hp_hpomen16-xd0005axgaming_ryzen7_16,HP Omen 16-xd0005AX Gaming
hp,HP Victus 15-fa1134TX,HP Victus 15-fa1134TX Laptop (12th Gen Core i7/ 16GB/ 512GB SSD/ Win11 Home/ 6GB Graph),core i7,não identificado,16,512,15.6,não identificado,gamer,hp_hpvictus15-fa1134tx_corei7_16,HP Victus 15-fa1134TX
lenovo,Lenovo Legion Pro 7 82WQ007UIN Gaming,Lenovo Legion Pro 7 82WQ007UIN Gaming Laptop (13th Gen Core i9/ 32GB/ 1TB SSD/ Win11/ 16GB Graph),core i9,não identificado,32,1024,16.0,não identificado,gamer,lenovo_lenovolegionpro782wq007uingami_corei9_32,Lenovo Legion Pro 7 82WQ007UIN Gaming
acer,Acer Aspire 5 A514-56M NX.KH6SI.001 Gaming,Acer Aspire 5 A514-56M NX.KH6SI.001 Gaming Laptop (13th Gen Core i5/ 16GB/ 512GB SSD/ Win11 Home),core i5,não identificado,16,512,14.0,não identificado,gamer,acer_aceraspire5a514-56mnx.kh6si.00_corei5_16,Acer Aspire 5 A514-56M NX.KH6SI.001 Gaming
lenovo,Lenovo IdeaPad Gaming 3 82K101LJIN,Lenovo IdeaPad Gaming 3 82K101LJIN Laptop (11th Gen Core i5/ 16GB/ 512GB SSD/ Win11 Home/ 4GB Graph),core i5,não identificado,16,512,15.6,não identificado,gamer,lenovo_lenovoideapadgaming382k101ljin_corei5_16,Lenovo IdeaPad Gaming 3 82K101LJIN
hp,HP Omen 16-XD0007ax Gaming,HP Omen 16-XD0007ax Gaming Laptop (AMD Ryzen 7 7840HS/ 16GB/ 1TB SSD/ Win11/ 6GB Graph),ryzen 7,não identificado,16,1024,16.1,não identificado,gamer,hp_hpomen16-xd0007axgaming_ryzen7_16,HP Omen 16-XD0007ax Gaming
msi,MSI Vector GP68 HX 13VG-214IN Gaming,MSI Vector GP68 HX 13VG-214IN Gaming Laptop (13th Gen Core i7/ 16GB/ 1TB SSD/ Win11/ 8GB Graph),core i7,não identificado,16,1024,16.0,não identificado,gamer,msi_msivectorgp68hx13vg-214ingamin_corei7_16,MSI Vector GP68 HX 13VG-214IN Gaming
dell,Dell G15-5530 15 2023 Gaming,Dell G15-5530 15 2023 Gaming Laptop (13th Gen Core i7/ 16GB/ 1TB SSD/ Win11/ 6GB Graph),core i7,não identificado,16,1024,15.6,2023,gamer,dell_dellg15-5530152023gaming_corei7_16,Dell G15-5530 15 Gaming
hp,HP Omen 16-k0789TX Gaming,HP Omen 16-k0789TX Gaming Laptop (12th Gen Core i5/ 16GB/ 512GB SSD/ Win11/ 4GB Graph),core i5,não identificado,16,512,16.1,não identificado,gamer,hp_hpomen16-k0789txgaming_corei5_16,HP Omen 16-k0789TX Gaming
lenovo,Lenovo IdeaPad Gaming 3 82SB00V5IN,Lenovo IdeaPad Gaming 3 82SB00V5IN Laptop (AMD Ryzen 7 6800H/ 8GB/ 512GB SSD/ Win11 Home/ 4GB Graph),ryzen 7,não identificado,8,512,15.6,não identificado,gamer,lenovo_lenovoideapadgaming382sb00v5in_ryzen7_8,Lenovo IdeaPad Gaming 3 82SB00V5IN
lenovo,Lenovo IdeaPad Gaming 3 15ACH6 82K20289IN,Lenovo IdeaPad Gaming 3 15ACH6 82K20289IN Laptop (AMD Ryzen 5 5500H/ 8GB/ 512GB SSD/ Win11 Home/ 4GB Graph),ryzen 5,não identificado,8,512,15.6,não identificado,gamer,lenovo_lenovoideapadgaming315ach682k2_ryzen5_8,Lenovo IdeaPad Gaming 3 15ACH6 82K20289IN
hp,HP Omen 17-ck2011TX Gaming,HP Omen 17-ck2011TX Gaming Laptop (13th Gen Core i9/ 32GB/ 1TB SSD/ Win11/ 16GB Graph),core i9,não identificado,32,1024,17.3,não identificado,gamer,hp_hpomen17-ck2011txgaming_corei9_32,HP Omen 17-ck2011TX Gaming
acer,Acer Aspire 5 A515-58GM 15 2023 Gaming,Acer Aspire 5 A515-58GM 15 2023 Gaming Laptop (13th Gen Core i5/ 16GB/ 512GB SSD/ Win11/ 4GB Graphics),core i5,não identificado,16,512,15.6,2023,gamer,acer_aceraspire5a515-58gm152023gami_corei5_16,Acer Aspire 5 A515-58GM 15 Gaming
acer,Acer Nitro V ANV15-51 NH.QNASI.001 Gaming,Acer Nitro V ANV15-51 NH.QNASI.001 Gaming Laptop (13th Gen Core i5/ 8GB/ 512GB SSD/ Win11/ 4GB Graph),core i5,não identificado,8,512,15.6,não identificado,gamer,acer_acernitrovanv15-51nh.qnasi.001_corei5_8,Acer Nitro V ANV15-51 NH.QNASI.001 Gaming
hp,HP Omen 17-ck2008AX Gaming,HP Omen 17-ck2008AX Gaming Laptop (13th Gen Core i7/ 16 GB RAM/ 1TB SSD/ Win 11/ 12GB Graphics),core i7,não identificado,16,1024,17.3,não identificado,gamer,hp_hpomen17-ck2008axgaming_corei7_16,HP Omen 17-ck2008AX Gaming
hp,HP Omen 16-u0024TX Gaming,HP Omen 16-u0024TX Gaming Laptop (13th Gen Core i9/ 32GB/ 2TB SSD/ Win11 Home/ 8GB Graph),core i9,não identificado,32,2048,16.1,não identificado,gamer,hp_hpomen16-u0024txgaming_corei9_32,HP Omen 16-u0024TX Gaming
hp,HP Omen 17-cm2002TX Gaming,HP Omen 17-cm2002TX Gaming Laptop (13th Gen Core i7/ 16 GB RAM/ 512 GB SSD/ Win 11/ 8 GB Graphics),core i7,não identificado,16,512,17.3,não identificado,gamer,hp_hpomen17-cm2002txgaming_corei7_16,HP Omen 17-cm2002TX Gaming
hp,HP Omen 16-u0022TX Gaming,HP Omen 16-u0022TX Gaming Laptop (13th Gen Core i7/ 16GB/ 512GB SSD/ Win11 Home/ 6GB Graph),core i7,não identificado,16,512,16.1,não identificado,gamer,hp_hpomen16-u0022txgaming_corei7_16,HP Omen 16-u0022TX Gaming
asus,Asus TUF Gaming F17 FX707ZC4-HX048WS Gaming,Asus TUF Gaming F17 FX707ZC4-HX048WS Gaming Laptop (12th Gen Core i5/ 8GB/ 512GB SSD/ Win11/ 4GB Graph),core i5,não identificado,8,512,17.3,não identificado,gamer,asus_asustufgamingf17fx707zc4-hx048_corei5_8,Asus TUF Gaming F17 FX707ZC4-HX048WS Gaming
lenovo,Lenovo IdeaPad Pro 5 83AQ005SIN Gaming,Lenovo IdeaPad Pro 5 83AQ005SIN Gaming Laptop (13th Gen Core i7/ 16GB/ 1TB SSD/ Win11/ 6GB Graph),core i7,não identificado,16,1024,16.0,não identificado,gamer,lenovo_lenovoideapadpro583aq005singam_corei7_16,Lenovo IdeaPad Pro 5 83AQ005SIN Gaming
lenovo,Lenovo IdeaPad Gaming 3 82K2027CIN,Lenovo IdeaPad Gaming 3 82K2027CIN Laptop (AMD Ryzen 5 5600H/ 8GB/ 512GB SSD/ Win11 Home/ 4GB Graph),ryzen 5,não identificado,8,512,15.6,não identificado,gamer,lenovo_lenovoideapadgaming382k2027cin_ryzen5_8,Lenovo IdeaPad Gaming 3 82K2027CIN
asus,Asus TUF Gaming F17 FX706HF-HX019W,Asus TUF Gaming F17 FX706HF-HX019W Laptop (11th Gen Core i5/ 16GB/ 512GB SSD/ Win11/ 4GB Graph),core i5,não identificado,16,512,17.3,não identificado,gamer,asus_asustufgamingf17fx706hf-hx019w_corei5_16,Asus TUF Gaming F17 FX706HF-HX019W
lenovo,Lenovo Legion Pro 5 82WM00B7IN Gaming,Lenovo Legion Pro 5 82WM00B7IN Gaming Laptop ( AMD Ryzen 7 7745HX/ 16GB/ 1TB SSD/ Win11 Home/ 8GB Graph),ryzen 7,não identificado,16,1024,16.0,não identificado,gamer,lenovo_lenovolegionpro582wm00b7ingami_ryzen7_16,Lenovo Legion Pro 5 82WM00B7IN Gaming
lenovo,Lenovo Legion Pro 7 2023 82WQ007TIN Gaming,Lenovo Legion Pro 7 2023 82WQ007TIN Gaming Laptop (13th Gen Core i9/ 32GB/ 1TB SSD/ Win11 Home/ 12GB Graph),core i9,não identificado,32,1024,16.0,2023,gamer,lenovo_lenovolegionpro7202382wq007tin_corei9_32,Lenovo Legion Pro 7 82WQ007TIN Gaming
lenovo,Lenovo Legion Slim 5 82YA00DXIN Gaming,Lenovo Legion Slim 5 82YA00DXIN Gaming Laptop (13th Gen Core i7/ 16GB/ 1TB SSD/ Win11/ 8GB Graph),core i7,não identificado,16,1024,16.0,não identificado,gamer,lenovo_lenovolegionslim582ya00dxingam_corei7_16,Lenovo Legion Slim 5 82YA00DXIN Gaming
lenovo,Lenovo Legion 5 Pro 82JQ010EIN,Lenovo Legion 5 Pro 82JQ010EIN Laptop (AMD Ryzen 7 5800H/ 16GB/ 512GB SSD/ Win11 Home/ 6GB Graph),ryzen 7,não identificado,16,512,16.0,não identificado,gamer,lenovo_lenovolegion5pro82jq010ein_ryzen7_16,Lenovo Legion 5 Pro 82JQ010EIN
msi,MSI CreatorPro Z16 HX B13VKTO-214IN,MSI CreatorPro Z16 HX B13VKTO-214IN Laptop (13th Gen Core i9/ 64GB/ 2TB SSD/ Win11/ RTX 3000 Ada),core i9,rtx 3000 ada,4,2048,16.0,não identificado,gamer,msi_msicreatorproz16hxb13vkto-214i_corei9_4,MSI CreatorPro Z16 HX B13VKTO-214IN
msi,MSI Bravo 15 B7ED-011IN Gaming,MSI Bravo 15 B7ED-011IN Gaming Laptop (AMD Ryzen 7 7735HS/ 16GB/ 512GB SSD/ Win11 Home/ 4GB Graph),ryzen 7,não identificado,16,512,15.6,não identificado,gamer,msi_msibravo15b7ed-011ingaming_ryzen7_16,MSI Bravo 15 B7ED-011IN Gaming
acer,Acer Aspire 5 2023 A515-58GM Gaming,Acer Aspire 5 2023 A515-58GM Gaming Laptop (13th Gen Core i5/ 16GB/ 512GB SSD/ Win11/ 4GB Graphics),core i5,não identificado,16,512,15.6,2023,gamer,acer_aceraspire52023a515-58gmgaming_corei5_16,Acer Aspire 5 A515-58GM Gaming
lenovo,Lenovo IdeaPad Gaming 3 82K101PCIN,Lenovo IdeaPad Gaming 3 82K101PCIN Laptop (11th Gen Core i5/ 8GB/ 512GB SSD/ Win11 Home/ 4GB Graph),core i5,não identificado,8,512,15.6,não identificado,gamer,lenovo_lenovoideapadgaming382k101pcin_corei5_8,Lenovo IdeaPad Gaming 3 82K101PCIN
lenovo,Lenovo IdeaPad Gaming 3 82SB00V4IN,Lenovo IdeaPad Gaming 3 82SB00V4IN Laptop (AMD Ryzen 5 6600H/ 8GB/ 512GB SSD/ Win11 Home/ 4GB Graph),ryzen 5,não identificado,8,512,15.6,não identificado,gamer,lenovo_lenovoideapadgaming382sb00v4in_ryzen5_8,Lenovo IdeaPad Gaming 3 82SB00V4IN
lenovo,Lenovo IdeaPad Gaming 3 82K2028AIN,Lenovo IdeaPad Gaming 3 82K2028AIN Laptop (AMD Ryzen 5 5600H/ 8GB/ 512GB SSD/ Win11 Home/ 4GB Graph),ryzen 5,não identificado,8,512,15.6,não identificado,gamer,lenovo_lenovoideapadgaming382k2028ain_ryzen5_8,Lenovo IdeaPad Gaming 3 82K2028AIN
msi,MSI Creator Pro M16 B13VJ-1272IN Gaming,MSI Creator Pro M16 B13VJ-1272IN Gaming Laptop (13th Gen Core i7/ 32GB/ 1TB SSD/ Win 11/ 8GB Graph),core i7,não identificado,32,1024,16.0,não identificado,gamer,msi_msicreatorprom16b13vj-1272inga_corei7_32,MSI Creator Pro M16 B13VJ-1272IN Gaming
asus,Asus ROG Strix G17 G713RC-HX109WS Gaming,Asus ROG Strix G17 G713RC-HX109WS Gaming Laptop (AMD Ryzen 7 6800H/ 16GB/ 512GB SSD/ Win11/ 4GB Graph),ryzen 7,não identificado,16,512,17.3,não identificado,gamer,asus_asusrogstrixg17g713rc-hx109wsg_ryzen7_16,Asus ROG Strix G17 G713RC-HX109WS Gaming
lenovo,Lenovo Legion Slim 7 16IRH8 82Y3007QIN Gaming,Lenovo Legion Slim 7 16IRH8 82Y3007QIN Gaming Laptop (13th Gen Core i9/ 16GB/ 1TB SSD/ Win11 Home/ 8GB Graph),core i9,não identificado,16,1024,16.0,não identificado,gamer,lenovo_lenovolegionslim716irh882y3007_corei9_16,Lenovo Legion Slim 7 16IRH8 82Y3007QIN Gaming
lenovo,Lenovo Legion Slim 5 16APH8 82Y90042IN Gaming,Lenovo Legion Slim 5 16APH8 82Y90042IN Gaming Laptop (AMD Ryzen 7 7840HS/ 16GB/ 512GB SSD/ Win11/ 8GB Graph),ryzen 7,não identificado,16,512,16.0,não identificado,gamer,lenovo_lenovolegionslim516aph882y9004_ryzen7_16,Lenovo Legion Slim 5 16APH8 82Y90042IN Gaming
lenovo,Lenovo Legion Slim 5 82Y9009KIN Gaming,Lenovo Legion Slim 5 82Y9009KIN Gaming Laptop (AMD Ryzen 7 7840HS/ 16GB/ 512GB SSD/ Win11/ 6GB Graph),ryzen 7,não identificado,16,512,16.0,não identificado,gamer,lenovo_lenovolegionslim582y9009kingam_ryzen7_16,Lenovo Legion Slim 5 82Y9009KIN Gaming
hp,HP Victus 15-fb0158AX Gaming,HP Victus 15-fb0158AX Gaming Laptop (AMD Ryzen 5 5600H/ 8GB/ 512GB SSD/ Win11/ 4GB Graph),ryzen 5,não identificado,8,512,15.6,não identificado,gamer,hp_hpvictus15-fb0158axgaming_ryzen5_8,HP Victus 15-fb0158AX Gaming
lenovo,Lenovo IdeaPad Gaming 3 15IAH7 82S9014LIN,Lenovo IdeaPad Gaming 3 15IAH7 82S9014LIN Laptop (12th Gen Core i5/ 16GB/ 512GB SSD/ Win11 Home/ 4GB Graph),core i5,não identificado,16,512,15.6,não identificado,gamer,lenovo_lenovoideapadgaming315iah782s9_corei5_16,Lenovo IdeaPad Gaming 3 15IAH7 82S9014LIN
lenovo,Lenovo Legion Slim 5 16APH8 82Y9008MIN Gaming,Lenovo Legion Slim 5 16APH8 82Y9008MIN Gaming Laptop (AMD Ryzen 7 7840HS/ 16GB/ 512GB SSD/ Win11/ 8GB Graph),ryzen 7,não identificado,16,512,16.0,não identificado,gamer,lenovo_lenovolegionslim516aph882y9008_ryzen7_16,Lenovo Legion Slim 5 16APH8 82Y9008MIN Gaming
acer,Acer Aspire 5 A515-58M NX.KHFSI.003 Gaming,Acer Aspire 5 A515-58M NX.KHFSI.003 Gaming Laptop (13th Gen Core i3/ 8GB/ 512GB SSD/ Win11 Home),core i3,não identificado,8,512,15.6,não identificado,gamer,acer_aceraspire5a515-58mnx.khfsi.00_corei3_8,Acer Aspire 5 A515-58M NX.KHFSI.003 Gaming
acer,Acer Aspire 7 A715-76G UN.QMYSI.002 Gaming,Acer Aspire 7 A715-76G UN.QMYSI.002 Gaming Laptop (12th Gen Core i5/ 16GB/ 512GB SSD/ Win11 Home/ 4GB Graph),core i5,não identificado,16,512,15.6,não identificado,gamer,acer_aceraspire7a715-76gun.qmysi.00_corei5_16,Acer Aspire 7 A715-76G UN.QMYSI.002 Gaming
acer,Acer Aspire 7 A715-76G NH.QMYSI.001 Gaming,Acer Aspire 7 A715-76G NH.QMYSI.001 Gaming Laptop (12th Gen Core i5/ 8GB/ 512GB SSD/ Win11 Home/ 4GB Graph),core i5,não identificado,8,512,15.6,não identificado,gamer,acer_aceraspire7a715-76gnh.qmysi.00_corei5_8,Acer Aspire 7 A715-76G NH.QMYSI.001 Gaming
asus,Asus TUF Gaming F15 90NR0GW1-M00F00,Asus TUF Gaming F15 90NR0GW1-M00F00 Laptop (12th Gen Core i7/ 16GB/ 1TB SSD/ Win11/ 4GB Graph),core i7,não identificado,16,1024,15.6,não identificado,gamer,asus_asustufgamingf1590nr0gw1-m00f0_corei7_16,Asus TUF Gaming F15 90NR0GW1-M00F00
msi,MSI Thin GF63 11UC-1291IN Gaming,MSI Thin GF63 11UC-1291IN Gaming Laptop (11th Gen Core i5/ 16GB/ 512GB SSD/ Win11 Home/ 4GB Graph),core i5,não identificado,16,512,15.6,não identificado,gamer,msi_msithingf6311uc-1291ingaming_corei5_16,MSI Thin GF63 11UC-1291IN Gaming
msi,MSI Katana 15 B12UDXK-1004IN Gaming,MSI Katana 15 B12UDXK-1004IN Gaming Laptop (12th Gen Core i7/ 16GB/ 512GB SSD/ Win11 Home/ 6GB Graph),core i7,não identificado,16,512,15.6,não identificado,gamer,msi_msikatana15b12udxk-1004ingamin_corei7_16,MSI Katana 15 B12UDXK-1004IN Gaming
hp,HP Omen 16-xf0043AX Gaming,HP Omen 16-xf0043AX Gaming Laptop (AMD Ryzen 9 7940HS/ 32GB/ 1TB SSD/ Win11/ 8GB Graph),ryzen 9,não identificado,32,1024,16.1,não identificado,gamer,hp_hpomen16-xf0043axgaming_ryzen9_32,HP Omen 16-xf0043AX Gaming
asus,Asus TUF Gaming F15 FX506HF-HN076W Gaming,Asus TUF Gaming F15 FX506HF-HN076W Gaming Laptop (11th Gen Core i5/ 16GB/ 512GB SSD/ Win11/ 4GB Graph),core i5,não identificado,16,512,15.6,não identificado,gamer,asus_asustufgamingf15fx506hf-hn076w_corei5_16,Asus TUF Gaming F15 FX506HF-HN076W Gaming
hp,HP Victus 15-fb1018AX Gaming,HP Victus 15-fb1018AX Gaming Laptop (AMD Ryzen 5 7535HS/ 8GB/ 512GB SSD/ Win11/ 4GB Graph),ryzen 5,não identificado,8,512,15.6,não identificado,gamer,hp_hpvictus15-fb1018axgaming_ryzen5_8,HP Victus 15-fb1018AX Gaming
hp,HP Omen 16-wf0056TX 834U0PA Gaming,HP Omen 16-wf0056TX 834U0PA Gaming Laptop (13th Gen Core i7/ 16 GB RAM/ 512 GB SSD/ Win 11/ 8 GB Graphics),core i7,não identificado,16,512,16.1,não identificado,gamer,hp_hpomen16-wf0056tx834u0pagaming_corei7_16,HP Omen 16-wf0056TX 834U0PA Gaming
lenovo,Lenovo IdeaPad Gaming 3i 82K101GTIN,Lenovo IdeaPad Gaming 3i 82K101GTIN Laptop (11th Gen Core i5/ 8 GB RAM/ 512 GB SSD/ Win 11/ 4 GB Graphics),core i5,não identificado,8,512,15.6,não identificado,gamer,lenovo_lenovoideapadgaming3i82k101gti_corei5_8,Lenovo IdeaPad Gaming 3i 82K101GTIN
dell,Dell Alienware x15 R2 D569947,Dell Alienware x15 R2 D569947WIN9 Gaming Laptop (12th Gen Core i9/ 32 GB RAM/ 1 TB SSD/ Win 11/ 8 GB Graphics),core i9,não identificado,32,1024,15.6,não identificado,gamer,dell_dellalienwarex15r2d569947_corei9_32,Dell Alienware x15 R2 D569947WIN9 Gaming
hp,HP Victus 15-FB0142AX Gaming,HP Victus 15-FB0142AX Gaming Laptop (AMD Ryzen 5 5600H/ 16GB/ 512GB SSD/ Win11/ 4GB Graph),ryzen 5,não identificado,16,512,15.6,não identificado,gamer,hp_hpvictus15-fb0142axgaming_ryzen5_16,HP Victus 15-FB0142AX Gaming
asus,Asus TUF Gaming F15 FX577ZC-HN192W Gaming,Asus TUF Gaming F15 FX577ZC-HN192W Gaming Laptop (12th Gen Core i7/ 16GB/1TB SSD/ Win11 / 4GB Graph),core i7,não identificado,16,1024,15.6,não identificado,gamer,asus_asustufgamingf15fx577zc-hn192w_corei7_16,Asus TUF Gaming F15 FX577ZC-HN192W Gaming
msi,MSI Thin GF63 12VE-664IN Gaming,MSI Thin GF63 12VE-664IN Gaming Laptop (12th Gen Core i7/ 16GB/ 1TB SSD/ Win11/ 6GB Graph),core i7,não identificado,16,1024,15.6,não identificado,gamer,msi_msithingf6312ve-664ingaming_corei7_16,MSI Thin GF63 12VE-664IN Gaming
msi,MSI Thin GF63 12VF-663IN Gaming,MSI Thin GF63 12VF-663IN Gaming Laptop (12th Gen Core i7/ 16GB/ 512GB SSD/ Win11/ 8GB Graph),core i7,não identificado,16,512,15.6,não identificado,gamer,msi_msithingf6312vf-663ingaming_corei7_16,MSI Thin GF63 12VF-663IN Gaming
msi,MSI Katana 17 B12VGK-672IN Gaming,MSI Katana 17 B12VGK-672IN Gaming Laptop (12th Gen Core i7/ 16GB/ 1TB SSD/ Win11 Home/ 8GB Graph),core i7,não identificado,16,1024,17.3,não identificado,gamer,msi_msikatana17b12vgk-672ingaming_corei7_16,MSI Katana 17 B12VGK-672IN Gaming
msi,MSI Pulse 17 B13VGK-666IN Gaming,MSI Pulse 17 B13VGK-666IN Gaming Laptop (13th Gen Core i7/ 8GB/ 1TB SSD/ Win11 Home/ 8GB Graph),core i7,não identificado,8,1024,17.3,não identificado,gamer,msi_msipulse17b13vgk-666ingaming_corei7_8,MSI Pulse 17 B13VGK-666IN Gaming
msi,MSI Katana 17 B12VFK-668IN Gaming,MSI Katana 17 B12VFK-668IN Gaming Laptop (12th Gen Core i7/ 8GB/ 1TB SSD/ Win11 Home/ 8GB Graph),core i7,não identificado,8,1024,17.3,não identificado,gamer,msi_msikatana17b12vfk-668ingaming_corei7_8,MSI Katana 17 B12VFK-668IN Gaming
msi,MSI Thin GF63 11UCX-1497IN Gaming,MSI Thin GF63 11UCX-1497IN Gaming Laptop (11th Gen Core i5/ 8GB/ 512GB SSD/ Win11 Home/ 4GB Graph),core i5,não identificado,8,512,15.6,não identificado,gamer,msi_msithingf6311ucx-1497ingaming_corei5_8,MSI Thin GF63 11UCX-1497IN Gaming
msi,MSI Thin GF63 11UCX-1496IN Gaming,MSI Thin GF63 11UCX-1496IN Gaming Laptop (11th Gen Core i5/ 16GB/ 512GB SSD/ Win11 Home/ 4GB Graph),core i5,não identificado,16,512,15.6,não identificado,gamer,msi_msithingf6311ucx-1496ingaming_corei5_16,MSI Thin GF63 11UCX-1496IN Gaming
msi,MSI Thin GF63 11SC-1493IN Gaming,MSI Thin GF63 11SC-1493IN Gaming Laptop (11th Gen Core i5/ 16GB/ 512GB SSD/ Win11 Home/ 4GB Graph),core i5,não identificado,16,512,15.6,não identificado,gamer,msi_msithingf6311sc-1493ingaming_corei5_16,MSI Thin GF63 11SC-1493IN Gaming
msi,MSI Pulse 17 B13VGK-652IN Gaming,MSI Pulse 17 B13VGK-652IN Gaming Laptop (13th Gen Core i9/ 16GB/ 1TB SSD/ Win11 Home/ 8GB Graph),core i9,não identificado,16,1024,17.3,não identificado,gamer,msi_msipulse17b13vgk-652ingaming_corei9_16,MSI Pulse 17 B13VGK-652IN Gaming
hp,HP Victus 15-fa1064TX Gaming,HP Victus 15-fa1064TX Gaming Laptop (13th Gen Core i7/ 16GB/ 512GB SSD/ Win11 Home/ 6GB Graph),core i7,não identificado,16,512,15.6,não identificado,gamer,hp_hpvictus15-fa1064txgaming_corei7_16,HP Victus 15-fa1064TX Gaming
hp,HP Victus 15-fa1060TX Gaming,HP Victus  15-fa1060TX  Gaming Laptop (13th Gen Core i5/ 16GB/ 512GB SSD/ Win11 Home/ 6GB Graph),core i5,não identificado,16,512,15.6,não identificado,gamer,hp_hpvictus15-fa1060txgaming_corei5_16,HP Victus 15-fa1060TX Gaming
hp,HP Omen 16-u0023TX Gaming,HP Omen 16-u0023TX Gaming Laptop (13th Gen Core i9/ 32GB/ 1TB SSD/ Win11 Home/ 8GB Graph),core i9,não identificado,32,1024,16.1,não identificado,gamer,hp_hpomen16-u0023txgaming_corei9_32,HP Omen 16-u0023TX Gaming
hp,HP Omen 16-wf0052TX Gaming,HP Omen 16-wf0052TX Gaming Laptop (13th Gen Core i5/ 16GB/ 512GB SSD/ Win11 Home/ 6GB Graph),core i5,não identificado,16,512,16.1,não identificado,gamer,hp_hpomen16-wf0052txgaming_corei5_16,HP Omen 16-wf0052TX Gaming
hp,HP Victus 15-fb0153AX Gaming,HP Victus 15-fb0153AX Gaming Laptop (AMD Ryzen 5 5600H/ 8GB/ 512GB SSD/ Win11/ 4GB Graph),ryzen 5,não identificado,8,512,15.6,não identificado,gamer,hp_hpvictus15-fb0153axgaming_ryzen5_8,HP Victus 15-fb0153AX Gaming
hp,HP Omen 16-wd0770TX Gaming,HP Omen 16-wd0770TX Gaming Laptop (13th Gen Core i5/ 16GB/ 512GB SSD/ Win11 Home/ 6GB Graph),core i5,não identificado,16,512,16.1,não identificado,gamer,hp_hpomen16-wd0770txgaming_corei5_16,HP Omen 16-wd0770TX Gaming
acer,Acer Predator 16 NH.QLUSI.005,Acer Predator 16 NH.QLUSI.005 Laptop (13th Gen Core i9/ 16GB/ 1TB SSD/ Win11/ 8GB Graph),core i9,não identificado,16,1024,16.0,não identificado,gamer,acer_acerpredator16nh.qlusi.005_corei9_16,Acer Predator 16 NH.QLUSI.005
hp,HP Victus 15-fb0134AX Gaming,HP Victus 15-fb0134AX Gaming Laptop (AMD Ryzen 5 5600H/ 16GB/ 512GB SSD/ Win11/ 4GB Graph),ryzen 5,não identificado,16,512,15.6,não identificado,gamer,hp_hpvictus15-fb0134axgaming_ryzen5_16,HP Victus 15-fb0134AX Gaming
lenovo,Lenovo LOQ 15IRH8 82XV00F7IN 2023 Gaming,Lenovo LOQ 15IRH8 82XV00F7IN 2023 Gaming Laptop (12th Gen Core i5/ 16GB/ 512GB SSD/ Win11/ 8GB Graph),core i5,não identificado,16,512,15.6,2023,gamer,lenovo_lenovoloq15irh882xv00f7in2023g_corei5_16,Lenovo LOQ 15IRH8 82XV00F7IN Gaming
lenovo,Lenovo LOQ 15IRH8 82XV00F6IN 2023 Gaming,Lenovo LOQ 15IRH8 82XV00F6IN 2023 Gaming Laptop (12th Gen Core i5/ 16GB/ 512GB SSD/ Win11/ 6GB Graph),core i5,não identificado,16,512,15.6,2023,gamer,lenovo_lenovoloq15irh882xv00f6in2023g_corei5_16,Lenovo LOQ 15IRH8 82XV00F6IN Gaming
lenovo,Lenovo LOQ 15APH8 82XT004HIN 2023 Gaming,Lenovo LOQ 15APH8 82XT004HIN 2023 Gaming Laptop (AMD Ryzen 7 7840HS/ 16GB/ 512GB SSD/ Win11/ 6GB Graph),ryzen 7,não identificado,16,512,15.6,2023,gamer,lenovo_lenovoloq15aph882xt004hin2023g_ryzen7_16,Lenovo LOQ 15APH8 82XT004HIN Gaming
msi,MSI Vector GP68HX 13VH-072IN Gaming,MSI Vector GP68HX 13VH-072IN Gaming Laptop (13th Gen Core i9/ 32GB/ 1TB SSD/ Win11/ 12GB Graph),core i9,não identificado,32,1024,16.0,não identificado,gamer,msi_msivectorgp68hx13vh-072ingamin_corei9_32,MSI Vector GP68HX 13VH-072IN Gaming
lenovo,Lenovo LOQ 15APH8 82XT004JIN 2023 Gaming,Lenovo LOQ 15APH8 82XT004JIN 2023 Gaming Laptop (AMD Ryzen 7 7840HS/ 16GB/ 512GB SSD/ Win11/ 6GB Graph),ryzen 7,não identificado,16,512,15.6,2023,gamer,lenovo_lenovoloq15aph882xt004jin2023g_ryzen7_16,Lenovo LOQ 15APH8 82XT004JIN Gaming
hp,HP Omen 16-wf0111TX Gaming,HP Omen 16-wf0111TX Gaming Laptop (13th Gen Core i7/ 16GB/ 1TB SSD/ Win11 Home/ 8GB Graph),core i7,não identificado,16,1024,16.1,não identificado,gamer,hp_hpomen16-wf0111txgaming_corei7_16,HP Omen 16-wf0111TX Gaming
lenovo,Lenovo LOQ 15APH8 82XT009CIN 2023 Gaming,Lenovo LOQ 15APH8 82XT009CIN 2023 Gaming Laptop (AMD Ryzen 7 7840HS/ 16GB/ 512GB SSD/ Win11/ 8GB Graph),ryzen 7,não identificado,16,512,15.6,2023,gamer,lenovo_lenovoloq15aph882xt009cin2023g_ryzen7_16,Lenovo LOQ 15APH8 82XT009CIN Gaming
hp,HP Omen 16-xf0059AX Gaming,HP Omen 16-xf0059AX Gaming Laptop (AMD Ryzen 7 7840HS/ 16GB/ 512GB SSD/ Win11/ 8GB Graph),ryzen 7,não identificado,16,512,16.0,não identificado,gamer,hp_hpomen16-xf0059axgaming_ryzen7_16,HP Omen 16-xf0059AX Gaming
hp,HP Omen 16-wf0055TX Gaming,HP Omen 16-wf0055TX Gaming Laptop (13th Gen Core i7/ 16GB/ 512GB SSD/ Win11 Home/ 8GB Graph),core i7,não identificado,16,512,16.1,não identificado,gamer,hp_hpomen16-wf0055txgaming_corei7_16,HP Omen 16-wf0055TX Gaming
acer,Acer Nitro 5 AN515-58 NH.QFHSI.008 Gaming,Acer Nitro 5 AN515-58 NH.QFHSI.008 Gaming Laptop (12th Gen Core i5/ 8GB/ 512GB SSD/ Win11/ 4GB Graph),core i5,não identificado,8,512,15.6,não identificado,gamer,acer_acernitro5an515-58nh.qfhsi.008_corei5_8,Acer Nitro 5 AN515-58 NH.QFHSI.008 Gaming
dell,Dell Alienware X16 Gaming,Dell Alienware X16 Gaming Laptop (13th Gen Core i9/ 32GB/ 2TB SSD/ Win 11/ 16GB Graph),core i9,não identificado,32,2048,16.0,não identificado,gamer,dell_dellalienwarex16gaming_corei9_32,Dell Alienware X16 Gaming
dell,Dell Alienware X16 R1 2023 Gaming,Dell Alienware X16 R1 2023 Gaming Laptop (13th Gen Core i9/ 32GB/ 1TB SSD/ Win 11/ 12GB Graph),core i9,não identificado,32,1024,16.0,2023,gamer,dell_dellalienwarex16r12023gaming_corei9_32,Dell Alienware X16 R1 Gaming
dell,Dell Alienware m16 2023 Gaming,Dell Alienware m16 2023 Gaming Laptop (AMD Ryzen 7 7745HX/ 16GB/ 1TB SSD/ Win 11/ 8GB Graph),ryzen 7,não identificado,16,1024,16.0,2023,gamer,dell_dellalienwarem162023gaming_ryzen7_16,Dell Alienware m16 Gaming
msi,MSI Creator Pro M16 B13VI-1273IN Gaming,MSI Creator Pro M16 B13VI-1273IN Gaming Laptop (13th Gen Core i7/ 16GB/ 1TB SSD/ Win 11/ 6GB Graph),core i7,não identificado,16,1024,16.0,não identificado,gamer,msi_msicreatorprom16b13vi-1273inga_corei7_16,MSI Creator Pro M16 B13VI-1273IN Gaming
dell,Dell Alienware M18 R1 2023 Gaming,Dell Alienware M18 R1 2023 Gaming Laptop (13th Gen Core i9/ 64GB/ 1TB SSD/ Win 11/ 16GB Graph),core i9,não identificado,4,1024,18.0,2023,gamer,dell_dellalienwarem18r12023gaming_corei9_4,Dell Alienware M18 R1 Gaming
asus,Asus ROG Zephyrus G16 2023 GU603ZU-N3023WS,Asus ROG Zephyrus G16 2023 GU603ZU-N3023WS Laptop (12th Gen Core i7/ 16GB/ 1TB SSD/ Win11 Home/ 6GB Graph),core i7,não identificado,16,1024,16.0,2023,gamer,asus_asusrogzephyrusg162023gu603zu-_corei7_16,Asus ROG Zephyrus G16 GU603ZU-N3023WS
dell,Dell Alienware m16 Gaming,Dell Alienware m16 Gaming Laptop (AMD Ryzen 9 7845HX/ 32GB/ 2TB SSD/ Win 11/ 12GB Graph),ryzen 9,não identificado,32,2048,16.0,não identificado,gamer,dell_dellalienwarem16gaming_ryzen9_32,Dell Alienware m16 Gaming
acer,Acer Nitro 16 AN16-41 Gaming,Acer Nitro 16 AN16-41 Gaming Laptop (AMD Ryzen 7 7840HS/ 16GB/ 512GB SSD/ Win11 Home/ 8GB Graph),ryzen 7,não identificado,16,512,16.0,não identificado,gamer,acer_acernitro16an16-41gaming_ryzen7_16,Acer Nitro 16 AN16-41 Gaming
acer,Acer Aspire 5 2023 A515-58M Gaming,Acer Aspire 5 2023 A515-58M Gaming Laptop (13th Gen Core i7/ 8GB/ 512GB SSD/ Win11 Home/ 4GB Graphic),core i7,não identificado,8,512,15.6,2023,gamer,acer_aceraspire52023a515-58mgaming_corei7_8,Acer Aspire 5 A515-58M Gaming
asus,Asus ROG Zephyrus G14 GA402NJ-L8094WS Gaming,Asus ROG Zephyrus G14 GA402NJ-L8094WS Gaming Laptop (AMD Ryzen 7 7735HS/ 16GB/ 512GB SSD/ Win11/ 6GB Graph),ryzen 7,não identificado,16,512,14.0,não identificado,gamer,asus_asusrogzephyrusg14ga402nj-l809_ryzen7_16,Asus ROG Zephyrus G14 GA402NJ-L8094WS Gaming
acer,Acer Nitro 5 AN515-58 UN.QFHSI.026 Gaming,Acer Nitro 5 AN515-58 UN.QFHSI.026 Gaming Laptop (12th Gen Core i5/ 16GB/ 512GB SSD/ Win11/ 4GB Graph),core i5,não identificado,16,512,15.6,não identificado,gamer,acer_acernitro5an515-58un.qfhsi.026_corei5_16,Acer Nitro 5 AN515-58 UN.QFHSI.026 Gaming
hp,HP Omen 16-wd0990TX Gaming,HP Omen 16-wd0990TX Gaming Laptop (13th Gen Core i5/ 16GB/ 512GB SSD/ Win11 Home/ 6GB Graph),core i5,não identificado,16,512,16.1,não identificado,gamer,hp_hpomen16-wd0990txgaming_corei5_16,HP Omen 16-wd0990TX Gaming
msi,MSI Katana GF66 12UCOK 2023 Gaming,MSI Katana GF66 12UCOK 2023 Gaming Laptop (12th Gen Core i5/ 16GB/ 512GB SSD/ Win11 Home/ 4GB Graph),core i5,não identificado,16,512,15.6,2023,gamer,msi_msikatanagf6612ucok2023gaming_corei5_16,MSI Katana GF66 12UCOK Gaming
msi,MSI Thin GF63 11SC-1477IN Gaming,MSI Thin GF63 11SC-1477IN Gaming Laptop (11th Gen Core i5/ 8GB/ 512GB SSD/ Win11 Home/ 4GB Graph),core i5,não identificado,8,512,15.6,não identificado,gamer,msi_msithingf6311sc-1477ingaming_corei5_8,MSI Thin GF63 11SC-1477IN Gaming
lenovo,Lenovo IdeaPad Gaming 3 82K101LHIN,Lenovo IdeaPad Gaming 3 82K101LHIN Laptop (11th Gen Core i5/ 16GB/ 512GB SSD/ Win11 Home/ 4GB Graph),core i5,não identificado,16,512,15.6,não identificado,gamer,lenovo_lenovoideapadgaming382k101lhin_corei5_16,Lenovo IdeaPad Gaming 3 82K101LHIN
lenovo,Lenovo IdeaPad Gaming 3 82K2025LIN,Lenovo IdeaPad Gaming 3 82K2025LIN Laptop (AMD Ryzen 5 5600H/ 16GB/ 512GB SSD/ Win11 Home/ 4GB Graph),ryzen 5,não identificado,16,512,15.6,não identificado,gamer,lenovo_lenovoideapadgaming382k2025lin_ryzen5_16,Lenovo IdeaPad Gaming 3 82K2025LIN
asus,Asus ROG Zephyrus G14 2023 GA402XU-N2045WS Gaming,Asus ROG Zephyrus G14 2023 GA402XU-N2045WS Gaming Laptop (AMD Ryzen 9 7940HS/ 16GB/ 1TB SSD/ Win11/ 6GB Graph),ryzen 9,não identificado,16,1024,14.0,2023,gamer,asus_asusrogzephyrusg142023ga402xu-_ryzen9_16,Asus ROG Zephyrus G14 GA402XU-N2045WS Gaming
asus,Asus TUF Gaming F15 FX506HF-HN026W Gaming,Asus TUF Gaming F15 FX506HF-HN026W Gaming Laptop (11th Gen Core i5/ 8GB/ 1TB SSD/ Win11/ 4GB Graph),core i5,não identificado,8,1024,15.6,não identificado,gamer,asus_asustufgamingf15fx506hf-hn026w_corei5_8,Asus TUF Gaming F15 FX506HF-HN026W Gaming
lenovo,Lenovo IdeaPad Gaming 3 82K2022VIN,Lenovo IdeaPad Gaming 3 82K2022VIN Laptop (AMD Ryzen 5-5600H/ 8GB/ 512GB SSD/ Win11 Home/ 4GB Graph),ryzen 5,não identificado,8,512,15.6,não identificado,gamer,lenovo_lenovoideapadgaming382k2022vin_ryzen5_8,Lenovo IdeaPad Gaming 3 82K2022VIN
msi,MSI Cyborg 15 A12VF-049IN Gaming,MSI Cyborg 15 A12VF-049IN Gaming Laptop (12th Gen Core i7/ 16GB/ 512GB SSD/ Win11 Home/ 8GB Graph),core i7,não identificado,16,512,15.6,não identificado,gamer,msi_msicyborg15a12vf-049ingaming_corei7_16,MSI Cyborg 15 A12VF-049IN Gaming
acer,Acer Aspire 5 A515-58M 2023 Gaming,Acer Aspire 5 A515-58M 2023 Gaming Laptop (13th Gen Core i3/ 8GB/ 512GB SSD/ Win11 Home),core i3,não identificado,8,512,15.6,2023,gamer,acer_aceraspire5a515-58m2023gaming_corei3_8,Acer Aspire 5 A515-58M Gaming
msi,MSI Bravo 15 C7UCXK-094IN Gaming,MSI Bravo 15 C7UCXK-094IN Gaming Laptop (AMD Ryzen 5 7535HS/ 16 GB RAM/ 512 GB SSD/ Win 11/ 4 GB Graphics),ryzen 5,não identificado,16,512,15.6,não identificado,gamer,msi_msibravo15c7ucxk-094ingaming_ryzen5_16,MSI Bravo 15 C7UCXK-094IN Gaming
msi,MSI Bravo 15 C7UCXK-095IN Gaming,MSI Bravo 15 C7UCXK-095IN Gaming Laptop (AMD Ryzen 5 7535HS/ 8 GB RAM/ 512 GB SSD/ Win 11/ 4 GB Graphics),ryzen 5,não identificado,8,512,15.6,não identificado,gamer,msi_msibravo15c7ucxk-095ingaming_ryzen5_8,MSI Bravo 15 C7UCXK-095IN Gaming
msi,MSI Bravo 15 C7VFK-087IN Gaming,MSI Bravo 15 C7VFK-087IN Gaming Laptop (AMD Ryzen 7 7735HS/ 16GB/ 1TB SSD/ Win11 Home/ 8GB Graph),ryzen 7,não identificado,16,1024,15.6,não identificado,gamer,msi_msibravo15c7vfk-087ingaming_ryzen7_16,MSI Bravo 15 C7VFK-087IN Gaming
msi,MSI Bravo 15 C7UDXK-093IN Gaming,MSI Bravo 15 C7UDXK-093IN Gaming Laptop (AMD Ryzen 5 7535HS/ 16 GB RAM/ 512 GB SSD/ Win 11/ 6 GB Graphics),ryzen 5,não identificado,16,512,15.6,não identificado,gamer,msi_msibravo15c7udxk-093ingaming_ryzen5_16,MSI Bravo 15 C7UDXK-093IN Gaming
msi,MSI Bravo 15 C7VEK-088IN Gaming,MSI Bravo 15 C7VEK-088IN Gaming Laptop (AMD Ryzen 7 7735HS/ 16GB/ 1TB SSD/ Win11 Home/ 6GB Graph),ryzen 7,não identificado,16,1024,15.6,não identificado,gamer,msi_msibravo15c7vek-088ingaming_ryzen7_16,MSI Bravo 15 C7VEK-088IN Gaming
msi,MSI Thin GF63 11UCX-1471IN Gaming,MSI Thin GF63 11UCX-1471IN Gaming Laptop (11th Gen Core i5/ 8GB/ 512GB SSD/ Win11 Home/ 4GB Graph),core i5,não identificado,8,512,15.6,não identificado,gamer,msi_msithingf6311ucx-1471ingaming_corei5_8,MSI Thin GF63 11UCX-1471IN Gaming
msi,MSI Bravo 17 C7VEK-035IN Gaming,MSI Bravo 17 C7VEK-035IN Gaming Laptop (AMD Ryzen 7 7735HS/ 16GB/ 1TB SSD/ Win11 Home/ 6GB Graph),ryzen 7,não identificado,16,1024,17.3,não identificado,gamer,msi_msibravo17c7vek-035ingaming_ryzen7_16,MSI Bravo 17 C7VEK-035IN Gaming
msi,MSI Bravo 15 C7VEK-089IN Gaming,MSI Bravo 15 C7VEK-089IN Gaming Laptop (AMD Ryzen 5 7535HS/ 16GB/ 512GB SSD/ Win11 Home/ 6GB Graph),ryzen 5,não identificado,16,512,15.6,não identificado,gamer,msi_msibravo15c7vek-089ingaming_ryzen5_16,MSI Bravo 15 C7VEK-089IN Gaming
msi,MSI Thin GF63 11UC-1475IN Gaming,MSI Thin GF63 11UC-1475IN Gaming Laptop (11th Gen Core i5/ 8GB/ 512GB SSD/ Win11 Home/ 4GB Graph),core i5,não identificado,8,512,15.6,não identificado,gamer,msi_msithingf6311uc-1475ingaming_corei5_8,MSI Thin GF63 11UC-1475IN Gaming
dell,Dell Alienware x14 R2 Gaming,Dell Alienware x14 R2 Gaming Laptop (13th Gen Core i7/ 16GB/ 1TB SSD/ Win 11/ 6GB Graph),core i7,não identificado,16,1024,14.0,não identificado,gamer,dell_dellalienwarex14r2gaming_corei7_16,Dell Alienware x14 R2 Gaming
acer,Acer Aspire 7 A715-76G UN.QMESI.004 Gaming,Acer Aspire 7 A715-76G UN.QMESI.004 Gaming Laptop (12th Gen Core i5/ 16GB/ 512GB SSD/ Win11 Home/ 4GB Graph),core i5,não identificado,16,512,15.6,não identificado,gamer,acer_aceraspire7a715-76gun.qmesi.00_corei5_16,Acer Aspire 7 A715-76G UN.QMESI.004 Gaming
hp,HP Victus 16-d0302TX Gaming,HP Victus 16-d0302TX Gaming Laptop (11th Gen Core i5/ 8GB/ 512GB SSD/ Win11/ 4GB Graph),core i5,não identificado,8,512,16.1,não identificado,gamer,hp_hpvictus16-d0302txgaming_corei5_8,HP Victus 16-d0302TX Gaming
dell,Dell G16-7630 2023 Gaming,Dell G16-7630 2023 Gaming Laptop (13th Gen Core i7/ 16GB/ 1TB SSD/ Win11/ 8GB Graph),core i7,não identificado,16,1024,16.0,2023,gamer,dell_dellg16-76302023gaming_corei7_16,Dell G16-7630 Gaming
dell,Dell 2023 G16-7630 Gaming,Dell 2023 G16-7630 Gaming Laptop (13th Gen Core i7/ 32GB/ 1TB SSD/ Win11/ 8GB Graph),core i7,não identificado,32,1024,16.0,2023,gamer,dell_dell2023g16-7630gaming_corei7_32,Dell G16-7630 Gaming
hp,HP Victus 15-fb0137AX Gaming,HP Victus 15-fb0137AX Gaming Laptop (Ryzen 7 5800H/ 16GB/ 512GB SSD/ Win11/ 4GB Graph),ryzen 7,não identificado,16,512,15.6,não identificado,gamer,hp_hpvictus15-fb0137axgaming_ryzen7_16,HP Victus 15-fb0137AX Gaming
hp,HP Victus 15-fb0133AX Gaming,HP Victus 15-fb0133AX Gaming Laptop (AMD Ryzen 5 5600H/ 16GB/ 512GB SSD/ Win11/ 4GB Graph),ryzen 5,não identificado,16,512,15.6,não identificado,gamer,hp_hpvictus15-fb0133axgaming_ryzen5_16,HP Victus 15-fb0133AX Gaming
hp,HP Victus 15-fb0136AX Gaming,HP Victus 15-fb0136AX Gaming Laptop (AMD Ryzen 5 5600H/ 16GB/ 512GB SSD/ Win11/ 4GB Graph),ryzen 5,não identificado,16,512,15.6,não identificado,gamer,hp_hpvictus15-fb0136axgaming_ryzen5_16,HP Victus 15-fb0136AX Gaming
msi,MSI Katana 15 B12UDXK-1017IN Gaming,MSI Katana 15 B12UDXK-1017IN Gaming Laptop (12th Gen Core i7/ 8GB/ 512GB SSD/ Win11 Home/ 6GB Graph),core i7,não identificado,8,512,15.6,não identificado,gamer,msi_msikatana15b12udxk-1017ingamin_corei7_8,MSI Katana 15 B12UDXK-1017IN Gaming
msi,MSI Katana 15 B12UDXK-1019IN Gaming,MSI Katana 15 B12UDXK-1019IN Gaming Laptop (12th Gen Core i5/ 16GB/ 1TB SSD/ Win11 Home/ 6GB Graph),core i5,não identificado,16,1024,15.6,não identificado,gamer,msi_msikatana15b12udxk-1019ingamin_corei5_16,MSI Katana 15 B12UDXK-1019IN Gaming
hp,HP Victus 15-fb0135AX Gaming,HP Victus 15-fb0135AX Gaming Laptop (AMD Ryzen 5 5600H/ 8GB/ 512GB SSD/ Win11/ 4GB Graph),ryzen 5,não identificado,8,512,15.6,não identificado,gamer,hp_hpvictus15-fb0135axgaming_ryzen5_8,HP Victus 15-fb0135AX Gaming
dell,Dell G15-5530 Gaming 2023,Dell G15-5530 Gaming 2023 Laptop (13th Gen Core i7/ 16GB/ 512GB SSD/ Win11/ RTX 4060 8GB Graph),core i7,rtx 4060,16,512,15.6,2023,gamer,dell_dellg15-5530gaming2023_corei7_16,Dell G15-5530 Gaming
acer,Acer Aspire 5 A515-58P NX.KHJSI.001 Gaming,Acer Aspire 5 A515-58P NX.KHJSI.001 Gaming Laptop (13th Gen Core i3/ 8GB/ 512GB SSD/ Win11 Home),core i3,não identificado,8,512,15.6,não identificado,gamer,acer_aceraspire5a515-58pnx.khjsi.00_corei3_8,Acer Aspire 5 A515-58P NX.KHJSI.001 Gaming
dell,Dell G16-7630 Gaming,Dell G16-7630 Gaming Laptop (13th Gen Core i9/ 16GB/ 1TB SSD/ Win11/ 8GB Graph),core i9,não identificado,16,1024,16.0,não identificado,gamer,dell_dellg16-7630gaming_corei9_16,Dell G16-7630 Gaming
dell,Dell G15-5530 Gaming,Dell G15-5530 Gaming Laptop (13th Gen Core i7/ 16GB/ 512GB SSD/ Win11/ RTX 4050 6GB Graph),core i7,rtx 4050,16,512,15.6,não identificado,gamer,dell_dellg15-5530gaming_corei7_16,Dell G15-5530 Gaming
dell,Dell G15-5530 2023 Gaming,Dell G15-5530 2023 Gaming Laptop (13th Gen Core i7/ 16GB/ 512GB SSD/ Win11/ RTX 4050 6GB Graph),core i7,rtx 4050,16,512,15.6,2023,gamer,dell_dellg15-55302023gaming_corei7_16,Dell G15-5530 Gaming
dell,Dell G15-5530 GN553064GRM002ORB1 Gaming,Dell G15-5530 GN553064GRM002ORB1 Gaming Laptop (13th Gen Core i5/ 8GB/ 512GB SSD/ Win11/ 6GB Graph),core i5,não identificado,8,512,15.6,não identificado,gamer,dell_dellg15-5530gn553064grm002orb1_corei5_8,Dell G15-5530 GN553064GRM002ORB1 Gaming
acer,Acer Aspire 5 A515-58M NX.KHGSI.002 Gaming,Acer Aspire 5 A515-58M NX.KHGSI.002 Gaming Laptop (13th Gen Core i5/ 16GB/ 512GB SSD/ Win11 Home),core i5,não identificado,16,512,15.6,não identificado,gamer,acer_aceraspire5a515-58mnx.khgsi.00_corei5_16,Acer Aspire 5 A515-58M NX.KHGSI.002 Gaming
acer,Acer Aspire 5 A515-58M NX.KHFSI.001 Gaming,Acer Aspire 5 A515-58M NX.KHFSI.001 Gaming Laptop (13th Gen Core i5/ 8GB/ 512GB SSD/ Win11 Home),core i5,não identificado,8,512,15.6,não identificado,gamer,acer_aceraspire5a515-58mnx.khfsi.00_corei5_8,Acer Aspire 5 A515-58M NX.KHFSI.001 Gaming
msi,MSI Stealth 17 Studio A13VG-029IN Gaming,MSI Stealth 17 Studio A13VG-029IN Gaming Laptop (13th Gen Core i7/ 16GB/ 2TB SSD/ Win11 Home/ 8GB Graph),core i7,não identificado,16,2048,17.3,não identificado,gamer,msi_msistealth17studioa13vg-029ing_corei7_16,MSI Stealth 17 Studio A13VG-029IN Gaming
asus,Asus TUF A15 FA577RM-HQ032WS,Asus TUF A15 FA577RM-HQ032WS Laptop (Ryzen 7 6800H/ 16GB/ 1TB SSD/ Win11 Home/ 6GB Graph),ryzen 7,não identificado,16,1024,15.6,não identificado,gamer,asus_asustufa15fa577rm-hq032ws_ryzen7_16,Asus TUF A15 FA577RM-HQ032WS
asus,Asus TUF Gaming F15 2023 FX507VU-LP083WS Gaming,Asus TUF Gaming F15 2023 FX507VU-LP083WS Gaming Laptop (13th Gen Core i7/ 16GB/ 512GB SSD/ Win11 Home/ 6GB Graph),core i7,não identificado,16,512,15.6,2023,gamer,asus_asustufgamingf152023fx507vu-lp_corei7_16,Asus TUF Gaming F15 FX507VU-LP083WS Gaming
asus,Asus ROG Zephyrus G14 2023 GA402XV-N2034WS Gaming,Asus ROG Zephyrus G14 2023 GA402XV-N2034WS Gaming Laptop (AMD Ryzen 9 7940HS/ 32GB/ 1TB SSD/ Win11/ 8GB Graph),ryzen 9,não identificado,32,1024,14.0,2023,gamer,asus_asusrogzephyrusg142023ga402xv-_ryzen9_32,Asus ROG Zephyrus G14 GA402XV-N2034WS Gaming
asus,Asus TUF Gaming A15 2023 FA577XU-LP041WS Gaming,Asus TUF Gaming A15 2023 FA577XU-LP041WS Gaming Laptop (AMD Ryzen 9 7940HS/ 16GB/ 1TB SSD/ Win11 Home/ 6GB Graph),ryzen 9,não identificado,16,1024,15.6,2023,gamer,asus_asustufgaminga152023fa577xu-lp_ryzen9_16,Asus TUF Gaming A15 FA577XU-LP041WS Gaming
asus,Asus TUF Gaming A15 2023 FA577XV-HQ036WS Gaming,Asus TUF Gaming A15 2023 FA577XV-HQ036WS Gaming Laptop (AMD Ryzen 9 7940HS/ 16GB/ 1TB SSD/ Win11 Home/ 8GB Graph),ryzen 9,não identificado,16,1024,15.6,2023,gamer,asus_asustufgaminga152023fa577xv-hq_ryzen9_16,Asus TUF Gaming A15 FA577XV-HQ036WS Gaming
asus,Asus ROG Strix G16 2023 G614JU-N3221WS Gaming,Asus ROG Strix G16 2023 G614JU-N3221WS Gaming Laptop (13th Gen Core i5/ 16GB/ 1TB SSD/ Win11/ 6GB Graph),core i5,não identificado,16,1024,16.0,2023,gamer,asus_asusrogstrixg162023g614ju-n322_corei5_16,Asus ROG Strix G16 G614JU-N3221WS Gaming
asus,Asus TUF Gaming A15 FA577NU-LP082W Gaming,Asus TUF Gaming A15 FA577NU-LP082W Gaming Laptop (AMD Ryzen 7 7735HS/ 16GB/ 512GB SSD/ Win11/ 6GB Graph),ryzen 7,não identificado,16,512,15.6,não identificado,gamer,asus_asustufgaminga15fa577nu-lp082w_ryzen7_16,Asus TUF Gaming A15 FA577NU-LP082W Gaming
asus,Asus ROG Zephyrus G14 2023 GA402XZ-N2020WS Gaming,Asus ROG Zephyrus G14 2023 GA402XZ-N2020WS Gaming Laptop (AMD Ryzen 9 7940HS/ 32GB/ 1TB SSD/ Win11/ 12GB Graph),ryzen 9,não identificado,32,1024,14.0,2023,gamer,asus_asusrogzephyrusg142023ga402xz-_ryzen9_32,Asus ROG Zephyrus G14 GA402XZ-N2020WS Gaming
asus,Asus ROG Zephyrus G14 2023 GA402NU-N2023WS Gaming,Asus ROG Zephyrus G14 2023 GA402NU-N2023WS Gaming Laptop (AMD Ryzen 7 7735HS/ 16GB/ 1TB SSD/ Win11/ 6GB Graph),ryzen 7,não identificado,16,1024,14.0,2023,gamer,asus_asusrogzephyrusg142023ga402nu-_ryzen7_16,Asus ROG Zephyrus G14 GA402NU-N2023WS Gaming
asus,Asus TUF Gaming A17 FA777XU-HX026WS Gaming,Asus TUF Gaming A17 FA777XU-HX026WS Gaming Laptop (AMD Ryzen 9 7940HS / 16GB/ 1TB SSD/ Win11 Home/ 6GB Graph),ryzen 9,não identificado,16,1024,17.3,não identificado,gamer,asus_asustufgaminga17fa777xu-hx026w_ryzen9_16,Asus TUF Gaming A17 FA777XU-HX026WS Gaming
asus,Asus ROG Flow Z13 2023 GZ301VV-MU014WS Gaming,Asus ROG Flow Z13 2023 GZ301VV-MU014WS Gaming Laptop (13th Gen Core i9/ 16GB/ 1TB SSD/ Win11 Home/ 8GB Graph),core i9,não identificado,16,1024,13.4,2023,gamer,asus_asusrogflowz132023gz301vv-mu01_corei9_16,Asus ROG Flow Z13 GZ301VV-MU014WS Gaming
asus,Asus TUF Gaming F15 2023 FX507VV-LP071WS Gaming,Asus TUF Gaming F15 2023 FX507VV-LP071WS Gaming Laptop (13th Gen Core i9/ 16GB/1TB SSD/ Win11 Home/ 8GB Graph),core i9,não identificado,16,1024,15.6,2023,gamer,asus_asustufgamingf152023fx507vv-lp_corei9_16,Asus TUF Gaming F15 FX507VV-LP071WS Gaming
hp,HP Victus 15-fa0092TX Gaming,HP Victus 15-fa0092TX Gaming Laptop (12th Gen Core i5/ 16GB/ 512GB SSD/ Win11/ 4GB Graph),core i5,não identificado,16,512,15.6,não identificado,gamer,hp_hpvictus15-fa0092txgaming_corei5_16,HP Victus 15-fa0092TX Gaming
acer,Acer Predator Helios 16 PH16-71 Gaming,Acer Predator Helios 16 PH16-71 Gaming Laptop (13th Gen Core i7/ 16GB/ 512GB SSD/ Win11/ 8GB Graph),core i7,não identificado,16,512,16.0,não identificado,gamer,acer_acerpredatorhelios16ph16-71gam_corei7_16,Acer Predator Helios 16 PH16-71 Gaming
dell,Dell Alienware x14 R2 2023 Gaming,Dell Alienware x14 R2 2023 Gaming Laptop (13th Gen Core i7/ 32GB/ 1TB SSD/ Win 11/ 8GB Graph),core i7,não identificado,32,1024,14.0,2023,gamer,dell_dellalienwarex14r22023gaming_corei7_32,Dell Alienware x14 R2 Gaming
dell,Dell Alienware m16 Gaming,Dell Alienware m16 Gaming Laptop (13th Gen Core i7/ 16GB/ 1TB SSD/ Win 11/ 8GB Graph),core i7,não identificado,16,1024,16.0,não identificado,gamer,dell_dellalienwarem16gaming_corei7_16,Dell Alienware m16 Gaming
msi,MSI Thin GF63 12UCX-269IN Gaming,MSI Thin GF63 12UCX-269IN Gaming Laptop (12th Gen Core i5/ 16GB/ 1TB 256GB SSD/ Win11 Home/ 4GB Graph),core i5,não identificado,16,1024,15.6,não identificado,gamer,msi_msithingf6312ucx-269ingaming_corei5_16,MSI Thin GF63 12UCX-269IN Gaming
msi,MSI Katana 15 B12UDXK-1006IN Gaming,MSI Katana 15 B12UDXK-1006IN Gaming Laptop (12th Gen Core i5/ 8GB/ 512GB SSD/ Win11 Home/ 6GB Graph),core i5,não identificado,8,512,15.6,não identificado,gamer,msi_msikatana15b12udxk-1006ingamin_corei5_8,MSI Katana 15 B12UDXK-1006IN Gaming
msi,MSI Thin GF63 12VE-267IN Gaming,MSI Thin GF63 12VE-267IN Gaming Laptop (12th Gen Core i5/ 16GB/ 1TB 256GB SSD/ Win11/6GB Graphics),core i5,não identificado,16,1024,15.6,não identificado,gamer,msi_msithingf6312ve-267ingaming_corei5_16,MSI Thin GF63 12VE-267IN Gaming
msi,MSI Stealth 16 Studio A13VG-030IN Gaming,MSI Stealth 16 Studio A13VG-030IN Gaming Laptop (13th Gen Core i7/ 32GB/ 1TB SSD/ Win11 Home/ 8GB Graph),core i7,não identificado,32,1024,16.0,não identificado,gamer,msi_msistealth16studioa13vg-030ing_corei7_32,MSI Stealth 16 Studio A13VG-030IN Gaming
msi,MSI GF63 Thin 11SC-1298IN Gaming,MSI GF63 Thin 11SC-1298IN Gaming Laptop (11th Gen Core i7/ 16GB/ 1TB 256GB SSD/ Win11/ 4GB Graph),core i7,não identificado,16,1024,15.6,não identificado,gamer,msi_msigf63thin11sc-1298ingaming_corei7_16,MSI GF63 Thin 11SC-1298IN Gaming
lenovo,Lenovo IdeaPad Gaming 3 15ACH6 82K2022XIN,Lenovo IdeaPad Gaming 3 15ACH6 82K2022XIN Laptop (AMD Ryzen 7-5800H/ 8GB/ 512GB SSD/ Win11 Home/ 4GB Graph),ryzen 7,não identificado,8,512,15.6,não identificado,gamer,lenovo_lenovoideapadgaming315ach682k2_ryzen7_8,Lenovo IdeaPad Gaming 3 15ACH6 82K2022XIN
lenovo,Lenovo Ideapad Gaming 3 15ACH6 82K20145IN,Lenovo Ideapad Gaming 3 15ACH6 82K20145IN Laptop (Ryzen 7 5800H/ 16GB/ 512GB SSD/ Win11 Home/ 4GB Graph),ryzen 7,não identificado,16,512,15.6,não identificado,gamer,lenovo_lenovoideapadgaming315ach682k2_ryzen7_16,Lenovo Ideapad Gaming 3 15ACH6 82K20145IN
dell,Dell Alienware X16 R1 Gaming,Dell Alienware X16 R1 Gaming Laptop (13th Gen Core i9/ 32GB/ 1TB SSD/ Win 11/ 12GB Graph),core i9,não identificado,32,1024,16.0,não identificado,gamer,dell_dellalienwarex16r1gaming_corei9_32,Dell Alienware X16 R1 Gaming
dell,Dell Alienware M18 R1 Gaming,Dell Alienware M18 R1 Gaming Laptop (13th Gen Core i9/ 32GB/ 1TB SSD/ Win 11/ 12GB Graph),core i9,não identificado,32,1024,18.0,não identificado,gamer,dell_dellalienwarem18r1gaming_corei9_32,Dell Alienware M18 R1 Gaming
acer,Acer 16 Predator Neo NH.QLTSI.001,Acer 16 Predator Neo NH.QLTSI.001 Laptop (13th Gen Core i5/ 16GB/ 512GB SSD/ Win11/ 6GB Graph),core i5,não identificado,16,512,16.0,não identificado,gamer,acer_acer16predatorneonh.qltsi.001_corei5_16,Acer 16 Predator Neo NH.QLTSI.001
acer,Acer Predator Helios Neo 16 NH.QLTSI.002,Acer Predator Helios Neo 16 NH.QLTSI.002 Laptop (13th Gen Core i7/ 16GB/ 512GB SSD/ Win11/ 6GB Graph),core i7,não identificado,16,512,16.0,não identificado,gamer,acer_acerpredatorheliosneo16nh.qlts_corei7_16,Acer Predator Helios Neo 16 NH.QLTSI.002
hp,HP Victus 15-fb0122AX Gaming,HP Victus 15-fb0122AX Gaming Laptop (AMD Ryzen 5 5600H/ 8GB/ 512GB SSD/ Win11/ 4GB Graph),ryzen 5,não identificado,8,512,15.6,não identificado,gamer,hp_hpvictus15-fb0122axgaming_ryzen5_8,HP Victus 15-fb0122AX Gaming
acer,Acer Nitro 5 AN515-46 Gaming,Acer Nitro 5 AN515-46 Gaming Laptop (Ryzen 5 6600H/ 16GB/ 1TB SSD/ Win11 Home/ 4GB Graph),ryzen 5,não identificado,16,1024,15.6,não identificado,gamer,acer_acernitro5an515-46gaming_ryzen5_16,Acer Nitro 5 AN515-46 Gaming
hp,HP Victus 15-fa1066TX Gaming,HP Victus 15-fa1066TX Gaming Laptop (13th Gen Core i7/ 16GB/ 512GB SSD/ Win11 Home/ 6GB Graph),core i7,não identificado,16,512,15.6,não identificado,gamer,hp_hpvictus15-fa1066txgaming_corei7_16,HP Victus 15-fa1066TX Gaming
hp,HP Victus 16-d0333TX Gaming,HP Victus 16-d0333TX Gaming Laptop (11th Gen Core i5/ 16GB/ 512GB SSD/ Win11/ 4GB Graph),core i5,não identificado,16,512,16.1,não identificado,gamer,hp_hpvictus16-d0333txgaming_corei5_16,HP Victus 16-d0333TX Gaming
hp,HP Victus 15-fb0121AX Gaming,HP Victus 15-fb0121AX Gaming Laptop (AMD Ryzen 5 5600H/ 8GB/ 512GB SSD/ Win11/ 4GB Graph),ryzen 5,não identificado,8,512,15.6,não identificado,gamer,hp_hpvictus15-fb0121axgaming_ryzen5_8,HP Victus 15-fb0121AX Gaming
hp,HP Omen 16-n0123AX Gaming,HP Omen 16-n0123AX Gaming Laptop (AMD Ryzen 7 6800H/ 16GB/ 1TB SSD/ Win11/ 8GB Graph),ryzen 7,não identificado,16,1024,16.1,não identificado,gamer,hp_hpomen16-n0123axgaming_ryzen7_16,HP Omen 16-n0123AX Gaming
msi,MSI Raider GE68HX 13VG-027IN Gaming,MSI Raider GE68HX 13VG-027IN Gaming Laptop (13th Gen Core i9/ 32GB/ 2TB SSD/ Win11 Home/ 8GB Graph),core i9,não identificado,32,2048,16.0,não identificado,gamer,msi_msiraiderge68hx13vg-027ingamin_corei9_32,MSI Raider GE68HX 13VG-027IN Gaming
msi,MSI Thin GF63 12UCX-265IN Gaming,MSI Thin GF63 12UCX-265IN Gaming Laptop (12th Gen Core i5/ 16GB/ 512GB SSD/ Win11 Home/ 4GB Graph),core i5,não identificado,16,512,15.6,não identificado,gamer,msi_msithingf6312ucx-265ingaming_corei5_16,MSI Thin GF63 12UCX-265IN Gaming
msi,MSI GF63 Thin 11UC-1295IN Gaming,MSI GF63 Thin 11UC-1295IN Gaming Laptop (11th Gen Core i5/ 16GB/ 1TB 256GB SSD/ Win11 Home/ 4GB Graph),core i5,não identificado,16,1024,15.6,não identificado,gamer,msi_msigf63thin11uc-1295ingaming_corei5_16,MSI GF63 Thin 11UC-1295IN Gaming
acer,Acer Nitro 5 AN515-47 2023 Gaming,Acer Nitro 5 AN515-47 2023 Gaming Laptop (AMD Ryzen 5 7535HS/ 16GB/ 512GB SSD/ Win11/ 4GB Graph),ryzen 5,não identificado,16,512,15.6,2023,gamer,acer_acernitro5an515-472023gaming_ryzen5_16,Acer Nitro 5 AN515-47 Gaming
acer,Acer Predator Helios 16 PH16-71,Acer Predator Helios 16 PH16-71 Laptop (13th Gen Core i7/ 32GB/ 1TB SSD/ Win11/ 8GB Graph),core i7,não identificado,32,1024,16.0,não identificado,gamer,acer_acerpredatorhelios16ph16-71_corei7_32,Acer Predator Helios 16 PH16-71
acer,Acer Nitro 5 AN515-47 Gaming,Acer Nitro 5 AN515-47 Gaming Laptop (AMD Ryzen 7 7735HS/ 16GB/ 512GB SSD/ Win11 Home/ 4GB Graph),ryzen 7,não identificado,16,512,15.6,não identificado,gamer,acer_acernitro5an515-47gaming_ryzen7_16,Acer Nitro 5 AN515-47 Gaming
msi,MSI Stealth 16 Studio A13VF-023IN Gaming,MSI Stealth 16 Studio A13VF-023IN Gaming Laptop (13th Gen Core i7/ 32GB/ 1TB SSD/ Win11 Home/ 8GB Graph),core i7,não identificado,32,1024,15.6,não identificado,gamer,msi_msistealth16studioa13vf-023ing_corei7_32,MSI Stealth 16 Studio A13VF-023IN Gaming
msi,MSI Raider GE68HX 13VG-026IN Gaming,MSI Raider GE68HX 13VG-026IN Gaming Laptop (13th Gen Core i7/ 32GB/ 2TB SSD/ Win11 Home/ 8GB Graph),core i7,não identificado,32,2048,16.0,não identificado,gamer,msi_msiraiderge68hx13vg-026ingamin_corei7_32,MSI Raider GE68HX 13VG-026IN Gaming
msi,MSI Stealth 14 Studio A13VF-037IN Gaming,MSI Stealth 14 Studio A13VF-037IN Gaming Laptop (13th Gen Core i7/ 16GB/ 1TB SSD/ Win11 Home/ 8GB Graph),core i7,não identificado,16,1024,15.6,não identificado,gamer,msi_msistealth14studioa13vf-037ing_corei7_16,MSI Stealth 14 Studio A13VF-037IN Gaming
msi,MSI GF63 Thin 11UC-1297IN Gaming,MSI GF63 Thin 11UC-1297IN Gaming Laptop (11th Gen Core i5/ 8GB/ 1TB 256GB SSD/ Win11 Home/ 4GB Graph),core i5,não identificado,8,1024,15.6,não identificado,gamer,msi_msigf63thin11uc-1297ingaming_corei5_8,MSI GF63 Thin 11UC-1297IN Gaming
msi,MSI Bravo 15 B5ED-035IN Gaming,MSI Bravo 15 B5ED-035IN Gaming Laptop (AMD Ryzen 7 / 16GB/ 512GB SSD/ Win11 Home/ 4GB Graph),ryzen 7,não identificado,16,512,15.6,não identificado,gamer,msi_msibravo15b5ed-035ingaming_ryzen7_16,MSI Bravo 15 B5ED-035IN Gaming
acer,Acer Aspire 7 A715-75G Gaming,Acer Aspire 7 A715-75G Gaming Laptop (10th Gen Core i5/ 8GB/ 512GB SSD/ Win11 Home/ 4GB Graph),core i5,não identificado,8,512,15.6,não identificado,gamer,acer_aceraspire7a715-75ggaming_corei5_8,Acer Aspire 7 A715-75G Gaming
acer,Acer Predator Helios 16 NH.QJRSI.003,Acer Predator Helios 16 NH.QJRSI.003 Laptop (13th Gen Core i9/ 16GB/ 1TB SSD/ Win11/ 8GB Graph),core i9,não identificado,16,1024,16.0,não identificado,gamer,acer_acerpredatorhelios16nh.qjrsi.0_corei9_16,Acer Predator Helios 16 NH.QJRSI.003
acer,Acer Predator Helios 16,Acer Predator Helios 16 Laptop (13th Gen Core i9/ 32GB/ 1TB SSD/ Win11/ 12GB Graph),core i9,não identificado,32,1024,16.0,não identificado,gamer,acer_acerpredatorhelios16_corei9_32,Acer Predator Helios 16
asus,Asus ROG Zephyrus M16 2023 GU604VZ-NM050WS,Asus ROG Zephyrus M16 2023 GU604VZ-NM050WS Laptop (13th Gen Core i9/ 32GB/ 1TB SSD/ Win11 / 12GB Graph),core i9,não identificado,32,1024,16.0,2023,gamer,asus_asusrogzephyrusm162023gu604vz-_corei9_32,Asus ROG Zephyrus M16 GU604VZ-NM050WS
acer,Acer Nitro 5 AN515-58 UN.QFHSI.002 Gaming,Acer Nitro 5 AN515-58 UN.QFHSI.002 Gaming Laptop (12th Gen Core i5/ 16GB/ 512GB SSD/ Win11/ 4GB Graph),core i5,não identificado,16,512,15.6,não identificado,gamer,acer_acernitro5an515-58un.qfhsi.002_corei5_16,Acer Nitro 5 AN515-58 UN.QFHSI.002 Gaming
msi,MSI Sword 15 A12UDX-468IN Gaming,MSI Sword 15 A12UDX-468IN Gaming Laptop (12th Gen Core i5/ 16GB/ 1TB SSD/ Win11/ 6GB Graph),core i5,não identificado,16,1024,15.6,não identificado,gamer,msi_msisword15a12udx-468ingaming_corei5_16,MSI Sword 15 A12UDX-468IN Gaming
acer,Acer Nitro 5 AN515-47 NH.QL3SI.001 Gaming,Acer Nitro 5 AN515-47 NH.QL3SI.001 Gaming Laptop (AMD Ryzen 5 7535HS/ 8GB/ 512GB SSD/ Win11/ 4GB Graph),ryzen 5,não identificado,8,512,15.6,não identificado,gamer,acer_acernitro5an515-47nh.ql3si.001_ryzen5_8,Acer Nitro 5 AN515-47 NH.QL3SI.001 Gaming
msi,MSI Katana 15 B13VFK-296IN Gaming,MSI Katana 15 B13VFK-296IN Gaming Laptop (13th Gen Core i7/ 16GB/ 1TB SSD/ Win11 Home/ 8GB Graph),core i7,não identificado,16,1024,15.6,não identificado,gamer,msi_msikatana15b13vfk-296ingaming_corei7_16,MSI Katana 15 B13VFK-296IN Gaming
acer,Acer Nitro 5 AN515-47 NH.QL3SI.003 Gaming,Acer Nitro 5 AN515-47 NH.QL3SI.003 Gaming Laptop (AMD Ryzen 7 7735HS/ 8GB/ 512GB SSD/ Win11 Home/ 4GB Graph),ryzen 7,não identificado,8,512,15.6,não identificado,gamer,acer_acernitro5an515-47nh.ql3si.003_ryzen7_8,Acer Nitro 5 AN515-47 NH.QL3SI.003 Gaming
msi,MSI Thin GF63 12VE-070IN Gaming,MSI Thin GF63 12VE-070IN Gaming Laptop (12th Gen Core i7/ 16GB/ 512GB SSD/ Win11 Home/6GB Graphics),core i7,não identificado,16,512,15.6,não identificado,gamer,msi_msithingf6312ve-070ingaming_corei7_16,MSI Thin GF63 12VE-070IN Gaming
não identificado,Acer Nitro V,Acer Nitro V Intel Core i5 13th Gen 13420H - (16 GB/512...,13th gen,não identificado,16 gb,não identificado,15.6 inch,não identificado,gamer,gen_acernitrov_13thgen_16gb,Acer Nitro V
não identificado,Acer Nitro V,Acer Nitro V AMD Ryzen 7 Octa Core 7735HS - (16 GB/512 ...,não identificado,não identificado,16 gb,não identificado,15.6 inch,não identificado,gamer,gen_acernitrov_na_16gb,Acer Nitro V
não identificado,HP Victus,HP Victus Intel Core i5 13th Gen 13420H - (16 GB/512 GB...,13th gen,não identificado,16 gb,não identificado,15.6 inch,não identificado,gamer,gen_hpvictus_13thgen_16gb,HP Victus
não identificado,Lenovo Lenovo Legion Pro 7,Lenovo Lenovo Legion Pro 7 Intel Core i9 14th Gen 14900...,14th gen,não identificado,não identificado,não identificado,16 inch,não identificado,gamer,gen_lenovolenovolegionpro7_14thgen_na,Lenovo Lenovo Legion Pro 7
não identificado,HP Victus,HP Victus Intel Core i5 12th Gen 12450H - (8 GB/512 GB ...,12th gen,não identificado,8 gb,não identificado,15.6 inch,não identificado,gamer,gen_hpvictus_12thgen_8gb,HP Victus
não identificado,HP Victus AI,HP Victus AI AMD Ryzen 5 Hexa Core 8645HS - (16 GB/512 ...,não identificado,não identificado,16 gb,não identificado,15.6 inch,não identificado,gamer,gen_hpvictusai_na_16gb,HP Victus AI
não identificado,Acer Predator Neo,Acer Predator Neo Intel Core i7 13th Gen 13700HX - (16 ...,13th gen,não identificado,não identificado,não identificado,16 inch,não identificado,gamer,gen_acerpredatorneo_13thgen_na,Acer Predator Neo
não identificado,HP Victus 15,HP Victus 15 Intel Core i5 13th Gen 13420H - (16 GB/512...,13th gen,não identificado,16 gb,não identificado,15.6 inch,não identificado,gamer,gen_hpvictus15_13thgen_16gb,HP Victus 15
não identificado,Lenovo IdeaPad Gaming 3,Lenovo IdeaPad Gaming 3 Intel Core i5 12th Gen 12450H -...,12th gen,não identificado,não identificado,não identificado,15.6 inch,não identificado,gamer,gen_lenovoideapadgaming3_12thgen_na,Lenovo IdeaPad Gaming 3
não identificado,Lenovo Legion 5,Lenovo Legion 5 Intel Core i7 13th Gen 13650HX - (24 GB...,13th gen,não identificado,24 gb,não identificado,15.6 inch,não identificado,gamer,gen_lenovolegion5_13thgen_24gb,Lenovo Legion 5
não identificado,Acer Predator Helios 16,Acer Predator Helios 16 Intel Core i9 14th Gen 14900HX ...,14th gen,não identificado,não identificado,não identificado,16 inch,não identificado,gamer,gen_acerpredatorhelios16_14thgen_na,Acer Predator Helios 16
não identificado,Acer Aspire 5 Gaming,Acer Aspire 5 Gaming Intel Core i5 12th Gen 1240P - (16...,12th gen,não identificado,não identificado,não identificado,15.6 inch,não identificado,gamer,gen_aceraspire5gaming_12thgen_na,Acer Aspire 5 Gaming
não identificado,ASUS ROG Strix G16,ASUS ROG Strix G16 Intel Core i5 13th Gen 13450HX - (16...,13th gen,não identificado,não identificado,não identificado,16 inch,não identificado,gamer,gen_asusrogstrixg16_13thgen_na,ASUS ROG Strix G16
não identificado,Acer Nitro 5,Acer Nitro 5 AMD Ryzen 7 Octa Core 7735HS - (16 GB/512 ...,não identificado,não identificado,16 gb,não identificado,15.6 inch,não identificado,gamer,gen_acernitro5_na_16gb,Acer Nitro 5
não identificado,Acer Nitro 5,Acer Nitro 5 Intel Core i5 12th Gen 12500H - (8 GB/512 ...,12th gen,não identificado,8 gb,não identificado,15.6 inch,não identificado,gamer,gen_acernitro5_12thgen_8gb,Acer Nitro 5
não identificado,HP Victus,HP Victus AMD Ryzen 7 Octa Core 8845HS - (16 GB/1 TB SS...,não identificado,não identificado,16 gb,não identificado,15.6 inch,não identificado,gamer,gen_hpvictus_na_16gb,HP Victus
não identificado,HP Victus 15,HP Victus 15 AMD Ryzen 5 Hexa Core 5600H - (16 GB/512 G...,core 5600h,não identificado,16 gb,não identificado,15.6 inch,não identificado,gamer,gen_hpvictus15_core5600h_16gb,HP Victus 15
não identificado,DELL Alienware,DELL Alienware Intel Core i5 12th Gen 12500H - (16 GB/5...,12th gen,não identificado,16 gb,não identificado,14 inch,não identificado,gamer,gen_dellalienware_12thgen_16gb,DELL Alienware
não identificado,HP Victus,HP Victus Intel Core i5 12th Gen - (16 GB/512 GB SSD/Wi...,12th gen,não identificado,16 gb,512 gb ssd,15.6 inch,não identificado,gamer,gen_hpvictus_12thgen_16gb,HP Victus
não identificado,Lenovo IdeaPad Gaming 3,Lenovo IdeaPad Gaming 3 AMD Ryzen 7 Octa Core 5800H - (...,core 5800h,não identificado,não identificado,não identificado,15.6 inch,não identificado,gamer,gen_lenovoideapadgaming3_core5800h_na,Lenovo IdeaPad Gaming 3
não identificado,ASUS Vivobook Gaming,ASUS Vivobook Gaming Intel Core i7 10th Gen 10870H - (1...,10th gen,não identificado,não identificado,não identificado,15.6 inch,não identificado,gamer,gen_asusvivobookgaming_10thgen_na,ASUS Vivobook Gaming
não identificado,HP Victus Gaming 15,HP Victus Gaming 15-With Backlit Intel Core i7 12th Gen...,12th gen,não identificado,não identificado,não identificado,15.6 inch,não identificado,gamer,gen_hpvictusgaming15_12thgen_na,HP Victus Gaming 15
não identificado,ASUS TUF Gaming F16,ASUS TUF Gaming F16 Intel Core 5 210H - (16 GB/512 GB S...,intel core 5 210h,não identificado,16 gb,não identificado,16 inch,não identificado,gamer,gen_asustufgamingf16_intelcore5210h_16gb,ASUS TUF Gaming F16
não identificado,Lenovo IdeaPad Gaming 3,Lenovo IdeaPad Gaming 3 Intel Core i5 11th Gen 11300H -...,11th gen,não identificado,não identificado,não identificado,15.6 inch,não identificado,gamer,gen_lenovoideapadgaming3_11thgen_na,Lenovo IdeaPad Gaming 3
não identificado,HP Victus,HP Victus AMD Ryzen 7 Octa Core 5800H - (16 GB/512 GB S...,core 5800h,não identificado,16 gb,não identificado,15.6 inch,não identificado,gamer,gen_hpvictus_core5800h_16gb,HP Victus
não identificado,HP Victus,HP Victus AMD Ryzen 5 Hexa Core 7535HS - (8 GB/512 GB S...,não identificado,não identificado,8 gb,não identificado,15.6 inch,não identificado,gamer,gen_hpvictus_na_8gb,HP Victus
não identificado,HP Victus,HP Victus AMD Ryzen 5 Hexa Core 5600H - (8 GB/512 GB SS...,core 5600h,não identificado,8 gb,não identificado,15.6 inch,não identificado,gamer,gen_hpvictus_core5600h_8gb,HP Victus
não identificado,Acer Nitro 5,Acer Nitro 5 Intel Core i5 12th Gen 12450H - (16 GB/512...,12th gen,não identificado,16 gb,não identificado,15.6 inch,não identificado,gamer,gen_acernitro5_12thgen_16gb,Acer Nitro 5
não identificado,ASUS Vivobook Gaming,ASUS Vivobook Gaming Intel Core i5 9th Gen 9300H - (8 G...,9th gen,não identificado,não identificado,não identificado,15.6 inch,não identificado,gamer,gen_asusvivobookgaming_9thgen_na,ASUS Vivobook Gaming
não identificado,HP Victus,HP Victus AMD Ryzen 5 Hexa Core 5600H - (16 GB/512 GB S...,core 5600h,não identificado,16 gb,não identificado,15.6 inch,não identificado,gamer,gen_hpvictus_core5600h_16gb,HP Victus
não identificado,Lenovo IdeaPad Gaming 3,Lenovo IdeaPad Gaming 3 AMD Ryzen 5 Quad Core 5500H - (...,core 5500h,não identificado,não identificado,não identificado,15.6 inch,não identificado,gamer,gen_lenovoideapadgaming3_core5500h_na,Lenovo IdeaPad Gaming 3
não identificado,ASUS VivoBook Gaming,ASUS VivoBook Gaming Intel Core i5 8th Gen 8300H - (8 G...,8th gen,não identificado,não identificado,não identificado,15.6 inch,não identificado,gamer,gen_asusvivobookgaming_8thgen_na,ASUS VivoBook Gaming
não identificado,ASUS ROG Zephyrus M16,ASUS ROG Zephyrus M16 Intel Core i7 11th Gen - (16 GB/1...,11th gen,não identificado,16 gb,não identificado,16 inch,não identificado,gamer,gen_asusrogzephyrusm16_11thgen_16gb,ASUS ROG Zephyrus M16
não identificado,MSI Stealth 16 AI Studio,MSI Stealth 16 AI Studio Intel Core Ultra 9 185H - (32 ...,intel core ultra 9 185h,não identificado,não identificado,não identificado,16 inch,não identificado,gamer,gen_msistealth16aistudio_intelcoreultra9185h_na,MSI Stealth 16 AI Studio
não identificado,MSI Raider GE68 HX,MSI Raider GE68 HX Intel Core i9 14th Gen 14900HX - (32...,14th gen,não identificado,não identificado,não identificado,16 inch,não identificado,gamer,gen_msiraiderge68hx_14thgen_na,MSI Raider GE68 HX
não identificado,HP Victus Gaming,HP Victus Gaming AMD Ryzen 5 Hexa Core 5600H - (8 GB/51...,core 5600h,não identificado,8 gb,não identificado,15.6 inch,não identificado,gamer,gen_hpvictusgaming_core5600h_8gb,HP Victus Gaming
não identificado,Lenovo IdeaPad Gaming 3,Lenovo IdeaPad Gaming 3 Intel Core i5 10th Gen 10300H -...,10th gen,não identificado,não identificado,não identificado,15.6 inch,não identificado,gamer,gen_lenovoideapadgaming3_10thgen_na,Lenovo IdeaPad Gaming 3
não identificado,Acer Predator Helios 300,Acer Predator Helios 300 Intel Core i5 8th Gen 8300H - ...,8th gen,não identificado,não identificado,não identificado,15.6 inch,não identificado,gamer,gen_acerpredatorhelios300_8thgen_na,Acer Predator Helios 300
não identificado,Lenovo Legion 7i,Lenovo Legion 7i Intel Core i7 10th Gen 10875H - (16 GB...,10th gen,não identificado,16 gb,não identificado,15.6 inch,não identificado,gamer,gen_lenovolegion7i_10thgen_16gb,Lenovo Legion 7i
não identificado,DELL Alienware,DELL Alienware Intel Core i7 13th Gen 13650HX - (16 GB/...,13th gen,não identificado,16 gb,não identificado,15.6 inch,não identificado,gamer,gen_dellalienware_13thgen_16gb,DELL Alienware
não identificado,Acer Nitro 5,Acer Nitro 5 Intel Core i5 7th Gen 7300HQ - (8 GB/1 TB ...,7th gen,não identificado,8 gb,não identificado,15.6 inch,não identificado,gamer,gen_acernitro5_7thgen_8gb,Acer Nitro 5
não identificado,HP Victus 15,HP Victus 15 AMD Ryzen 5 Hexa Core 5600H - (8 GB/512 GB...,core 5600h,não identificado,8 gb,não identificado,15.6 inch,não identificado,gamer,gen_hpvictus15_core5600h_8gb,HP Victus 15
não identificado,Lenovo Legion 5,Lenovo Legion 5 Intel Core i7 11th Gen 11800H - (16 GB/...,11th gen,não identificado,16 gb,não identificado,15.6 inch,não identificado,gamer,gen_lenovolegion5_11thgen_16gb,Lenovo Legion 5
não identificado,Lenovo Legion Pro 5,Lenovo Legion Pro 5 AMD Ryzen 9 16 Core 7945HX - (32 GB...,core 7945hx,não identificado,32 gb,não identificado,16 inch,não identificado,gamer,gen_lenovolegionpro5_core7945hx_32gb,Lenovo Legion Pro 5
não identificado,Acer Nitro 5,Acer Nitro 5 AMD Ryzen 5 Quad Core 3550H - (8 GB/1 TB H...,core 3550h,não identificado,8 gb,não identificado,15.6 inch,não identificado,gamer,gen_acernitro5_core3550h_8gb,Acer Nitro 5
não identificado,ASUS TUF Gaming F15,ASUS TUF Gaming F15 Intel Core i7 11th Gen 11800H - (16...,11th gen,não identificado,não identificado,não identificado,15.6 inch,não identificado,gamer,gen_asustufgamingf15_11thgen_na,ASUS TUF Gaming F15
não identificado,Lenovo IdeaPad Gaming 3,Lenovo IdeaPad Gaming 3 AMD Ryzen 5 Hexa Core 5600H - (...,core 5600h,não identificado,não identificado,não identificado,15.6 inch,não identificado,gamer,gen_lenovoideapadgaming3_core5600h_na,Lenovo IdeaPad Gaming 3
não identificado,Lenovo Lenovo Legion 5,Lenovo Lenovo Legion 5 AMD Ryzen 7 Octa Core 5800H - (1...,core 5800h,não identificado,não identificado,não identificado,15.6 inch,não identificado,gamer,gen_lenovolenovolegion5_core5800h_na,Lenovo Lenovo Legion 5
não identificado,Lenovo Legion 5,Lenovo Legion 5 AMD Ryzen 7 Octa Core 5800H - (16 GB/51...,core 5800h,não identificado,16 gb,não identificado,15.6 inch,não identificado,gamer,gen_lenovolegion5_core5800h_16gb,Lenovo Legion 5
não identificado,MSI Stealth 16 Studio,MSI Stealth 16 Studio AI PC Intel Core Ultra 7 155H - (...,intel core ultra 7 155h,não identificado,não identificado,não identificado,16 inch,não identificado,gamer,gen_msistealth16studio_intelcoreultra7155h_na,MSI Stealth 16 Studio AI PC
não identificado,MSI Stealth 16 Studio,MSI Stealth 16 Studio Intel Core i7 13th Gen 13700H - (...,13th gen,não identificado,não identificado,não identificado,16 inch,não identificado,gamer,gen_msistealth16studio_13thgen_na,MSI Stealth 16 Studio
não identificado,Lenovo Legion 5,Lenovo Legion 5 Intel Core i7 14th Gen 14650HX - (16 GB...,14th gen,não identificado,16 gb,não identificado,16 inch,não identificado,gamer,gen_lenovolegion5_14thgen_16gb,Lenovo Legion 5
não identificado,HP Victus,HP Victus AMD Ryzen 7 Octa Core 5800H - (8 GB/512 GB SS...,core 5800h,não identificado,8 gb,não identificado,16.1 inch,não identificado,gamer,gen_hpvictus_core5800h_8gb,HP Victus
não identificado,MSI Raider 18 HX AI,MSI Raider 18 HX AI Intel Core Ultra 9 285HX - (64 GB/2...,intel core ultra 9 285hx,não identificado,64 gb,não identificado,18 inch,não identificado,gamer,gen_msiraider18hxai_intelcoreultra9285hx_64gb,MSI Raider 18 HX AI
não identificado,ASUS ASUS TUF Gaming A15,ASUS ASUS TUF Gaming A15 AMD Ryzen 5 Hexa Core 10th Gen...,10th gen,não identificado,não identificado,não identificado,15.6 inch,não identificado,gamer,gen_asusasustufgaminga15_10thgen_na,ASUS ASUS TUF Gaming A15
não identificado,ASUS TUF Gaming F17,ASUS TUF Gaming F17 Intel Core i7 12th Gen 12700H - (16...,12th gen,não identificado,não identificado,não identificado,17.3 inch,não identificado,gamer,gen_asustufgamingf17_12thgen_na,ASUS TUF Gaming F17
não identificado,ASUS ROG,ASUS ROG Intel Core i7 7th Gen 7700HQ - (8 GB/1 TB HDD/...,7th gen,hdd,8 gb,1 tb hdd,15.6 inch,não identificado,gamer,gen_asusrog_7thgen_8gb,ASUS ROG
não identificado,MSI Stealth,MSI Stealth Intel Core i7 8th Gen 8750H - (16 GB/512 GB...,8th gen,não identificado,16 gb,não identificado,15.6 inch,não identificado,gamer,gen_msistealth_8thgen_16gb,MSI Stealth
não identificado,MSI Stealth 15,MSI Stealth 15 Intel Core i7 13th Gen 13620H - (16 GB/1...,13th gen,não identificado,16 gb,não identificado,15.6 inch,não identificado,gamer,gen_msistealth15_13thgen_16gb,MSI Stealth 15
não identificado,HP Victus 15,HP Victus 15 Intel Core i5 12th Gen 12450H - (8 GB/512 ...,12th gen,não identificado,8 gb,não identificado,15.6 inch,não identificado,gamer,gen_hpvictus15_12thgen_8gb,HP Victus 15
não identificado,Acer Predator Helios Neo 14,Acer Predator Helios Neo 14 Intel Core Ultra 7 155H - (...,intel core ultra 7 155h,não identificado,não identificado,não identificado,14.5 inch,não identificado,gamer,gen_acerpredatorheliosneo14_intelcoreultra7155h_na,Acer Predator Helios Neo 14
não identificado,MSI Stealth GS66,MSI Stealth GS66 Intel Core i7 12th Gen 12700H - (32 GB...,12th gen,não identificado,32 gb,não identificado,15.6 inch,não identificado,gamer,gen_msistealthgs66_12thgen_32gb,MSI Stealth GS66
não identificado,Acer Predator Helios 300,Acer Predator Helios 300 Intel Core i7 11th Gen 11800H ...,11th gen,não identificado,não identificado,não identificado,15.6 inch,não identificado,gamer,gen_acerpredatorhelios300_11thgen_na,Acer Predator Helios 300
não identificado,Acer Nitro V,Acer Nitro V Intel Core i5 14th Gen 14450HX - (16 GB/51...,14th gen,não identificado,16 gb,não identificado,16 inch,não identificado,gamer,gen_acernitrov_14thgen_16gb,Acer Nitro V
não identificado,MSI Stealth 14 Studio,MSI Stealth 14 Studio AI PC Intel Core Ultra 7 155H - (...,intel core ultra 7 155h,não identificado,não identificado,não identificado,14 inch,não identificado,gamer,gen_msistealth14studio_intelcoreultra7155h_na,MSI Stealth 14 Studio AI PC
não identificado,ALIENWARE,ALIENWARE Intel Core i9 10th Gen 10980HK - (32 GB/1 TB ...,10th gen,não identificado,32 gb,não identificado,15.6 inch,não identificado,gamer,gen_alienware_10thgen_32gb,ALIENWARE
não identificado,ASUS ROG Zephyrus G15,ASUS ROG Zephyrus G15 (2021) AMD Ryzen 7 Octa Core 5800...,core 5800,não identificado,não identificado,não identificado,15.6 inch,2021,gamer,gen_asusrogzephyrusg15_core5800_na,ASUS ROG Zephyrus G15
não identificado,ASUS TUF Gaming F15,ASUS TUF Gaming F15 Intel Core i5 10th Gen 10300H - (8 ...,10th gen,não identificado,não identificado,não identificado,15.6 inch,não identificado,gamer,gen_asustufgamingf15_10thgen_na,ASUS TUF Gaming F15
não identificado,ASUS ROG Strix G16,ASUS ROG Strix G16 Intel Core i9 14th Gen 14900HX - (16...,14th gen,não identificado,não identificado,não identificado,16 inch,não identificado,gamer,gen_asusrogstrixg16_14thgen_na,ASUS ROG Strix G16
não identificado,Acer Aspire 5 Gaming,Acer Aspire 5 Gaming Intel Core i5 13th Gen 1335U - (16...,13th gen,não identificado,não identificado,não identificado,15.6 inch,não identificado,gamer,gen_aceraspire5gaming_13thgen_na,Acer Aspire 5 Gaming
não identificado,"Logitech G102 Light Sync / Adj DPI Upto 8000, 6 Program...","Logitech G102 Light Sync / Adj DPI Upto 8000, 6 Program...",não identificado,não identificado,program,não identificado,compatible with dell hp samsung acer asus & all other brand laptop,não identificado,gamer,gen_logitechg102lightsync/adjdpiup_na_program,"Logitech G102 Light Sync / Adj DPI Upto 8000, 6 Program"
