marca,modelo_limpo,modelo_completo,cpu,gpu,ram,storage,tela,ano_lancamento,categoria,id_unico
hp,HP Victus 15-fb0157AX Gaming,HP Victus 15-fb0157AX Gaming Laptop (AMD Ryzen 5 5600H/ 8GB/ 512GB SSD/ Win11/ 4GB Graph),ryzen 5,não identificado,8,512,15.6,não identificado,gamer,hp_hpvictus15-fb0157axgaming_ryzen5_8
asus,Asus TUF Gaming F15 FX506HF-HN024W Gaming,Asus TUF Gaming F15 FX506HF-HN024W Gaming Laptop (11th Gen Core i5/ 8GB/ 512GB SSD/ Win11/ 4GB Graph),core i5,não identificado,8,512,15.6,não identificado,gamer,asus_asustufgamingf15fx506hf-hn024w_corei5_8
msi,MSI Thin GF63 12UC-846IN Gaming,MSI Thin GF63 12UC-846IN Gaming Laptop (12th Gen Core i5/ 16GB/ 512GB SSD/ Win11 Home/ 4GB Graphics),core i5,não identificado,16,512,15.6,não identificado,gamer,msi_msithingf6312uc-846ingaming_corei5_16
hp,HP Omen 16-wf1025TX Gaming,HP Omen 16-wf1025TX Gaming Laptop (14th Gen Core i7/ 16GB/ 1TB SSD/ Win11 Home/ 8GB Graph),core i7,não identificado,16,1024,16.1,não identificado,gamer,hp_hpomen16-wf1025txgaming_corei7_16
asus,Asus TUF Gaming F15 FX506HE-HN385WS Gaming,Asus TUF Gaming F15 FX506HE-HN385WS Gaming Laptop (11th Gen Core i7/ 16GB/ 1TB SSD/ Win11/ 4GB Graph),core i7,não identificado,16,1024,15.6,não identificado,gamer,asus_asustufgamingf15fx506he-hn385w_corei7_16
hp,HP Victus 15-fb1017AX Gaming,HP Victus 15-fb1017AX Gaming Laptop (AMD Ryzen 5 7535HS/ 16GB/ 512GB SSD/ Win11/ 4GB Graph),ryzen 5,não identificado,16,512,15.6,não identificado,gamer,hp_hpvictus15-fb1017axgaming_ryzen5_16
acer,Acer Nitro V ANV15-51 2023 Gaming,Acer Nitro V ANV15-51 2023 Gaming Laptop (13th Gen Core i5/ 16GB/ 512GB SSD/ Win11/ 6GB Graph),core i5,não identificado,16,512,15.6,2023,gamer,acer_acernitrovanv15-512023gaming_corei5_16
hp,HP Victus 16-s0094AX Gaming,HP Victus 16-s0094AX Gaming Laptop (AMD Ryzen 7 7840HS/ 16GB/ 1TB SSD/ Win11/ 6GB Graph),ryzen 7,não identificado,16,1024,16.1,não identificado,gamer,hp_hpvictus16-s0094axgaming_ryzen7_16
msi,MSI GF63 Thin 11UC-1294IN Gaming,MSI GF63 Thin 11UC-1294IN Gaming Laptop (11th Gen Core i7/ 16GB/ 1TB 256GB SSD/ Win11/ 4GB Graph),core i7,não identificado,16,1024,15.6,não identificado,gamer,msi_msigf63thin11uc-1294ingaming_corei7_16
lenovo,Lenovo IdeaPad Gaming 3 15IHU6 82K101GSIN,Lenovo IdeaPad Gaming 3 15IHU6 82K101GSIN Laptop (11th Gen Core i5/ 8GB/ 512GB SSD/ Win11 Home/ 4GB Graph),core i5,não identificado,8,512,15.6,não identificado,gamer,lenovo_lenovoideapadgaming315ihu682k1_corei5_8
asus,Asus ROG Flow X13 GV301RC-LJ132WS Gaming,Asus ROG Flow X13 GV301RC-LJ132WS Gaming Laptop (AMD Ryzen 9 6900HS/ 16GB/ 512GB SSD/ Win11 Home/ 4GB Graph),ryzen 9,não identificado,16,512,13.4,não identificado,gamer,asus_asusrogflowx13gv301rc-lj132wsg_ryzen9_16
hp,HP Victus 15-fa1062TX Gaming,HP Victus 15-fa1062TX Gaming Laptop (13th Gen Core i5/ 16GB/ 512GB SSD/ Win11 Home/ 6GB Graph),core i5,não identificado,16,512,15.6,não identificado,gamer,hp_hpvictus15-fa1062txgaming_corei5_16
hp,HP Victus 15-fb0150AX Gaming,HP Victus 15-fb0150AX Gaming Laptop (AMD Ryzen 5 5600H/ 16GB/ 512GB SSD/ Win11/ 4GB Graph),ryzen 5,não identificado,16,512,15.6,não identificado,gamer,hp_hpvictus15-fb0150axgaming_ryzen5_16
hp,HP Omen 16-xf0060AX Gaming,HP Omen 16-xf0060AX Gaming Laptop (AMD Ryzen 7 7840HS/ 16GB/ 1TB SSD/ Win11/ 8GB Graph),ryzen 7,não identificado,16,1024,16.0,não identificado,gamer,hp_hpomen16-xf0060axgaming_ryzen7_16
hp,HP Victus 15-fa0555TX,HP Victus 15-fa0555TX  Laptop (12th Gen Core i5/ 16GB/ 512GB SSD/ Win11 Home/ 4GB Graph),core i5,não identificado,16,512,15.6,não identificado,gamer,hp_hpvictus15-fa0555tx_corei5_16
dell,Dell G15-5530 GN5530D83M6002ORB1 Gaming,Dell G15-5530 GN5530D83M6002ORB1 Gaming Laptop (13th Gen Core i5/ 16GB/ 512GB SSD/ Win11/ 6GB Graph),core i5,não identificado,16,512,15.6,não identificado,gamer,dell_dellg15-5530gn5530d83m6002orb1_corei5_16
asus,Asus ROG Strix SCAR 16 2023 G634JZ-NM057WS Gaming,Asus ROG Strix SCAR 16 2023 G634JZ-NM057WS Gaming Laptop (13th Gen Core i9/ 32GB/ 1TB SSD/ Win11 Home/ 12GB Graph),core i9,não identificado,32,1024,16.0,2023,gamer,asus_asusrogstrixscar162023g634jz-n_corei9_32
msi,MSI Thin GF63 12VE-071IN Gaming,MSI Thin GF63 12VE-071IN Gaming Laptop (12th Gen Core i5/ 16GB/ 512GB SSD/ Win11 Home/6GB Graphics),core i5,não identificado,16,512,15.6,não identificado,gamer,msi_msithingf6312ve-071ingaming_corei5_16
hp,HP Victus 16-s0095AX Gaming,HP Victus 16-s0095AX Gaming Laptop (AMD Ryzen 7 7840HS/ 16GB/ 512GB SSD/ Win11/ 6GB Graph),ryzen 7,não identificado,16,512,16.1,não identificado,gamer,hp_hpvictus16-s0095axgaming_ryzen7_16
hp,HP Victus 15-FB1001AX Gaming,HP Victus 15-FB1001AX Gaming Laptop (AMD Ryzen 5 7535HS/ 8GB/ 512GB SSD/ Win11/ 4GB Graph),ryzen 5,não identificado,8,512,15.6,não identificado,gamer,hp_hpvictus15-fb1001axgaming_ryzen5_8
hp,HP Omen 16-u0005TX Gaming,HP Omen 16-u0005TX Gaming Laptop (13th Gen Core i7/ 16GB/ 1TB SSD/ Win11 Home/ 8GB Graph),core i7,não identificado,16,1024,16.1,não identificado,gamer,hp_hpomen16-u0005txgaming_corei7_16
asus,Asus TUF Gaming F17 FX707ZC4-HX067W Gaming,Asus TUF Gaming F17 FX707ZC4-HX067W Gaming Laptop (12th Gen Core i5/ 16GB/ 512GB SSD/ Win11/ 4GB Graph),core i5,não identificado,16,512,17.3,não identificado,gamer,asus_asustufgamingf17fx707zc4-hx067_corei5_16
lenovo,Lenovo Ideapad Gaming 3 82SB00NXIN,Lenovo Ideapad Gaming 3 82SB00NXIN Laptop (AMD Ryzen 5 7535HS/ 16GB/ 512GB SSD/ Win11 Home/ 4GB Graph),ryzen 5,não identificado,16,512,15.6,não identificado,gamer,lenovo_lenovoideapadgaming382sb00nxin_ryzen5_16
asus,Asus TUF Gaming F15 2023 FX507ZV-LP094W Gaming,Asus TUF Gaming F15 2023 FX507ZV-LP094W Gaming Laptop (12th Gen Core i7/ 16GB/512GB SSD/ Win11 Home/ 8GB Graph),core i7,não identificado,16,512,15.6,2023,gamer,asus_asustufgamingf152023fx507zv-lp_corei7_16
asus,Asus TUF Gaming F15 FX506HF-HN025W Gaming,Asus TUF Gaming F15 FX506HF-HN025W Gaming Laptop (11th Gen Core i5/ 16GB/ 512GB SSD/ Win11/ 4GB Graph),core i5,não identificado,16,512,15.6,não identificado,gamer,asus_asustufgamingf15fx506hf-hn025w_corei5_16
hp,HP Victus 15-fa0998TX Gaming,HP Victus 15-fa0998TX Gaming Laptop (12th Gen Core i5/ 16GB/ 512GB SSD/ Win11/ 4GB Graph),core i5,não identificado,16,512,15.6,não identificado,gamer,hp_hpvictus15-fa0998txgaming_corei5_16
hp,HP Victus 15-fa0666TX Gaming,HP Victus 15-fa0666TX Gaming Laptop (12th Gen Core i5/ 16GB/ 512GB SSD/ Win11/ 4GB Graph),core i5,não identificado,16,512,15.6,não identificado,gamer,hp_hpvictus15-fa0666txgaming_corei5_16
acer,Acer Aspire 5 A515-57G UN.K9TSI.002 Gaming,Acer Aspire 5 A515-57G UN.K9TSI.002 Gaming Laptop (12th Gen Core i5/ 16GB/ 512GB SSD/ Win11 Home/ 4GB Graph),core i5,não identificado,16,512,15.6,não identificado,gamer,acer_aceraspire5a515-57gun.k9tsi.00_corei5_16
hp,HP Victus 15-fa0070TX,HP Victus 15-fa0070TX Laptop (12th Gen Core i5/ 8GB/ 512GB SSD/ Win11 Home/ 4GB Graph),core i5,não identificado,8,512,15.6,não identificado,gamer,hp_hpvictus15-fa0070tx_corei5_8
hp,HP Victus 16-e0352AX Gaming,HP Victus 16-e0352AX Gaming Laptop (Ryzen 5-5600H/ 8GB/ 512GB SSD/ Win11/ 4GB Graph),ryzen 5,não identificado,8,512,16.1,não identificado,gamer,hp_hpvictus16-e0352axgaming_ryzen5_8
dell,Dell G15-5530 Gaming,Dell G15-5530 Gaming Laptop (13th Gen Core i5/ 16GB/ 1TB SSD/ Win11/ 6GB Graph),core i5,não identificado,16,1024,15.6,não identificado,gamer,dell_dellg15-5530gaming_corei5_16
hp,HP Victus 15-fa1145TX Gaming,HP Victus 15-fa1145TX Gaming Laptop (12th Gen Core i5/ 16GB/ 1TB SSD/ Win11 Home/ 4GB Graph),core i5,não identificado,16,1024,15.6,não identificado,gamer,hp_hpvictus15-fa1145txgaming_corei5_16
hp,HP Victus 15-fb1002AX Gaming,HP Victus 15-fb1002AX Gaming Laptop (AMD Ryzen 5 7535HS/ 8GB/ 512GB SSD/ Win11/ 4GB Graph),ryzen 5,não identificado,8,512,15.6,não identificado,gamer,hp_hpvictus15-fb1002axgaming_ryzen5_8
msi,MSI Thin GF63 11SC-1629IN Gaming,MSI Thin GF63 11SC-1629IN Gaming Laptop (11th Gen Core i5/ 16GB/ 512GB SSD/ Win11 Home/ 4GB Graph),core i5,não identificado,16,512,15.6,não identificado,gamer,msi_msithingf6311sc-1629ingaming_corei5_16
msi,MSI Katana 15 B13UDXK-1482IN Gaming,MSI Katana 15 B13UDXK-1482IN Gaming Laptop (13th Gen Core i5/ 32GB/ 1TB SSD/ Win11 Home/ 6GB Graph),core i5,não identificado,32,1024,15.6,não identificado,gamer,msi_msikatana15b13udxk-1482ingamin_corei5_32
msi,MSI Bravo 15 B7ED-012IN Gaming,MSI Bravo 15 B7ED-012IN Gaming Laptop (AMD Ryzen 5 7535HS/ 8GB/ 512GB SSD/ Win11 Home/ 4GB Graph),ryzen 5,não identificado,8,512,15.6,não identificado,gamer,msi_msibravo15b7ed-012ingaming_ryzen5_8
lenovo,Lenovo IdeaPad Gaming 3 82SB00V3IN,Lenovo IdeaPad Gaming 3 82SB00V3IN Laptop (AMD Ryzen 5 6600H/ 16GB/ 512GB SSD/ Win11 Home/ 4GB Graph),ryzen 5,não identificado,16,512,15.6,não identificado,gamer,lenovo_lenovoideapadgaming382sb00v3in_ryzen5_16
asus,Asus ROG Strix G16 2023 G614JJ-N3086WS Gaming,Asus ROG Strix G16 2023 G614JJ-N3086WS Gaming Laptop (13th Gen Core i5/ 16GB/ 512GB SSD/ Win11/ 6GB Graph),core i5,não identificado,16,512,16.0,2023,gamer,asus_asusrogstrixg162023g614jj-n308_corei5_16
hp,HP Victus 15-fb1016AX Gaming,HP Victus 15-fb1016AX  Gaming Laptop (AMD Ryzen 5 7535HS/ 8GB/ 512GB SSD/ Win11/ 4GB Graph),ryzen 5,não identificado,8,512,15.6,não identificado,gamer,hp_hpvictus15-fb1016axgaming_ryzen5_8
hp,HP Victus15-fb0147AX Gaming,HP Victus15-fb0147AX Gaming Laptop (Ryzen 5 5600H/ 8GB/ 512GB SSD/ Win11 Home/ 4GB Graph),ryzen 5,não identificado,8,512,15.6,não identificado,gamer,hp_hpvictus15-fb0147axgaming_ryzen5_8
asus,Asus TUF Gaming F15 FX506HF-HN075W Gaming,Asus TUF Gaming F15  FX506HF-HN075W Gaming Laptop (11th Gen Core i5/ 8GB/ 512GB SSD/ Win11/ 4GB Graph),core i5,não identificado,8,512,15.6,não identificado,gamer,asus_asustufgamingf15fx506hf-hn075w_corei5_8
lenovo,Lenovo LOQ 15IRH8 82XV00F5IN 2023 Gaming,Lenovo LOQ 15IRH8 82XV00F5IN 2023 Gaming Laptop (12th Gen Core i5/ 16GB/ 512GB SSD/ Win11/ 6GB Graph),core i5,não identificado,16,512,15.6,2023,gamer,lenovo_lenovoloq15irh882xv00f5in2023g_corei5_16
acer,Acer Nitro 5 AN515-58 NH.QLZSI.001 Gaming,Acer Nitro 5 AN515-58 NH.QLZSI.001 Gaming Laptop (12th Gen Core i7/ 16GB/ 512GB SSD/ Win11/ 6GB Graph),core i7,não identificado,16,512,15.6,não identificado,gamer,acer_acernitro5an515-58nh.qlzsi.001_corei7_16
asus,Asus TUF Gaming F15 2022 FX507ZC4-HN115W Gaming,Asus TUF Gaming F15 2022 FX507ZC4-HN115W Gaming Laptop (12th Gen Core i5/ 8GB/512GB SSD/ Win11 / 4GB Graph),core i5,não identificado,8,512,15.6,2022,gamer,asus_asustufgamingf152022fx507zc4-h_corei5_8
acer,Acer Aspire 7 A715-76G NH.QMESI.002 Gaming,Acer Aspire 7 A715-76G NH.QMESI.002 Gaming Laptop (12th Gen Core i5/ 8GB/ 512GB SSD/ Win11 Home/ 4GB Graph),core i5,não identificado,8,512,15.6,não identificado,gamer,acer_aceraspire7a715-76gnh.qmesi.00_corei5_8
acer,Acer Predator Helios Neo 16 PHN16-71,Acer Predator Helios Neo 16 PHN16-71 Laptop (13th Gen Core i7/ 16GB/ 512GB SSD/ Win11/ 6GB Graph),core i7,não identificado,16,512,16.0,não identificado,gamer,acer_acerpredatorheliosneo16phn16-7_corei7_16
acer,Acer Predator Helios Neo 16 NH.QLTSI.001,Acer Predator Helios Neo 16 NH.QLTSI.001 Laptop (13th Gen Core i5/ 16GB/ 512GB SSD/ Win11/ 6GB Graph),core i5,não identificado,16,512,16.0,não identificado,gamer,acer_acerpredatorheliosneo16nh.qlts_corei5_16
dell,Dell G15-5520 Gaming,Dell G15-5520 Gaming Laptop (12th Gen Core i5/ 8GB/ 512GB SSD/ Win11/ 4GB Graph),core i5,não identificado,8,512,15.6,não identificado,gamer,dell_dellg15-5520gaming_corei5_8
asus,Asus ROG Flow X13 GV301RC-LJ073WS Gaming,Asus ROG Flow X13 GV301RC-LJ073WS Gaming Laptop (AMD Ryzen 9 6900HS/ 16GB/ 1TB SSD/ Win11 Home/ 4GB Graph),ryzen 9,não identificado,16,1024,13.4,não identificado,gamer,asus_asusrogflowx13gv301rc-lj073wsg_ryzen9_16
lenovo,Lenovo IdeaPad Gaming 3 82K10198IN,Lenovo IdeaPad Gaming 3 82K10198IN Laptop (11th Gen Core i5/ 8GB/ 512GB SSD/ Win11 Home/ 4GB Graph),core i5,não identificado,8,512,15.6,não identificado,gamer,lenovo_lenovoideapadgaming382k10198in_corei5_8
dell,Dell 5530 G15 Gaming,Dell 5530 G15 Gaming Laptop (13th Gen Core i9/ 16GB/ 1TB SSD/ Win11/ 8GB Graph),core i9,não identificado,16,1024,15.6,não identificado,gamer,dell_dell5530g15gaming_corei9_16
lenovo,Lenovo Legion Pro 5 16IRX8 82WK00MWIN Gaming,Lenovo Legion Pro 5 16IRX8 82WK00MWIN Gaming Laptop (13th Gen Core i7/ 16GB/ 1TB SSD/ Win11/ 8GB Graph),core i7,não identificado,16,1024,16.0,não identificado,gamer,lenovo_lenovolegionpro516irx882wk00mw_corei7_16
hp,HP Victus 15-FA1098TX,HP Victus 15-FA1098TX Laptop (12th Gen Core i5/ 8GB/ 512GB SSD/ Win11 Home/ 4GB Graph),core i5,não identificado,8,512,15.6,não identificado,gamer,hp_hpvictus15-fa1098tx_corei5_8
lenovo,Lenovo Legion Slim 5 82Y9009JIN Gaming,Lenovo Legion Slim 5 82Y9009JIN Gaming Laptop (AMD Ryzen 7 7840HS/ 16GB/ 1TB SSD/ Win11/ 8GB Graph),ryzen 7,não identificado,16,1024,16.0,não identificado,gamer,lenovo_lenovolegionslim582y9009jingam_ryzen7_16
lenovo,Lenovo IdeaPad Gaming 3 82SB00V2IN,Lenovo IdeaPad Gaming 3 82SB00V2IN Laptop (AMD Ryzen 5 6600H/ 8GB/ 512GB SSD/ Win11 Home/ 4GB Graph),ryzen 5,não identificado,8,512,15.6,não identificado,gamer,lenovo_lenovoideapadgaming382sb00v2in_ryzen5_8
asus,Asus ROG Strix G15 G513RC-HN251WS Gaming,Asus ROG Strix G15 G513RC-HN251WS Gaming Laptop (AMD Ryzen 7 6800H/ 16GB/ 1TB SSD/ Win11/ 4GB Graph),ryzen 7,não identificado,16,1024,15.6,não identificado,gamer,asus_asusrogstrixg15g513rc-hn251wsg_ryzen7_16
hp,HP Victus 15-fa1132TX,HP Victus 15-fa1132TX Laptop (12th Gen Core i5/ 8GB/ 512GB SSD/ Win11 Home/ 4GB Graph),core i5,não identificado,8,512,15.6,não identificado,gamer,hp_hpvictus15-fa1132tx_corei5_8
acer,Acer Predator Helios Neo 16 2023 PHN16-71 Gaming,Acer Predator Helios Neo 16 2023 PHN16-71 Gaming Laptop (13th Gen Core i9/ 16GB/ 1TB SSD/ Win11/ 8GB Graph),core i9,não identificado,16,1024,16.0,2023,gamer,acer_acerpredatorheliosneo162023phn_corei9_16
asus,Asus TUF Gaming F15 FX506HE-HN382W Gaming,Asus TUF Gaming F15 FX506HE-HN382W Gaming Laptop (11th Gen Core i7/ 16GB/ 512GB SSD/ Win11/ 4GB Graph),core i7,não identificado,16,512,15.6,não identificado,gamer,asus_asustufgamingf15fx506he-hn382w_corei7_16
hp,HP Victus 15-fa0187TX Gaming,HP Victus 15-fa0187TX Gaming Laptop (12th Gen Core i7/ 16GB/ 1TB SSD/ Win11/ 4GB Graph),core i7,não identificado,16,1024,15.6,não identificado,gamer,hp_hpvictus15-fa0187txgaming_corei7_16
msi,MSI Thin GF63 11UCX-1492IN Gaming,MSI Thin GF63 11UCX-1492IN Gaming Laptop (11th Gen Core i5/ 16GB/ 1TB 256GB SSD/ Win11 Home/ 4GB Graph),core i5,não identificado,16,1024,15.6,não identificado,gamer,msi_msithingf6311ucx-1492ingaming_corei5_16
msi,MSI Thin GF63 11SC-1494IN Gaming,MSI Thin GF63 11SC-1494IN Gaming Laptop (11th Gen Core i5/ 8GB/ 512GB SSD/ Win11 Home/ 4GB Graph),core i5,não identificado,8,512,15.6,não identificado,gamer,msi_msithingf6311sc-1494ingaming_corei5_8
msi,MSI Thin GF63 11UC-1490IN Gaming,MSI Thin GF63 11UC-1490IN Gaming Laptop (11th Gen Core i5/ 16GB/ 1TB 256GB SSD/ Win11 Home/ 4GB Graph),core i5,não identificado,16,1024,15.6,não identificado,gamer,msi_msithingf6311uc-1490ingaming_corei5_16
hp,HP Victus 16-s0089AX Gaming,HP Victus 16-s0089AX Gaming Laptop (AMD Ryzen 7 7840HS/ 16GB/ 1TB SSD/ Win11/ 4GB Graph),ryzen 7,não identificado,16,1024,16.1,não identificado,gamer,hp_hpvictus16-s0089axgaming_ryzen7_16
lenovo,Lenovo LOQ 15IRH8 82XV00F4IN 2023 Gaming,Lenovo LOQ 15IRH8 82XV00F4IN 2023 Gaming Laptop (12th Gen Core i5/ 16GB/ 512GB SSD/ Win11/ 4GB Graph),core i5,não identificado,16,512,15.6,2023,gamer,lenovo_lenovoloq15irh882xv00f4in2023g_corei5_16
lenovo,Lenovo LOQ 15IRH8 82XV00BRIN 2023 Gaming,Lenovo LOQ 15IRH8 82XV00BRIN 2023 Gaming Laptop (13th Gen Core i7/ 16GB/ 512GB SSD/ Win11/ 8GB Graph),core i7,não identificado,16,512,15.6,2023,gamer,lenovo_lenovoloq15irh882xv00brin2023g_corei7_16
lenovo,Lenovo LOQ 15IRH8 82XV00BQIN 2023 Gaming,Lenovo LOQ 15IRH8 82XV00BQIN 2023 Gaming Laptop (13th Gen Core i7/ 16GB/ 512GB SSD/ Win11/ 6GB Graph),core i7,não identificado,16,512,15.6,2023,gamer,lenovo_lenovoloq15irh882xv00bqin2023g_corei7_16
hp,HP Victus 16-D0314TX Gaming,HP Victus 16-D0314TX Gaming Laptop (11th Gen Core i5/ 16GB/ 512GB SSD/ Win11/ 4GB Graph),core i5,não identificado,16,512,16.1,não identificado,gamer,hp_hpvictus16-d0314txgaming_corei5_16
hp,HP Omen 16-wf1026TX Gaming,HP Omen 16-wf1026TX Gaming Laptop (14th Gen Core i7/ 16GB/ 1TB SSD/ Win11 Home/ 8GB Graph),core i7,não identificado,16,1024,16.1,não identificado,gamer,hp_hpomen16-wf1026txgaming_corei7_16
hp,HP Omen 16-wd0880TX Gaming,HP Omen 16-wd0880TX Gaming Laptop (13th Gen Core i5/ 16GB/ 512GB SSD/ Win11 Home/ 6GB Graph),core i5,não identificado,16,512,16.1,não identificado,gamer,hp_hpomen16-wd0880txgaming_corei5_16
asus,Asus TUF Gaming F15 2022 FX507ZC4-HN116W Gaming,Asus TUF Gaming F15 2022 FX507ZC4-HN116W Gaming Laptop (12th Gen Core i5/ 16GB/512GB SSD/ Win11 / 4GB Graph),core i5,não identificado,16,512,15.6,2022,gamer,asus_asustufgamingf152022fx507zc4-h_corei5_16
msi,MSI Thin GF63 11UC-1474IN Gaming,MSI Thin GF63 11UC-1474IN Gaming Laptop (11th Gen Core i5/ 16GB/ 512GB SSD/ Win11 Home/ 4GB Graph),core i5,não identificado,16,512,15.6,não identificado,gamer,msi_msithingf6311uc-1474ingaming_corei5_16
hp,HP Victus 15-fb0131AX Gaming,HP Victus 15-fb0131AX Gaming Laptop (AMD Ryzen 5 5600H/ 8GB/ 512GB SSD/ Win11/ 4GB Graph),ryzen 5,não identificado,8,512,15.6,não identificado,gamer,hp_hpvictus15-fb0131axgaming_ryzen5_8
acer,Acer Aspire 7 A715-76G NH.QMFSI.004 Gaming,Acer Aspire 7 A715-76G NH.QMFSI.004 Gaming Laptop (12th Gen Core i5/ 16GB/ 512GB SSD/ Win11 Home/ 4GB Graph),core i5,não identificado,16,512,15.6,não identificado,gamer,acer_aceraspire7a715-76gnh.qmfsi.00_corei5_16
acer,Acer Aspire 5 14 A514-56GM 2023 Gaming,Acer Aspire 5 14 A514-56GM 2023 Gaming Laptop (13th Gen Core i5/ 16GB/ 512GB SSD/ Win11 Home/ 4GB Graph),core i5,não identificado,16,512,14.0,2023,gamer,acer_aceraspire514a514-56gm2023gami_corei5_16
asus,ASUS TUF Gaming A16 Advantage Edition FA617XS-N3025WS Gaming,ASUS TUF Gaming A16 Advantage Edition FA617XS-N3025WS Gaming Laptop (AMD Ryzen 9 7940HS / 16GB/ 1TB SSD/ Win11 Home/ 8GB Graph),ryzen 9,não identificado,16,1024,15.6,não identificado,gamer,asus_asustufgaminga16advantageediti_ryzen9_16
asus,Asus ROG Strix G16 2023 G614JV-N4141WS Gaming,Asus ROG Strix G16 2023 G614JV-N4141WS Gaming Laptop (13th Gen Core i9/ 16GB/ 1TB SSD/ Win11/ 8GB Graph),core i9,não identificado,16,1024,16.0,2023,gamer,asus_asusrogstrixg162023g614jv-n414_corei9_16
asus,Asus ROG Strix G16 2023 G614JI-N4151WS Gaming,Asus ROG Strix G16 2023 G614JI-N4151WS Gaming Laptop (13th Gen Core i9/ 16GB/ 1TB SSD/ Win11/ 8GB Graph),core i9,não identificado,16,1024,16.0,2023,gamer,asus_asusrogstrixg162023g614ji-n415_corei9_16
asus,Asus ROG Strix G16 2023 G614JU-N3200WS Gaming,Asus ROG Strix G16 2023 G614JU-N3200WS Gaming Laptop (13th Gen Core i7/ 16GB/ 1TB SSD/ Win11/ 6GB Graph),core i7,não identificado,16,1024,16.0,2023,gamer,asus_asusrogstrixg162023g614ju-n320_corei7_16
msi,MSI Katana 15 B12UDXK-1005IN Gaming,MSI Katana 15 B12UDXK-1005IN Gaming Laptop (12th Gen Core i5/ 16GB/ 512GB SSD/ Win11 Home/ 6GB Graph),core i5,não identificado,16,512,15.6,não identificado,gamer,msi_msikatana15b12udxk-1005ingamin_corei5_16
asus,Asus TUF Gaming F17 FX706HF-HX018W,Asus TUF Gaming F17 FX706HF-HX018W Laptop (11th Gen Core i5/ 8GB/ 512GB SSD/ Win11/ 4GB Graph),core i5,não identificado,8,512,17.3,não identificado,gamer,asus_asustufgamingf17fx706hf-hx018w_corei5_8
msi,MSI Cyborg 15 A12UCX-264IN Gaming,MSI Cyborg 15 A12UCX-264IN Gaming Laptop (12th Gen Core i5/ 16GB/ 512GB SSD/ Win11/ 4GB Graph),core i5,não identificado,16,512,15.6,não identificado,gamer,msi_msicyborg15a12ucx-264ingaming_corei5_16
hp,HP Victus 15-fb0108AX Gaming,HP Victus 15-fb0108AX Gaming Laptop (AMD Ryzen 5 5600H/ 8GB/ 512GB SSD/ Win11/ 4GB Graph),ryzen 5,não identificado,8,512,15.6,não identificado,gamer,hp_hpvictus15-fb0108axgaming_ryzen5_8
msi,MSI Sword 15 A12VF-401IN Gaming,MSI Sword 15 A12VF-401IN Gaming Laptop (12th Gen Core i7/ 16GB/ 1TB SSD/ Win11/ 8GB Graph),core i7,não identificado,16,1024,15.6,não identificado,gamer,msi_msisword15a12vf-401ingaming_corei7_16
hp,HP Victus 15-fb0107AX Gaming,HP Victus 15-fb0107AX Gaming Laptop (Ryzen 7-5800H/ 16GB/ 512GB SSD/ Win11/ 4GB Graph),ryzen 7,não identificado,16,512,15.6,não identificado,gamer,hp_hpvictus15-fb0107axgaming_ryzen7_16
hp,HP Victus 15-fb0777AX Gaming,HP Victus 15-fb0777AX Gaming Laptop (AMD Ryzen 5 5600H/ 8GB/ 512GB SSD/ Win11/ 4GB Graph),ryzen 5,não identificado,8,512,15.6,não identificado,gamer,hp_hpvictus15-fb0777axgaming_ryzen5_8
hp,HP Victus 16-d0311TX Gaming,HP Victus 16-d0311TX Gaming Laptop (11th Gen Core i5/ 16GB/ 512GB SSD/ Win11/ 4GB Graph),core i5,não identificado,16,512,16.1,não identificado,gamer,hp_hpvictus16-d0311txgaming_corei5_16
lenovo,Lenovo Legion 5 82JU00SYIN,Lenovo Legion 5 82JU00SYIN Laptop (AMD Ryzen 7 5800H/ 16GB/ 1TB SSD/ Win11 Home/ 6GB Graph),ryzen 7,não identificado,16,1024,16.0,não identificado,gamer,lenovo_lenovolegion582ju00syin_ryzen7_16
hp,HP Victus 15-fb0050AX Gaming,HP Victus 15-fb0050AX Gaming Laptop (AMD Ryzen 5 5600H/ 8GB/ 512GB SSD/ Win11/ 4GB Graph),ryzen 5,não identificado,8,512,15.6,não identificado,gamer,hp_hpvictus15-fb0050axgaming_ryzen5_8
asus,Asus ROG Zephyrus G15 2022 GA503RW-LN067WS Gaming,Asus ROG Zephyrus G15 2022 GA503RW-LN067WS Gaming Laptop (AMD Ryzen 9 6900HS/ 16GB/ 1TB SSD/ Win11 Home/ 8GB Graph),ryzen 9,não identificado,16,1024,15.6,2022,gamer,asus_asusrogzephyrusg152022ga503rw-_ryzen9_16
lenovo,Lenovo IdeaPad Gaming 3 82K201ULIN,Lenovo IdeaPad Gaming 3 82K201ULIN Laptop (Ryzen 5 5600H/ 16GB/ 512GB SSD/ Win11 Home/ 4GB Graph),ryzen 5,não identificado,16,512,15.6,não identificado,gamer,lenovo_lenovoideapadgaming382k201ulin_ryzen5_16
dell,Dell G16 7630 Gaming,Dell G16 7630 Gaming Laptop (13th Gen Core i9/ 16GB/ 1TB SSD/ Win11/ 8GB Graph),core i9,não identificado,16,1024,16.0,não identificado,gamer,dell_dellg167630gaming_corei9_16
msi,MSI Thin GF63 11UC-1494IN Gaming,MSI Thin GF63 11UC-1494IN Gaming Laptop (11th Gen Core i7/ 16GB/ 1TB 256GB SSD/ Win11 Home/ 4GB Graph),core i7,não identificado,16,1024,15.6,não identificado,gamer,msi_msithingf6311uc-1494ingaming_corei7_16
lenovo,Lenovo Ideapad Gaming 3 15ARH7 82SB00QJIN,Lenovo Ideapad Gaming 3 15ARH7 82SB00QJIN Laptop  (AMD Ryzen 5 7535HS / 16GB/ 512GB SSD/ Win11 Home/ 4GB Graph),ryzen 5,não identificado,8,512,15.6,não identificado,gamer,lenovo_lenovoideapadgaming315arh782sb_ryzen5_8
lenovo,Lenovo LOQ 15APH8 82XT004KIN Gaming,Lenovo LOQ 15APH8 82XT004KIN Gaming Laptop (AMD Ryzen 7 7840HS/ 16GB/ 512GB SSD/ Win11/ 8GB Graph),ryzen 7,não identificado,16,512,15.6,não identificado,gamer,lenovo_lenovoloq15aph882xt004kingamin_ryzen7_16
lenovo,Lenovo IdeaPad Gaming 3 Gen 6 82K2028QIN,Lenovo IdeaPad Gaming 3 Gen 6 82K2028QIN Laptop (AMD Ryzen 5 5500H/ 8GB/ 512GB SSD/ Win11 Home/ 4GB Graph),ryzen 5,não identificado,8,512,15.6,não identificado,gamer,lenovo_lenovoideapadgaming3gen682k202_ryzen5_8
hp,HP Omen 16-xd0005AX Gaming,HP Omen 16-xd0005AX Gaming Laptop (AMD Ryzen 7 7840HS/ 16GB/ 1TB SSD/ Win11/ 6GB Graph),ryzen 7,não identificado,16,1024,16.1,não identificado,gamer,hp_hpomen16-xd0005axgaming_ryzen7_16
hp,HP Victus 15-fa1134TX,HP Victus 15-fa1134TX Laptop (12th Gen Core i7/ 16GB/ 512GB SSD/ Win11 Home/ 6GB Graph),core i7,não identificado,16,512,15.6,não identificado,gamer,hp_hpvictus15-fa1134tx_corei7_16
lenovo,Lenovo Legion Pro 7 82WQ007UIN Gaming,Lenovo Legion Pro 7 82WQ007UIN Gaming Laptop (13th Gen Core i9/ 32GB/ 1TB SSD/ Win11/ 16GB Graph),core i9,não identificado,32,1024,16.0,não identificado,gamer,lenovo_lenovolegionpro782wq007uingami_corei9_32
acer,Acer Aspire 5 A514-56M NX.KH6SI.001 Gaming,Acer Aspire 5 A514-56M NX.KH6SI.001 Gaming Laptop (13th Gen Core i5/ 16GB/ 512GB SSD/ Win11 Home),core i5,não identificado,16,512,14.0,não identificado,gamer,acer_aceraspire5a514-56mnx.kh6si.00_corei5_16
lenovo,Lenovo IdeaPad Gaming 3 82K101LJIN,Lenovo IdeaPad Gaming 3 82K101LJIN Laptop (11th Gen Core i5/ 16GB/ 512GB SSD/ Win11 Home/ 4GB Graph),core i5,não identificado,16,512,15.6,não identificado,gamer,lenovo_lenovoideapadgaming382k101ljin_corei5_16
hp,HP Omen 16-XD0007ax Gaming,HP Omen 16-XD0007ax Gaming Laptop (AMD Ryzen 7 7840HS/ 16GB/ 1TB SSD/ Win11/ 6GB Graph),ryzen 7,não identificado,16,1024,16.1,não identificado,gamer,hp_hpomen16-xd0007axgaming_ryzen7_16
msi,MSI Vector GP68 HX 13VG-214IN Gaming,MSI Vector GP68 HX 13VG-214IN Gaming Laptop (13th Gen Core i7/ 16GB/ 1TB SSD/ Win11/ 8GB Graph),core i7,não identificado,16,1024,16.0,não identificado,gamer,msi_msivectorgp68hx13vg-214ingamin_corei7_16
dell,Dell G15-5530 15 2023 Gaming,Dell G15-5530 15 2023 Gaming Laptop (13th Gen Core i7/ 16GB/ 1TB SSD/ Win11/ 6GB Graph),core i7,não identificado,16,1024,15.6,2023,gamer,dell_dellg15-5530152023gaming_corei7_16
hp,HP Omen 16-k0789TX Gaming,HP Omen 16-k0789TX Gaming Laptop (12th Gen Core i5/ 16GB/ 512GB SSD/ Win11/ 4GB Graph),core i5,não identificado,16,512,16.1,não identificado,gamer,hp_hpomen16-k0789txgaming_corei5_16
lenovo,Lenovo IdeaPad Gaming 3 82SB00V5IN,Lenovo IdeaPad Gaming 3 82SB00V5IN Laptop (AMD Ryzen 7 6800H/ 8GB/ 512GB SSD/ Win11 Home/ 4GB Graph),ryzen 7,não identificado,8,512,15.6,não identificado,gamer,lenovo_lenovoideapadgaming382sb00v5in_ryzen7_8
lenovo,Lenovo IdeaPad Gaming 3 15ACH6 82K20289IN,Lenovo IdeaPad Gaming 3 15ACH6 82K20289IN Laptop (AMD Ryzen 5 5500H/ 8GB/ 512GB SSD/ Win11 Home/ 4GB Graph),ryzen 5,não identificado,8,512,15.6,não identificado,gamer,lenovo_lenovoideapadgaming315ach682k2_ryzen5_8
hp,HP Omen 17-ck2011TX Gaming,HP Omen 17-ck2011TX Gaming Laptop (13th Gen Core i9/ 32GB/ 1TB SSD/ Win11/ 16GB Graph),core i9,não identificado,32,1024,17.3,não identificado,gamer,hp_hpomen17-ck2011txgaming_corei9_32
acer,Acer Aspire 5 A515-58GM 15 2023 Gaming,Acer Aspire 5 A515-58GM 15 2023 Gaming Laptop (13th Gen Core i5/ 16GB/ 512GB SSD/ Win11/ 4GB Graphics),core i5,não identificado,16,512,15.6,2023,gamer,acer_aceraspire5a515-58gm152023gami_corei5_16
acer,Acer Nitro V ANV15-51 NH.QNASI.001 Gaming,Acer Nitro V ANV15-51 NH.QNASI.001 Gaming Laptop (13th Gen Core i5/ 8GB/ 512GB SSD/ Win11/ 4GB Graph),core i5,não identificado,8,512,15.6,não identificado,gamer,acer_acernitrovanv15-51nh.qnasi.001_corei5_8
hp,HP Omen 17-ck2008AX Gaming,HP Omen 17-ck2008AX Gaming Laptop (13th Gen Core i7/ 16 GB RAM/ 1TB SSD/ Win 11/ 12GB Graphics),core i7,não identificado,16,1024,17.3,não identificado,gamer,hp_hpomen17-ck2008axgaming_corei7_16
hp,HP Omen 16-u0024TX Gaming,HP Omen 16-u0024TX Gaming Laptop (13th Gen Core i9/ 32GB/ 2TB SSD/ Win11 Home/ 8GB Graph),core i9,não identificado,32,2048,16.1,não identificado,gamer,hp_hpomen16-u0024txgaming_corei9_32
hp,HP Omen 17-cm2002TX Gaming,HP Omen 17-cm2002TX Gaming Laptop (13th Gen Core i7/ 16 GB RAM/ 512 GB SSD/ Win 11/ 8 GB Graphics),core i7,não identificado,16,512,17.3,não identificado,gamer,hp_hpomen17-cm2002txgaming_corei7_16
hp,HP Omen 16-u0022TX Gaming,HP Omen 16-u0022TX Gaming Laptop (13th Gen Core i7/ 16GB/ 512GB SSD/ Win11 Home/ 6GB Graph),core i7,não identificado,16,512,16.1,não identificado,gamer,hp_hpomen16-u0022txgaming_corei7_16
asus,Asus TUF Gaming F17 FX707ZC4-HX048WS Gaming,Asus TUF Gaming F17 FX707ZC4-HX048WS Gaming Laptop (12th Gen Core i5/ 8GB/ 512GB SSD/ Win11/ 4GB Graph),core i5,não identificado,8,512,17.3,não identificado,gamer,asus_asustufgamingf17fx707zc4-hx048_corei5_8
lenovo,Lenovo IdeaPad Pro 5 83AQ005SIN Gaming,Lenovo IdeaPad Pro 5 83AQ005SIN Gaming Laptop (13th Gen Core i7/ 16GB/ 1TB SSD/ Win11/ 6GB Graph),core i7,não identificado,16,1024,16.0,não identificado,gamer,lenovo_lenovoideapadpro583aq005singam_corei7_16
lenovo,Lenovo IdeaPad Gaming 3 82K2027CIN,Lenovo IdeaPad Gaming 3 82K2027CIN Laptop (AMD Ryzen 5 5600H/ 8GB/ 512GB SSD/ Win11 Home/ 4GB Graph),ryzen 5,não identificado,8,512,15.6,não identificado,gamer,lenovo_lenovoideapadgaming382k2027cin_ryzen5_8
asus,Asus TUF Gaming F17 FX706HF-HX019W,Asus TUF Gaming F17 FX706HF-HX019W Laptop (11th Gen Core i5/ 16GB/ 512GB SSD/ Win11/ 4GB Graph),core i5,não identificado,16,512,17.3,não identificado,gamer,asus_asustufgamingf17fx706hf-hx019w_corei5_16
lenovo,Lenovo Legion Pro 5 82WM00B7IN Gaming,Lenovo Legion Pro 5 82WM00B7IN Gaming Laptop ( AMD Ryzen 7 7745HX/ 16GB/ 1TB SSD/ Win11 Home/ 8GB Graph),ryzen 7,não identificado,16,1024,16.0,não identificado,gamer,lenovo_lenovolegionpro582wm00b7ingami_ryzen7_16
lenovo,Lenovo Legion Pro 7 2023 82WQ007TIN Gaming,Lenovo Legion Pro 7 2023 82WQ007TIN Gaming Laptop (13th Gen Core i9/ 32GB/ 1TB SSD/ Win11 Home/ 12GB Graph),core i9,não identificado,32,1024,16.0,2023,gamer,lenovo_lenovolegionpro7202382wq007tin_corei9_32
lenovo,Lenovo Legion Slim 5 82YA00DXIN Gaming,Lenovo Legion Slim 5 82YA00DXIN Gaming Laptop (13th Gen Core i7/ 16GB/ 1TB SSD/ Win11/ 8GB Graph),core i7,não identificado,16,1024,16.0,não identificado,gamer,lenovo_lenovolegionslim582ya00dxingam_corei7_16
lenovo,Lenovo Legion 5 Pro 82JQ010EIN,Lenovo Legion 5 Pro 82JQ010EIN Laptop (AMD Ryzen 7 5800H/ 16GB/ 512GB SSD/ Win11 Home/ 6GB Graph),ryzen 7,não identificado,16,512,16.0,não identificado,gamer,lenovo_lenovolegion5pro82jq010ein_ryzen7_16
msi,MSI CreatorPro Z16 HX B13VKTO-214IN,MSI CreatorPro Z16 HX B13VKTO-214IN Laptop (13th Gen Core i9/ 64GB/ 2TB SSD/ Win11/ RTX 3000 Ada),core i9,rtx 3000 ada,4,2048,16.0,não identificado,gamer,msi_msicreatorproz16hxb13vkto-214i_corei9_4
msi,MSI Bravo 15 B7ED-011IN Gaming,MSI Bravo 15 B7ED-011IN Gaming Laptop (AMD Ryzen 7 7735HS/ 16GB/ 512GB SSD/ Win11 Home/ 4GB Graph),ryzen 7,não identificado,16,512,15.6,não identificado,gamer,msi_msibravo15b7ed-011ingaming_ryzen7_16
acer,Acer Aspire 5 2023 A515-58GM Gaming,Acer Aspire 5 2023 A515-58GM Gaming Laptop (13th Gen Core i5/ 16GB/ 512GB SSD/ Win11/ 4GB Graphics),core i5,não identificado,16,512,15.6,2023,gamer,acer_aceraspire52023a515-58gmgaming_corei5_16
lenovo,Lenovo IdeaPad Gaming 3 82K101PCIN,Lenovo IdeaPad Gaming 3 82K101PCIN Laptop (11th Gen Core i5/ 8GB/ 512GB SSD/ Win11 Home/ 4GB Graph),core i5,não identificado,8,512,15.6,não identificado,gamer,lenovo_lenovoideapadgaming382k101pcin_corei5_8
lenovo,Lenovo IdeaPad Gaming 3 82SB00V4IN,Lenovo IdeaPad Gaming 3 82SB00V4IN Laptop (AMD Ryzen 5 6600H/ 8GB/ 512GB SSD/ Win11 Home/ 4GB Graph),ryzen 5,não identificado,8,512,15.6,não identificado,gamer,lenovo_lenovoideapadgaming382sb00v4in_ryzen5_8
lenovo,Lenovo IdeaPad Gaming 3 82K2028AIN,Lenovo IdeaPad Gaming 3 82K2028AIN Laptop (AMD Ryzen 5 5600H/ 8GB/ 512GB SSD/ Win11 Home/ 4GB Graph),ryzen 5,não identificado,8,512,15.6,não identificado,gamer,lenovo_lenovoideapadgaming382k2028ain_ryzen5_8
msi,MSI Creator Pro M16 B13VJ-1272IN Gaming,MSI Creator Pro M16 B13VJ-1272IN Gaming Laptop (13th Gen Core i7/ 32GB/ 1TB SSD/ Win 11/ 8GB Graph),core i7,não identificado,32,1024,16.0,não identificado,gamer,msi_msicreatorprom16b13vj-1272inga_corei7_32
asus,Asus ROG Strix G17 G713RC-HX109WS Gaming,Asus ROG Strix G17 G713RC-HX109WS Gaming Laptop (AMD Ryzen 7 6800H/ 16GB/ 512GB SSD/ Win11/ 4GB Graph),ryzen 7,não identificado,16,512,17.3,não identificado,gamer,asus_asusrogstrixg17g713rc-hx109wsg_ryzen7_16
lenovo,Lenovo Legion Slim 7 16IRH8 82Y3007QIN Gaming,Lenovo Legion Slim 7 16IRH8 82Y3007QIN Gaming Laptop (13th Gen Core i9/ 16GB/ 1TB SSD/ Win11 Home/ 8GB Graph),core i9,não identificado,16,1024,16.0,não identificado,gamer,lenovo_lenovolegionslim716irh882y3007_corei9_16
lenovo,Lenovo Legion Slim 5 16APH8 82Y90042IN Gaming,Lenovo Legion Slim 5 16APH8 82Y90042IN Gaming Laptop (AMD Ryzen 7 7840HS/ 16GB/ 512GB SSD/ Win11/ 8GB Graph),ryzen 7,não identificado,16,512,16.0,não identificado,gamer,lenovo_lenovolegionslim516aph882y9004_ryzen7_16
lenovo,Lenovo Legion Slim 5 82Y9009KIN Gaming,Lenovo Legion Slim 5 82Y9009KIN Gaming Laptop (AMD Ryzen 7 7840HS/ 16GB/ 512GB SSD/ Win11/ 6GB Graph),ryzen 7,não identificado,16,512,16.0,não identificado,gamer,lenovo_lenovolegionslim582y9009kingam_ryzen7_16
hp,HP Victus 15-fb0158AX Gaming,HP Victus 15-fb0158AX Gaming Laptop (AMD Ryzen 5 5600H/ 8GB/ 512GB SSD/ Win11/ 4GB Graph),ryzen 5,não identificado,8,512,15.6,não identificado,gamer,hp_hpvictus15-fb0158axgaming_ryzen5_8
lenovo,Lenovo IdeaPad Gaming 3 15IAH7 82S9014LIN,Lenovo IdeaPad Gaming 3 15IAH7 82S9014LIN Laptop (12th Gen Core i5/ 16GB/ 512GB SSD/ Win11 Home/ 4GB Graph),core i5,não identificado,16,512,15.6,não identificado,gamer,lenovo_lenovoideapadgaming315iah782s9_corei5_16
lenovo,Lenovo Legion Slim 5 16APH8 82Y9008MIN Gaming,Lenovo Legion Slim 5 16APH8 82Y9008MIN Gaming Laptop (AMD Ryzen 7 7840HS/ 16GB/ 512GB SSD/ Win11/ 8GB Graph),ryzen 7,não identificado,16,512,16.0,não identificado,gamer,lenovo_lenovolegionslim516aph882y9008_ryzen7_16
acer,Acer Aspire 5 A515-58M NX.KHFSI.003 Gaming,Acer Aspire 5 A515-58M NX.KHFSI.003 Gaming Laptop (13th Gen Core i3/ 8GB/ 512GB SSD/ Win11 Home),core i3,não identificado,8,512,15.6,não identificado,gamer,acer_aceraspire5a515-58mnx.khfsi.00_corei3_8
acer,Acer Aspire 7 A715-76G UN.QMYSI.002 Gaming,Acer Aspire 7 A715-76G UN.QMYSI.002 Gaming Laptop (12th Gen Core i5/ 16GB/ 512GB SSD/ Win11 Home/ 4GB Graph),core i5,não identificado,16,512,15.6,não identificado,gamer,acer_aceraspire7a715-76gun.qmysi.00_corei5_16
acer,Acer Aspire 7 A715-76G NH.QMYSI.001 Gaming,Acer Aspire 7 A715-76G NH.QMYSI.001 Gaming Laptop (12th Gen Core i5/ 8GB/ 512GB SSD/ Win11 Home/ 4GB Graph),core i5,não identificado,8,512,15.6,não identificado,gamer,acer_aceraspire7a715-76gnh.qmysi.00_corei5_8
asus,Asus TUF Gaming F15 90NR0GW1-M00F00,Asus TUF Gaming F15 90NR0GW1-M00F00 Laptop (12th Gen Core i7/ 16GB/ 1TB SSD/ Win11/ 4GB Graph),core i7,não identificado,16,1024,15.6,não identificado,gamer,asus_asustufgamingf1590nr0gw1-m00f0_corei7_16
msi,MSI Thin GF63 11UC-1291IN Gaming,MSI Thin GF63 11UC-1291IN Gaming Laptop (11th Gen Core i5/ 16GB/ 512GB SSD/ Win11 Home/ 4GB Graph),core i5,não identificado,16,512,15.6,não identificado,gamer,msi_msithingf6311uc-1291ingaming_corei5_16
msi,MSI Katana 15 B12UDXK-1004IN Gaming,MSI Katana 15 B12UDXK-1004IN Gaming Laptop (12th Gen Core i7/ 16GB/ 512GB SSD/ Win11 Home/ 6GB Graph),core i7,não identificado,16,512,15.6,não identificado,gamer,msi_msikatana15b12udxk-1004ingamin_corei7_16
hp,HP Omen 16-xf0043AX Gaming,HP Omen 16-xf0043AX Gaming Laptop (AMD Ryzen 9 7940HS/ 32GB/ 1TB SSD/ Win11/ 8GB Graph),ryzen 9,não identificado,32,1024,16.1,não identificado,gamer,hp_hpomen16-xf0043axgaming_ryzen9_32
asus,Asus TUF Gaming F15 FX506HF-HN076W Gaming,Asus TUF Gaming F15 FX506HF-HN076W Gaming Laptop (11th Gen Core i5/ 16GB/ 512GB SSD/ Win11/ 4GB Graph),core i5,não identificado,16,512,15.6,não identificado,gamer,asus_asustufgamingf15fx506hf-hn076w_corei5_16
hp,HP Victus 15-fb1018AX Gaming,HP Victus 15-fb1018AX Gaming Laptop (AMD Ryzen 5 7535HS/ 8GB/ 512GB SSD/ Win11/ 4GB Graph),ryzen 5,não identificado,8,512,15.6,não identificado,gamer,hp_hpvictus15-fb1018axgaming_ryzen5_8
hp,HP Omen 16-wf0056TX 834U0PA Gaming,HP Omen 16-wf0056TX 834U0PA Gaming Laptop (13th Gen Core i7/ 16 GB RAM/ 512 GB SSD/ Win 11/ 8 GB Graphics),core i7,não identificado,16,512,16.1,não identificado,gamer,hp_hpomen16-wf0056tx834u0pagaming_corei7_16
lenovo,Lenovo IdeaPad Gaming 3i 82K101GTIN,Lenovo IdeaPad Gaming 3i 82K101GTIN Laptop (11th Gen Core i5/ 8 GB RAM/ 512 GB SSD/ Win 11/ 4 GB Graphics),core i5,não identificado,8,512,15.6,não identificado,gamer,lenovo_lenovoideapadgaming3i82k101gti_corei5_8
dell,Dell Alienware x15 R2 D569947,Dell Alienware x15 R2 D569947WIN9 Gaming Laptop (12th Gen Core i9/ 32 GB RAM/ 1 TB SSD/ Win 11/ 8 GB Graphics),core i9,não identificado,32,1024,15.6,não identificado,gamer,dell_dellalienwarex15r2d569947_corei9_32
hp,HP Victus 15-FB0142AX Gaming,HP Victus 15-FB0142AX Gaming Laptop (AMD Ryzen 5 5600H/ 16GB/ 512GB SSD/ Win11/ 4GB Graph),ryzen 5,não identificado,16,512,15.6,não identificado,gamer,hp_hpvictus15-fb0142axgaming_ryzen5_16
asus,Asus TUF Gaming F15 FX577ZC-HN192W Gaming,Asus TUF Gaming F15 FX577ZC-HN192W Gaming Laptop (12th Gen Core i7/ 16GB/1TB SSD/ Win11 / 4GB Graph),core i7,não identificado,16,1024,15.6,não identificado,gamer,asus_asustufgamingf15fx577zc-hn192w_corei7_16
msi,MSI Thin GF63 12VE-664IN Gaming,MSI Thin GF63 12VE-664IN Gaming Laptop (12th Gen Core i7/ 16GB/ 1TB SSD/ Win11/ 6GB Graph),core i7,não identificado,16,1024,15.6,não identificado,gamer,msi_msithingf6312ve-664ingaming_corei7_16
msi,MSI Thin GF63 12VF-663IN Gaming,MSI Thin GF63 12VF-663IN Gaming Laptop (12th Gen Core i7/ 16GB/ 512GB SSD/ Win11/ 8GB Graph),core i7,não identificado,16,512,15.6,não identificado,gamer,msi_msithingf6312vf-663ingaming_corei7_16
msi,MSI Katana 17 B12VGK-672IN Gaming,MSI Katana 17 B12VGK-672IN Gaming Laptop (12th Gen Core i7/ 16GB/ 1TB SSD/ Win11 Home/ 8GB Graph),core i7,não identificado,16,1024,17.3,não identificado,gamer,msi_msikatana17b12vgk-672ingaming_corei7_16
msi,MSI Pulse 17 B13VGK-666IN Gaming,MSI Pulse 17 B13VGK-666IN Gaming Laptop (13th Gen Core i7/ 8GB/ 1TB SSD/ Win11 Home/ 8GB Graph),core i7,não identificado,8,1024,17.3,não identificado,gamer,msi_msipulse17b13vgk-666ingaming_corei7_8
msi,MSI Katana 17 B12VFK-668IN Gaming,MSI Katana 17 B12VFK-668IN Gaming Laptop (12th Gen Core i7/ 8GB/ 1TB SSD/ Win11 Home/ 8GB Graph),core i7,não identificado,8,1024,17.3,não identificado,gamer,msi_msikatana17b12vfk-668ingaming_corei7_8
msi,MSI Thin GF63 11UCX-1497IN Gaming,MSI Thin GF63 11UCX-1497IN Gaming Laptop (11th Gen Core i5/ 8GB/ 512GB SSD/ Win11 Home/ 4GB Graph),core i5,não identificado,8,512,15.6,não identificado,gamer,msi_msithingf6311ucx-1497ingaming_corei5_8
msi,MSI Thin GF63 11UCX-1496IN Gaming,MSI Thin GF63 11UCX-1496IN Gaming Laptop (11th Gen Core i5/ 16GB/ 512GB SSD/ Win11 Home/ 4GB Graph),core i5,não identificado,16,512,15.6,não identificado,gamer,msi_msithingf6311ucx-1496ingaming_corei5_16
msi,MSI Thin GF63 11SC-1493IN Gaming,MSI Thin GF63 11SC-1493IN Gaming Laptop (11th Gen Core i5/ 16GB/ 512GB SSD/ Win11 Home/ 4GB Graph),core i5,não identificado,16,512,15.6,não identificado,gamer,msi_msithingf6311sc-1493ingaming_corei5_16
msi,MSI Pulse 17 B13VGK-652IN Gaming,MSI Pulse 17 B13VGK-652IN Gaming Laptop (13th Gen Core i9/ 16GB/ 1TB SSD/ Win11 Home/ 8GB Graph),core i9,não identificado,16,1024,17.3,não identificado,gamer,msi_msipulse17b13vgk-652ingaming_corei9_16
hp,HP Victus 15-fa1064TX Gaming,HP Victus 15-fa1064TX Gaming Laptop (13th Gen Core i7/ 16GB/ 512GB SSD/ Win11 Home/ 6GB Graph),core i7,não identificado,16,512,15.6,não identificado,gamer,hp_hpvictus15-fa1064txgaming_corei7_16
hp,HP Victus 15-fa1060TX Gaming,HP Victus  15-fa1060TX  Gaming Laptop (13th Gen Core i5/ 16GB/ 512GB SSD/ Win11 Home/ 6GB Graph),core i5,não identificado,16,512,15.6,não identificado,gamer,hp_hpvictus15-fa1060txgaming_corei5_16
hp,HP Omen 16-u0023TX Gaming,HP Omen 16-u0023TX Gaming Laptop (13th Gen Core i9/ 32GB/ 1TB SSD/ Win11 Home/ 8GB Graph),core i9,não identificado,32,1024,16.1,não identificado,gamer,hp_hpomen16-u0023txgaming_corei9_32
hp,HP Omen 16-wf0052TX Gaming,HP Omen 16-wf0052TX Gaming Laptop (13th Gen Core i5/ 16GB/ 512GB SSD/ Win11 Home/ 6GB Graph),core i5,não identificado,16,512,16.1,não identificado,gamer,hp_hpomen16-wf0052txgaming_corei5_16
hp,HP Victus 15-fb0153AX Gaming,HP Victus 15-fb0153AX Gaming Laptop (AMD Ryzen 5 5600H/ 8GB/ 512GB SSD/ Win11/ 4GB Graph),ryzen 5,não identificado,8,512,15.6,não identificado,gamer,hp_hpvictus15-fb0153axgaming_ryzen5_8
hp,HP Omen 16-wd0770TX Gaming,HP Omen 16-wd0770TX Gaming Laptop (13th Gen Core i5/ 16GB/ 512GB SSD/ Win11 Home/ 6GB Graph),core i5,não identificado,16,512,16.1,não identificado,gamer,hp_hpomen16-wd0770txgaming_corei5_16
acer,Acer Predator 16 NH.QLUSI.005,Acer Predator 16 NH.QLUSI.005 Laptop (13th Gen Core i9/ 16GB/ 1TB SSD/ Win11/ 8GB Graph),core i9,não identificado,16,1024,16.0,não identificado,gamer,acer_acerpredator16nh.qlusi.005_corei9_16
hp,HP Victus 15-fb0134AX Gaming,HP Victus 15-fb0134AX Gaming Laptop (AMD Ryzen 5 5600H/ 16GB/ 512GB SSD/ Win11/ 4GB Graph),ryzen 5,não identificado,16,512,15.6,não identificado,gamer,hp_hpvictus15-fb0134axgaming_ryzen5_16
lenovo,Lenovo LOQ 15IRH8 82XV00F7IN 2023 Gaming,Lenovo LOQ 15IRH8 82XV00F7IN 2023 Gaming Laptop (12th Gen Core i5/ 16GB/ 512GB SSD/ Win11/ 8GB Graph),core i5,não identificado,16,512,15.6,2023,gamer,lenovo_lenovoloq15irh882xv00f7in2023g_corei5_16
lenovo,Lenovo LOQ 15IRH8 82XV00F6IN 2023 Gaming,Lenovo LOQ 15IRH8 82XV00F6IN 2023 Gaming Laptop (12th Gen Core i5/ 16GB/ 512GB SSD/ Win11/ 6GB Graph),core i5,não identificado,16,512,15.6,2023,gamer,lenovo_lenovoloq15irh882xv00f6in2023g_corei5_16
lenovo,Lenovo LOQ 15APH8 82XT004HIN 2023 Gaming,Lenovo LOQ 15APH8 82XT004HIN 2023 Gaming Laptop (AMD Ryzen 7 7840HS/ 16GB/ 512GB SSD/ Win11/ 6GB Graph),ryzen 7,não identificado,16,512,15.6,2023,gamer,lenovo_lenovoloq15aph882xt004hin2023g_ryzen7_16
msi,MSI Vector GP68HX 13VH-072IN Gaming,MSI Vector GP68HX 13VH-072IN Gaming Laptop (13th Gen Core i9/ 32GB/ 1TB SSD/ Win11/ 12GB Graph),core i9,não identificado,32,1024,16.0,não identificado,gamer,msi_msivectorgp68hx13vh-072ingamin_corei9_32
lenovo,Lenovo LOQ 15APH8 82XT004JIN 2023 Gaming,Lenovo LOQ 15APH8 82XT004JIN 2023 Gaming Laptop (AMD Ryzen 7 7840HS/ 16GB/ 512GB SSD/ Win11/ 6GB Graph),ryzen 7,não identificado,16,512,15.6,2023,gamer,lenovo_lenovoloq15aph882xt004jin2023g_ryzen7_16
hp,HP Omen 16-wf0111TX Gaming,HP Omen 16-wf0111TX Gaming Laptop (13th Gen Core i7/ 16GB/ 1TB SSD/ Win11 Home/ 8GB Graph),core i7,não identificado,16,1024,16.1,não identificado,gamer,hp_hpomen16-wf0111txgaming_corei7_16
lenovo,Lenovo LOQ 15APH8 82XT009CIN 2023 Gaming,Lenovo LOQ 15APH8 82XT009CIN 2023 Gaming Laptop (AMD Ryzen 7 7840HS/ 16GB/ 512GB SSD/ Win11/ 8GB Graph),ryzen 7,não identificado,16,512,15.6,2023,gamer,lenovo_lenovoloq15aph882xt009cin2023g_ryzen7_16
hp,HP Omen 16-xf0059AX Gaming,HP Omen 16-xf0059AX Gaming Laptop (AMD Ryzen 7 7840HS/ 16GB/ 512GB SSD/ Win11/ 8GB Graph),ryzen 7,não identificado,16,512,16.0,não identificado,gamer,hp_hpomen16-xf0059axgaming_ryzen7_16
hp,HP Omen 16-wf0055TX Gaming,HP Omen 16-wf0055TX Gaming Laptop (13th Gen Core i7/ 16GB/ 512GB SSD/ Win11 Home/ 8GB Graph),core i7,não identificado,16,512,16.1,não identificado,gamer,hp_hpomen16-wf0055txgaming_corei7_16
acer,Acer Nitro 5 AN515-58 NH.QFHSI.008 Gaming,Acer Nitro 5 AN515-58 NH.QFHSI.008 Gaming Laptop (12th Gen Core i5/ 8GB/ 512GB SSD/ Win11/ 4GB Graph),core i5,não identificado,8,512,15.6,não identificado,gamer,acer_acernitro5an515-58nh.qfhsi.008_corei5_8
dell,Dell Alienware X16 Gaming,Dell Alienware X16 Gaming Laptop (13th Gen Core i9/ 32GB/ 2TB SSD/ Win 11/ 16GB Graph),core i9,não identificado,32,2048,16.0,não identificado,gamer,dell_dellalienwarex16gaming_corei9_32
dell,Dell Alienware X16 R1 2023 Gaming,Dell Alienware X16 R1 2023 Gaming Laptop (13th Gen Core i9/ 32GB/ 1TB SSD/ Win 11/ 12GB Graph),core i9,não identificado,32,1024,16.0,2023,gamer,dell_dellalienwarex16r12023gaming_corei9_32
dell,Dell Alienware m16 2023 Gaming,Dell Alienware m16 2023 Gaming Laptop (AMD Ryzen 7 7745HX/ 16GB/ 1TB SSD/ Win 11/ 8GB Graph),ryzen 7,não identificado,16,1024,16.0,2023,gamer,dell_dellalienwarem162023gaming_ryzen7_16
msi,MSI Creator Pro M16 B13VI-1273IN Gaming,MSI Creator Pro M16 B13VI-1273IN Gaming Laptop (13th Gen Core i7/ 16GB/ 1TB SSD/ Win 11/ 6GB Graph),core i7,não identificado,16,1024,16.0,não identificado,gamer,msi_msicreatorprom16b13vi-1273inga_corei7_16
dell,Dell Alienware M18 R1 2023 Gaming,Dell Alienware M18 R1 2023 Gaming Laptop (13th Gen Core i9/ 64GB/ 1TB SSD/ Win 11/ 16GB Graph),core i9,não identificado,4,1024,18.0,2023,gamer,dell_dellalienwarem18r12023gaming_corei9_4
asus,Asus ROG Zephyrus G16 2023 GU603ZU-N3023WS,Asus ROG Zephyrus G16 2023 GU603ZU-N3023WS Laptop (12th Gen Core i7/ 16GB/ 1TB SSD/ Win11 Home/ 6GB Graph),core i7,não identificado,16,1024,16.0,2023,gamer,asus_asusrogzephyrusg162023gu603zu-_corei7_16
dell,Dell Alienware m16 Gaming,Dell Alienware m16 Gaming Laptop (AMD Ryzen 9 7845HX/ 32GB/ 2TB SSD/ Win 11/ 12GB Graph),ryzen 9,não identificado,32,2048,16.0,não identificado,gamer,dell_dellalienwarem16gaming_ryzen9_32
acer,Acer Nitro 16 AN16-41 Gaming,Acer Nitro 16 AN16-41 Gaming Laptop (AMD Ryzen 7 7840HS/ 16GB/ 512GB SSD/ Win11 Home/ 8GB Graph),ryzen 7,não identificado,16,512,16.0,não identificado,gamer,acer_acernitro16an16-41gaming_ryzen7_16
acer,Acer Aspire 5 2023 A515-58M Gaming,Acer Aspire 5 2023 A515-58M Gaming Laptop (13th Gen Core i7/ 8GB/ 512GB SSD/ Win11 Home/ 4GB Graphic),core i7,não identificado,8,512,15.6,2023,gamer,acer_aceraspire52023a515-58mgaming_corei7_8
asus,Asus ROG Zephyrus G14 GA402NJ-L8094WS Gaming,Asus ROG Zephyrus G14 GA402NJ-L8094WS Gaming Laptop (AMD Ryzen 7 7735HS/ 16GB/ 512GB SSD/ Win11/ 6GB Graph),ryzen 7,não identificado,16,512,14.0,não identificado,gamer,asus_asusrogzephyrusg14ga402nj-l809_ryzen7_16
acer,Acer Nitro 5 AN515-58 UN.QFHSI.026 Gaming,Acer Nitro 5 AN515-58 UN.QFHSI.026 Gaming Laptop (12th Gen Core i5/ 16GB/ 512GB SSD/ Win11/ 4GB Graph),core i5,não identificado,16,512,15.6,não identificado,gamer,acer_acernitro5an515-58un.qfhsi.026_corei5_16
hp,HP Omen 16-wd0990TX Gaming,HP Omen 16-wd0990TX Gaming Laptop (13th Gen Core i5/ 16GB/ 512GB SSD/ Win11 Home/ 6GB Graph),core i5,não identificado,16,512,16.1,não identificado,gamer,hp_hpomen16-wd0990txgaming_corei5_16
msi,MSI Katana GF66 12UCOK 2023 Gaming,MSI Katana GF66 12UCOK 2023 Gaming Laptop (12th Gen Core i5/ 16GB/ 512GB SSD/ Win11 Home/ 4GB Graph),core i5,não identificado,16,512,15.6,2023,gamer,msi_msikatanagf6612ucok2023gaming_corei5_16
msi,MSI Thin GF63 11SC-1477IN Gaming,MSI Thin GF63 11SC-1477IN Gaming Laptop (11th Gen Core i5/ 8GB/ 512GB SSD/ Win11 Home/ 4GB Graph),core i5,não identificado,8,512,15.6,não identificado,gamer,msi_msithingf6311sc-1477ingaming_corei5_8
lenovo,Lenovo IdeaPad Gaming 3 82K101LHIN,Lenovo IdeaPad Gaming 3 82K101LHIN Laptop (11th Gen Core i5/ 16GB/ 512GB SSD/ Win11 Home/ 4GB Graph),core i5,não identificado,16,512,15.6,não identificado,gamer,lenovo_lenovoideapadgaming382k101lhin_corei5_16
lenovo,Lenovo IdeaPad Gaming 3 82K2025LIN,Lenovo IdeaPad Gaming 3 82K2025LIN Laptop (AMD Ryzen 5 5600H/ 16GB/ 512GB SSD/ Win11 Home/ 4GB Graph),ryzen 5,não identificado,16,512,15.6,não identificado,gamer,lenovo_lenovoideapadgaming382k2025lin_ryzen5_16
asus,Asus ROG Zephyrus G14 2023 GA402XU-N2045WS Gaming,Asus ROG Zephyrus G14 2023 GA402XU-N2045WS Gaming Laptop (AMD Ryzen 9 7940HS/ 16GB/ 1TB SSD/ Win11/ 6GB Graph),ryzen 9,não identificado,16,1024,14.0,2023,gamer,asus_asusrogzephyrusg142023ga402xu-_ryzen9_16
asus,Asus TUF Gaming F15 FX506HF-HN026W Gaming,Asus TUF Gaming F15 FX506HF-HN026W Gaming Laptop (11th Gen Core i5/ 8GB/ 1TB SSD/ Win11/ 4GB Graph),core i5,não identificado,8,1024,15.6,não identificado,gamer,asus_asustufgamingf15fx506hf-hn026w_corei5_8
lenovo,Lenovo IdeaPad Gaming 3 82K2022VIN,Lenovo IdeaPad Gaming 3 82K2022VIN Laptop (AMD Ryzen 5-5600H/ 8GB/ 512GB SSD/ Win11 Home/ 4GB Graph),ryzen 5,não identificado,8,512,15.6,não identificado,gamer,lenovo_lenovoideapadgaming382k2022vin_ryzen5_8
msi,MSI Cyborg 15 A12VF-049IN Gaming,MSI Cyborg 15 A12VF-049IN Gaming Laptop (12th Gen Core i7/ 16GB/ 512GB SSD/ Win11 Home/ 8GB Graph),core i7,não identificado,16,512,15.6,não identificado,gamer,msi_msicyborg15a12vf-049ingaming_corei7_16
acer,Acer Aspire 5 A515-58M 2023 Gaming,Acer Aspire 5 A515-58M 2023 Gaming Laptop (13th Gen Core i3/ 8GB/ 512GB SSD/ Win11 Home),core i3,não identificado,8,512,15.6,2023,gamer,acer_aceraspire5a515-58m2023gaming_corei3_8
msi,MSI Bravo 15 C7UCXK-094IN Gaming,MSI Bravo 15 C7UCXK-094IN Gaming Laptop (AMD Ryzen 5 7535HS/ 16 GB RAM/ 512 GB SSD/ Win 11/ 4 GB Graphics),ryzen 5,não identificado,16,512,15.6,não identificado,gamer,msi_msibravo15c7ucxk-094ingaming_ryzen5_16
msi,MSI Bravo 15 C7UCXK-095IN Gaming,MSI Bravo 15 C7UCXK-095IN Gaming Laptop (AMD Ryzen 5 7535HS/ 8 GB RAM/ 512 GB SSD/ Win 11/ 4 GB Graphics),ryzen 5,não identificado,8,512,15.6,não identificado,gamer,msi_msibravo15c7ucxk-095ingaming_ryzen5_8
msi,MSI Bravo 15 C7VFK-087IN Gaming,MSI Bravo 15 C7VFK-087IN Gaming Laptop (AMD Ryzen 7 7735HS/ 16GB/ 1TB SSD/ Win11 Home/ 8GB Graph),ryzen 7,não identificado,16,1024,15.6,não identificado,gamer,msi_msibravo15c7vfk-087ingaming_ryzen7_16
msi,MSI Bravo 15 C7UDXK-093IN Gaming,MSI Bravo 15 C7UDXK-093IN Gaming Laptop (AMD Ryzen 5 7535HS/ 16 GB RAM/ 512 GB SSD/ Win 11/ 6 GB Graphics),ryzen 5,não identificado,16,512,15.6,não identificado,gamer,msi_msibravo15c7udxk-093ingaming_ryzen5_16
msi,MSI Bravo 15 C7VEK-088IN Gaming,MSI Bravo 15 C7VEK-088IN Gaming Laptop (AMD Ryzen 7 7735HS/ 16GB/ 1TB SSD/ Win11 Home/ 6GB Graph),ryzen 7,não identificado,16,1024,15.6,não identificado,gamer,msi_msibravo15c7vek-088ingaming_ryzen7_16
msi,MSI Thin GF63 11UCX-1471IN Gaming,MSI Thin GF63 11UCX-1471IN Gaming Laptop (11th Gen Core i5/ 8GB/ 512GB SSD/ Win11 Home/ 4GB Graph),core i5,não identificado,8,512,15.6,não identificado,gamer,msi_msithingf6311ucx-1471ingaming_corei5_8
msi,MSI Bravo 17 C7VEK-035IN Gaming,MSI Bravo 17 C7VEK-035IN Gaming Laptop (AMD Ryzen 7 7735HS/ 16GB/ 1TB SSD/ Win11 Home/ 6GB Graph),ryzen 7,não identificado,16,1024,17.3,não identificado,gamer,msi_msibravo17c7vek-035ingaming_ryzen7_16
msi,MSI Bravo 15 C7VEK-089IN Gaming,MSI Bravo 15 C7VEK-089IN Gaming Laptop (AMD Ryzen 5 7535HS/ 16GB/ 512GB SSD/ Win11 Home/ 6GB Graph),ryzen 5,não identificado,16,512,15.6,não identificado,gamer,msi_msibravo15c7vek-089ingaming_ryzen5_16
msi,MSI Thin GF63 11UC-1475IN Gaming,MSI Thin GF63 11UC-1475IN Gaming Laptop (11th Gen Core i5/ 8GB/ 512GB SSD/ Win11 Home/ 4GB Graph),core i5,não identificado,8,512,15.6,não identificado,gamer,msi_msithingf6311uc-1475ingaming_corei5_8
dell,Dell Alienware x14 R2 Gaming,Dell Alienware x14 R2 Gaming Laptop (13th Gen Core i7/ 16GB/ 1TB SSD/ Win 11/ 6GB Graph),core i7,não identificado,16,1024,14.0,não identificado,gamer,dell_dellalienwarex14r2gaming_corei7_16
acer,Acer Aspire 7 A715-76G UN.QMESI.004 Gaming,Acer Aspire 7 A715-76G UN.QMESI.004 Gaming Laptop (12th Gen Core i5/ 16GB/ 512GB SSD/ Win11 Home/ 4GB Graph),core i5,não identificado,16,512,15.6,não identificado,gamer,acer_aceraspire7a715-76gun.qmesi.00_corei5_16
hp,HP Victus 16-d0302TX Gaming,HP Victus 16-d0302TX Gaming Laptop (11th Gen Core i5/ 8GB/ 512GB SSD/ Win11/ 4GB Graph),core i5,não identificado,8,512,16.1,não identificado,gamer,hp_hpvictus16-d0302txgaming_corei5_8
dell,Dell G16-7630 2023 Gaming,Dell G16-7630 2023 Gaming Laptop (13th Gen Core i7/ 16GB/ 1TB SSD/ Win11/ 8GB Graph),core i7,não identificado,16,1024,16.0,2023,gamer,dell_dellg16-76302023gaming_corei7_16
dell,Dell 2023 G16-7630 Gaming,Dell 2023 G16-7630 Gaming Laptop (13th Gen Core i7/ 32GB/ 1TB SSD/ Win11/ 8GB Graph),core i7,não identificado,32,1024,16.0,2023,gamer,dell_dell2023g16-7630gaming_corei7_32
hp,HP Victus 15-fb0137AX Gaming,HP Victus 15-fb0137AX Gaming Laptop (Ryzen 7 5800H/ 16GB/ 512GB SSD/ Win11/ 4GB Graph),ryzen 7,não identificado,16,512,15.6,não identificado,gamer,hp_hpvictus15-fb0137axgaming_ryzen7_16
hp,HP Victus 15-fb0133AX Gaming,HP Victus 15-fb0133AX Gaming Laptop (AMD Ryzen 5 5600H/ 16GB/ 512GB SSD/ Win11/ 4GB Graph),ryzen 5,não identificado,16,512,15.6,não identificado,gamer,hp_hpvictus15-fb0133axgaming_ryzen5_16
hp,HP Victus 15-fb0136AX Gaming,HP Victus 15-fb0136AX Gaming Laptop (AMD Ryzen 5 5600H/ 16GB/ 512GB SSD/ Win11/ 4GB Graph),ryzen 5,não identificado,16,512,15.6,não identificado,gamer,hp_hpvictus15-fb0136axgaming_ryzen5_16
msi,MSI Katana 15 B12UDXK-1017IN Gaming,MSI Katana 15 B12UDXK-1017IN Gaming Laptop (12th Gen Core i7/ 8GB/ 512GB SSD/ Win11 Home/ 6GB Graph),core i7,não identificado,8,512,15.6,não identificado,gamer,msi_msikatana15b12udxk-1017ingamin_corei7_8
msi,MSI Katana 15 B12UDXK-1019IN Gaming,MSI Katana 15 B12UDXK-1019IN Gaming Laptop (12th Gen Core i5/ 16GB/ 1TB SSD/ Win11 Home/ 6GB Graph),core i5,não identificado,16,1024,15.6,não identificado,gamer,msi_msikatana15b12udxk-1019ingamin_corei5_16
hp,HP Victus 15-fb0135AX Gaming,HP Victus 15-fb0135AX Gaming Laptop (AMD Ryzen 5 5600H/ 8GB/ 512GB SSD/ Win11/ 4GB Graph),ryzen 5,não identificado,8,512,15.6,não identificado,gamer,hp_hpvictus15-fb0135axgaming_ryzen5_8
dell,Dell G15-5530 Gaming 2023,Dell G15-5530 Gaming 2023 Laptop (13th Gen Core i7/ 16GB/ 512GB SSD/ Win11/ RTX 4060 8GB Graph),core i7,rtx 4060,16,512,15.6,2023,gamer,dell_dellg15-5530gaming2023_corei7_16
acer,Acer Aspire 5 A515-58P NX.KHJSI.001 Gaming,Acer Aspire 5 A515-58P NX.KHJSI.001 Gaming Laptop (13th Gen Core i3/ 8GB/ 512GB SSD/ Win11 Home),core i3,não identificado,8,512,15.6,não identificado,gamer,acer_aceraspire5a515-58pnx.khjsi.00_corei3_8
dell,Dell G16-7630 Gaming,Dell G16-7630 Gaming Laptop (13th Gen Core i9/ 16GB/ 1TB SSD/ Win11/ 8GB Graph),core i9,não identificado,16,1024,16.0,não identificado,gamer,dell_dellg16-7630gaming_corei9_16
dell,Dell G15-5530 Gaming,Dell G15-5530 Gaming Laptop (13th Gen Core i7/ 16GB/ 512GB SSD/ Win11/ RTX 4050 6GB Graph),core i7,rtx 4050,16,512,15.6,não identificado,gamer,dell_dellg15-5530gaming_corei7_16
dell,Dell G15-5530 2023 Gaming,Dell G15-5530 2023 Gaming Laptop (13th Gen Core i7/ 16GB/ 512GB SSD/ Win11/ RTX 4050 6GB Graph),core i7,rtx 4050,16,512,15.6,2023,gamer,dell_dellg15-55302023gaming_corei7_16
dell,Dell G15-5530 GN553064GRM002ORB1 Gaming,Dell G15-5530 GN553064GRM002ORB1 Gaming Laptop (13th Gen Core i5/ 8GB/ 512GB SSD/ Win11/ 6GB Graph),core i5,não identificado,8,512,15.6,não identificado,gamer,dell_dellg15-5530gn553064grm002orb1_corei5_8
acer,Acer Aspire 5 A515-58M NX.KHGSI.002 Gaming,Acer Aspire 5 A515-58M NX.KHGSI.002 Gaming Laptop (13th Gen Core i5/ 16GB/ 512GB SSD/ Win11 Home),core i5,não identificado,16,512,15.6,não identificado,gamer,acer_aceraspire5a515-58mnx.khgsi.00_corei5_16
acer,Acer Aspire 5 A515-58M NX.KHFSI.001 Gaming,Acer Aspire 5 A515-58M NX.KHFSI.001 Gaming Laptop (13th Gen Core i5/ 8GB/ 512GB SSD/ Win11 Home),core i5,não identificado,8,512,15.6,não identificado,gamer,acer_aceraspire5a515-58mnx.khfsi.00_corei5_8
msi,MSI Stealth 17 Studio A13VG-029IN Gaming,MSI Stealth 17 Studio A13VG-029IN Gaming Laptop (13th Gen Core i7/ 16GB/ 2TB SSD/ Win11 Home/ 8GB Graph),core i7,não identificado,16,2048,17.3,não identificado,gamer,msi_msistealth17studioa13vg-029ing_corei7_16
asus,Asus TUF A15 FA577RM-HQ032WS,Asus TUF A15 FA577RM-HQ032WS Laptop (Ryzen 7 6800H/ 16GB/ 1TB SSD/ Win11 Home/ 6GB Graph),ryzen 7,não identificado,16,1024,15.6,não identificado,gamer,asus_asustufa15fa577rm-hq032ws_ryzen7_16
asus,Asus TUF Gaming F15 2023 FX507VU-LP083WS Gaming,Asus TUF Gaming F15 2023 FX507VU-LP083WS Gaming Laptop (13th Gen Core i7/ 16GB/ 512GB SSD/ Win11 Home/ 6GB Graph),core i7,não identificado,16,512,15.6,2023,gamer,asus_asustufgamingf152023fx507vu-lp_corei7_16
asus,Asus ROG Zephyrus G14 2023 GA402XV-N2034WS Gaming,Asus ROG Zephyrus G14 2023 GA402XV-N2034WS Gaming Laptop (AMD Ryzen 9 7940HS/ 32GB/ 1TB SSD/ Win11/ 8GB Graph),ryzen 9,não identificado,32,1024,14.0,2023,gamer,asus_asusrogzephyrusg142023ga402xv-_ryzen9_32
asus,Asus TUF Gaming A15 2023 FA577XU-LP041WS Gaming,Asus TUF Gaming A15 2023 FA577XU-LP041WS Gaming Laptop (AMD Ryzen 9 7940HS/ 16GB/ 1TB SSD/ Win11 Home/ 6GB Graph),ryzen 9,não identificado,16,1024,15.6,2023,gamer,asus_asustufgaminga152023fa577xu-lp_ryzen9_16
asus,Asus TUF Gaming A15 2023 FA577XV-HQ036WS Gaming,Asus TUF Gaming A15 2023 FA577XV-HQ036WS Gaming Laptop (AMD Ryzen 9 7940HS/ 16GB/ 1TB SSD/ Win11 Home/ 8GB Graph),ryzen 9,não identificado,16,1024,15.6,2023,gamer,asus_asustufgaminga152023fa577xv-hq_ryzen9_16
asus,Asus ROG Strix G16 2023 G614JU-N3221WS Gaming,Asus ROG Strix G16 2023 G614JU-N3221WS Gaming Laptop (13th Gen Core i5/ 16GB/ 1TB SSD/ Win11/ 6GB Graph),core i5,não identificado,16,1024,16.0,2023,gamer,asus_asusrogstrixg162023g614ju-n322_corei5_16
asus,Asus TUF Gaming A15 FA577NU-LP082W Gaming,Asus TUF Gaming A15 FA577NU-LP082W Gaming Laptop (AMD Ryzen 7 7735HS/ 16GB/ 512GB SSD/ Win11/ 6GB Graph),ryzen 7,não identificado,16,512,15.6,não identificado,gamer,asus_asustufgaminga15fa577nu-lp082w_ryzen7_16
asus,Asus ROG Zephyrus G14 2023 GA402XZ-N2020WS Gaming,Asus ROG Zephyrus G14 2023 GA402XZ-N2020WS Gaming Laptop (AMD Ryzen 9 7940HS/ 32GB/ 1TB SSD/ Win11/ 12GB Graph),ryzen 9,não identificado,32,1024,14.0,2023,gamer,asus_asusrogzephyrusg142023ga402xz-_ryzen9_32
asus,Asus ROG Zephyrus G14 2023 GA402NU-N2023WS Gaming,Asus ROG Zephyrus G14 2023 GA402NU-N2023WS Gaming Laptop (AMD Ryzen 7 7735HS/ 16GB/ 1TB SSD/ Win11/ 6GB Graph),ryzen 7,não identificado,16,1024,14.0,2023,gamer,asus_asusrogzephyrusg142023ga402nu-_ryzen7_16
asus,Asus TUF Gaming A17 FA777XU-HX026WS Gaming,Asus TUF Gaming A17 FA777XU-HX026WS Gaming Laptop (AMD Ryzen 9 7940HS / 16GB/ 1TB SSD/ Win11 Home/ 6GB Graph),ryzen 9,não identificado,16,1024,17.3,não identificado,gamer,asus_asustufgaminga17fa777xu-hx026w_ryzen9_16
asus,Asus ROG Flow Z13 2023 GZ301VV-MU014WS Gaming,Asus ROG Flow Z13 2023 GZ301VV-MU014WS Gaming Laptop (13th Gen Core i9/ 16GB/ 1TB SSD/ Win11 Home/ 8GB Graph),core i9,não identificado,16,1024,13.4,2023,gamer,asus_asusrogflowz132023gz301vv-mu01_corei9_16
asus,Asus TUF Gaming F15 2023 FX507VV-LP071WS Gaming,Asus TUF Gaming F15 2023 FX507VV-LP071WS Gaming Laptop (13th Gen Core i9/ 16GB/1TB SSD/ Win11 Home/ 8GB Graph),core i9,não identificado,16,1024,15.6,2023,gamer,asus_asustufgamingf152023fx507vv-lp_corei9_16
hp,HP Victus 15-fa0092TX Gaming,HP Victus 15-fa0092TX Gaming Laptop (12th Gen Core i5/ 16GB/ 512GB SSD/ Win11/ 4GB Graph),core i5,não identificado,16,512,15.6,não identificado,gamer,hp_hpvictus15-fa0092txgaming_corei5_16
acer,Acer Predator Helios 16 PH16-71 Gaming,Acer Predator Helios 16 PH16-71 Gaming Laptop (13th Gen Core i7/ 16GB/ 512GB SSD/ Win11/ 8GB Graph),core i7,não identificado,16,512,16.0,não identificado,gamer,acer_acerpredatorhelios16ph16-71gam_corei7_16
dell,Dell Alienware x14 R2 2023 Gaming,Dell Alienware x14 R2 2023 Gaming Laptop (13th Gen Core i7/ 32GB/ 1TB SSD/ Win 11/ 8GB Graph),core i7,não identificado,32,1024,14.0,2023,gamer,dell_dellalienwarex14r22023gaming_corei7_32
dell,Dell Alienware m16 Gaming,Dell Alienware m16 Gaming Laptop (13th Gen Core i7/ 16GB/ 1TB SSD/ Win 11/ 8GB Graph),core i7,não identificado,16,1024,16.0,não identificado,gamer,dell_dellalienwarem16gaming_corei7_16
msi,MSI Thin GF63 12UCX-269IN Gaming,MSI Thin GF63 12UCX-269IN Gaming Laptop (12th Gen Core i5/ 16GB/ 1TB 256GB SSD/ Win11 Home/ 4GB Graph),core i5,não identificado,16,1024,15.6,não identificado,gamer,msi_msithingf6312ucx-269ingaming_corei5_16
msi,MSI Katana 15 B12UDXK-1006IN Gaming,MSI Katana 15 B12UDXK-1006IN Gaming Laptop (12th Gen Core i5/ 8GB/ 512GB SSD/ Win11 Home/ 6GB Graph),core i5,não identificado,8,512,15.6,não identificado,gamer,msi_msikatana15b12udxk-1006ingamin_corei5_8
msi,MSI Thin GF63 12VE-267IN Gaming,MSI Thin GF63 12VE-267IN Gaming Laptop (12th Gen Core i5/ 16GB/ 1TB 256GB SSD/ Win11/6GB Graphics),core i5,não identificado,16,1024,15.6,não identificado,gamer,msi_msithingf6312ve-267ingaming_corei5_16
msi,MSI Stealth 16 Studio A13VG-030IN Gaming,MSI Stealth 16 Studio A13VG-030IN Gaming Laptop (13th Gen Core i7/ 32GB/ 1TB SSD/ Win11 Home/ 8GB Graph),core i7,não identificado,32,1024,16.0,não identificado,gamer,msi_msistealth16studioa13vg-030ing_corei7_32
msi,MSI GF63 Thin 11SC-1298IN Gaming,MSI GF63 Thin 11SC-1298IN Gaming Laptop (11th Gen Core i7/ 16GB/ 1TB 256GB SSD/ Win11/ 4GB Graph),core i7,não identificado,16,1024,15.6,não identificado,gamer,msi_msigf63thin11sc-1298ingaming_corei7_16
lenovo,Lenovo IdeaPad Gaming 3 15ACH6 82K2022XIN,Lenovo IdeaPad Gaming 3 15ACH6 82K2022XIN Laptop (AMD Ryzen 7-5800H/ 8GB/ 512GB SSD/ Win11 Home/ 4GB Graph),ryzen 7,não identificado,8,512,15.6,não identificado,gamer,lenovo_lenovoideapadgaming315ach682k2_ryzen7_8
lenovo,Lenovo Ideapad Gaming 3 15ACH6 82K20145IN,Lenovo Ideapad Gaming 3 15ACH6 82K20145IN Laptop (Ryzen 7 5800H/ 16GB/ 512GB SSD/ Win11 Home/ 4GB Graph),ryzen 7,não identificado,16,512,15.6,não identificado,gamer,lenovo_lenovoideapadgaming315ach682k2_ryzen7_16
dell,Dell Alienware X16 R1 Gaming,Dell Alienware X16 R1 Gaming Laptop (13th Gen Core i9/ 32GB/ 1TB SSD/ Win 11/ 12GB Graph),core i9,não identificado,32,1024,16.0,não identificado,gamer,dell_dellalienwarex16r1gaming_corei9_32
dell,Dell Alienware M18 R1 Gaming,Dell Alienware M18 R1 Gaming Laptop (13th Gen Core i9/ 32GB/ 1TB SSD/ Win 11/ 12GB Graph),core i9,não identificado,32,1024,18.0,não identificado,gamer,dell_dellalienwarem18r1gaming_corei9_32
acer,Acer 16 Predator Neo NH.QLTSI.001,Acer 16 Predator Neo NH.QLTSI.001 Laptop (13th Gen Core i5/ 16GB/ 512GB SSD/ Win11/ 6GB Graph),core i5,não identificado,16,512,16.0,não identificado,gamer,acer_acer16predatorneonh.qltsi.001_corei5_16
acer,Acer Predator Helios Neo 16 NH.QLTSI.002,Acer Predator Helios Neo 16 NH.QLTSI.002 Laptop (13th Gen Core i7/ 16GB/ 512GB SSD/ Win11/ 6GB Graph),core i7,não identificado,16,512,16.0,não identificado,gamer,acer_acerpredatorheliosneo16nh.qlts_corei7_16
hp,HP Victus 15-fb0122AX Gaming,HP Victus 15-fb0122AX Gaming Laptop (AMD Ryzen 5 5600H/ 8GB/ 512GB SSD/ Win11/ 4GB Graph),ryzen 5,não identificado,8,512,15.6,não identificado,gamer,hp_hpvictus15-fb0122axgaming_ryzen5_8
acer,Acer Nitro 5 AN515-46 Gaming,Acer Nitro 5 AN515-46 Gaming Laptop (Ryzen 5 6600H/ 16GB/ 1TB SSD/ Win11 Home/ 4GB Graph),ryzen 5,não identificado,16,1024,15.6,não identificado,gamer,acer_acernitro5an515-46gaming_ryzen5_16
hp,HP Victus 15-fa1066TX Gaming,HP Victus 15-fa1066TX Gaming Laptop (13th Gen Core i7/ 16GB/ 512GB SSD/ Win11 Home/ 6GB Graph),core i7,não identificado,16,512,15.6,não identificado,gamer,hp_hpvictus15-fa1066txgaming_corei7_16
hp,HP Victus 16-d0333TX Gaming,HP Victus 16-d0333TX Gaming Laptop (11th Gen Core i5/ 16GB/ 512GB SSD/ Win11/ 4GB Graph),core i5,não identificado,16,512,16.1,não identificado,gamer,hp_hpvictus16-d0333txgaming_corei5_16
hp,HP Victus 15-fb0121AX Gaming,HP Victus 15-fb0121AX Gaming Laptop (AMD Ryzen 5 5600H/ 8GB/ 512GB SSD/ Win11/ 4GB Graph),ryzen 5,não identificado,8,512,15.6,não identificado,gamer,hp_hpvictus15-fb0121axgaming_ryzen5_8
hp,HP Omen 16-n0123AX Gaming,HP Omen 16-n0123AX Gaming Laptop (AMD Ryzen 7 6800H/ 16GB/ 1TB SSD/ Win11/ 8GB Graph),ryzen 7,não identificado,16,1024,16.1,não identificado,gamer,hp_hpomen16-n0123axgaming_ryzen7_16
msi,MSI Raider GE68HX 13VG-027IN Gaming,MSI Raider GE68HX 13VG-027IN Gaming Laptop (13th Gen Core i9/ 32GB/ 2TB SSD/ Win11 Home/ 8GB Graph),core i9,não identificado,32,2048,16.0,não identificado,gamer,msi_msiraiderge68hx13vg-027ingamin_corei9_32
msi,MSI Thin GF63 12UCX-265IN Gaming,MSI Thin GF63 12UCX-265IN Gaming Laptop (12th Gen Core i5/ 16GB/ 512GB SSD/ Win11 Home/ 4GB Graph),core i5,não identificado,16,512,15.6,não identificado,gamer,msi_msithingf6312ucx-265ingaming_corei5_16
msi,MSI GF63 Thin 11UC-1295IN Gaming,MSI GF63 Thin 11UC-1295IN Gaming Laptop (11th Gen Core i5/ 16GB/ 1TB 256GB SSD/ Win11 Home/ 4GB Graph),core i5,não identificado,16,1024,15.6,não identificado,gamer,msi_msigf63thin11uc-1295ingaming_corei5_16
acer,Acer Nitro 5 AN515-47 2023 Gaming,Acer Nitro 5 AN515-47 2023 Gaming Laptop (AMD Ryzen 5 7535HS/ 16GB/ 512GB SSD/ Win11/ 4GB Graph),ryzen 5,não identificado,16,512,15.6,2023,gamer,acer_acernitro5an515-472023gaming_ryzen5_16
acer,Acer Predator Helios 16 PH16-71,Acer Predator Helios 16 PH16-71 Laptop (13th Gen Core i7/ 32GB/ 1TB SSD/ Win11/ 8GB Graph),core i7,não identificado,32,1024,16.0,não identificado,gamer,acer_acerpredatorhelios16ph16-71_corei7_32
acer,Acer Nitro 5 AN515-47 Gaming,Acer Nitro 5 AN515-47 Gaming Laptop (AMD Ryzen 7 7735HS/ 16GB/ 512GB SSD/ Win11 Home/ 4GB Graph),ryzen 7,não identificado,16,512,15.6,não identificado,gamer,acer_acernitro5an515-47gaming_ryzen7_16
msi,MSI Stealth 16 Studio A13VF-023IN Gaming,MSI Stealth 16 Studio A13VF-023IN Gaming Laptop (13th Gen Core i7/ 32GB/ 1TB SSD/ Win11 Home/ 8GB Graph),core i7,não identificado,32,1024,15.6,não identificado,gamer,msi_msistealth16studioa13vf-023ing_corei7_32
msi,MSI Raider GE68HX 13VG-026IN Gaming,MSI Raider GE68HX 13VG-026IN Gaming Laptop (13th Gen Core i7/ 32GB/ 2TB SSD/ Win11 Home/ 8GB Graph),core i7,não identificado,32,2048,16.0,não identificado,gamer,msi_msiraiderge68hx13vg-026ingamin_corei7_32
msi,MSI Stealth 14 Studio A13VF-037IN Gaming,MSI Stealth 14 Studio A13VF-037IN Gaming Laptop (13th Gen Core i7/ 16GB/ 1TB SSD/ Win11 Home/ 8GB Graph),core i7,não identificado,16,1024,15.6,não identificado,gamer,msi_msistealth14studioa13vf-037ing_corei7_16
msi,MSI GF63 Thin 11UC-1297IN Gaming,MSI GF63 Thin 11UC-1297IN Gaming Laptop (11th Gen Core i5/ 8GB/ 1TB 256GB SSD/ Win11 Home/ 4GB Graph),core i5,não identificado,8,1024,15.6,não identificado,gamer,msi_msigf63thin11uc-1297ingaming_corei5_8
msi,MSI Bravo 15 B5ED-035IN Gaming,MSI Bravo 15 B5ED-035IN Gaming Laptop (AMD Ryzen 7 / 16GB/ 512GB SSD/ Win11 Home/ 4GB Graph),ryzen 7,não identificado,16,512,15.6,não identificado,gamer,msi_msibravo15b5ed-035ingaming_ryzen7_16
acer,Acer Aspire 7 A715-75G Gaming,Acer Aspire 7 A715-75G Gaming Laptop (10th Gen Core i5/ 8GB/ 512GB SSD/ Win11 Home/ 4GB Graph),core i5,não identificado,8,512,15.6,não identificado,gamer,acer_aceraspire7a715-75ggaming_corei5_8
acer,Acer Predator Helios 16 NH.QJRSI.003,Acer Predator Helios 16 NH.QJRSI.003 Laptop (13th Gen Core i9/ 16GB/ 1TB SSD/ Win11/ 8GB Graph),core i9,não identificado,16,1024,16.0,não identificado,gamer,acer_acerpredatorhelios16nh.qjrsi.0_corei9_16
acer,Acer Predator Helios 16,Acer Predator Helios 16 Laptop (13th Gen Core i9/ 32GB/ 1TB SSD/ Win11/ 12GB Graph),core i9,não identificado,32,1024,16.0,não identificado,gamer,acer_acerpredatorhelios16_corei9_32
asus,Asus ROG Zephyrus M16 2023 GU604VZ-NM050WS,Asus ROG Zephyrus M16 2023 GU604VZ-NM050WS Laptop (13th Gen Core i9/ 32GB/ 1TB SSD/ Win11 / 12GB Graph),core i9,não identificado,32,1024,16.0,2023,gamer,asus_asusrogzephyrusm162023gu604vz-_corei9_32
acer,Acer Nitro 5 AN515-58 UN.QFHSI.002 Gaming,Acer Nitro 5 AN515-58 UN.QFHSI.002 Gaming Laptop (12th Gen Core i5/ 16GB/ 512GB SSD/ Win11/ 4GB Graph),core i5,não identificado,16,512,15.6,não identificado,gamer,acer_acernitro5an515-58un.qfhsi.002_corei5_16
msi,MSI Sword 15 A12UDX-468IN Gaming,MSI Sword 15 A12UDX-468IN Gaming Laptop (12th Gen Core i5/ 16GB/ 1TB SSD/ Win11/ 6GB Graph),core i5,não identificado,16,1024,15.6,não identificado,gamer,msi_msisword15a12udx-468ingaming_corei5_16
acer,Acer Nitro 5 AN515-47 NH.QL3SI.001 Gaming,Acer Nitro 5 AN515-47 NH.QL3SI.001 Gaming Laptop (AMD Ryzen 5 7535HS/ 8GB/ 512GB SSD/ Win11/ 4GB Graph),ryzen 5,não identificado,8,512,15.6,não identificado,gamer,acer_acernitro5an515-47nh.ql3si.001_ryzen5_8
msi,MSI Katana 15 B13VFK-296IN Gaming,MSI Katana 15 B13VFK-296IN Gaming Laptop (13th Gen Core i7/ 16GB/ 1TB SSD/ Win11 Home/ 8GB Graph),core i7,não identificado,16,1024,15.6,não identificado,gamer,msi_msikatana15b13vfk-296ingaming_corei7_16
acer,Acer Nitro 5 AN515-47 NH.QL3SI.003 Gaming,Acer Nitro 5 AN515-47 NH.QL3SI.003 Gaming Laptop (AMD Ryzen 7 7735HS/ 8GB/ 512GB SSD/ Win11 Home/ 4GB Graph),ryzen 7,não identificado,8,512,15.6,não identificado,gamer,acer_acernitro5an515-47nh.ql3si.003_ryzen7_8
msi,MSI Thin GF63 12VE-070IN Gaming,MSI Thin GF63 12VE-070IN Gaming Laptop (12th Gen Core i7/ 16GB/ 512GB SSD/ Win11 Home/6GB Graphics),core i7,não identificado,16,512,15.6,não identificado,gamer,msi_msithingf6312ve-070ingaming_corei7_16
Lenovo,Legion Y520-15IKBN,Legion Y520-15IKBN,core i5 7300hq,não identificado,8,128,15.6,não identificado,gamer,lenovo_legiony520-15ikbn_corei57300hq_8
Asus,Rog Strix,Rog Strix,ryzen 1700,não identificado,8,256,17.3,não identificado,gamer,asus_rogstrix_ryzen1700_8
Lenovo,Legion Y520-15IKBN,Legion Y520-15IKBN,core i7 7700hq,não identificado,8,256,15.6,não identificado,gamer,lenovo_legiony520-15ikbn_corei77700hq_8
Lenovo,Legion Y520-15IKBN,Legion Y520-15IKBN,core i7 7700hq,não identificado,16,256,15.6,não identificado,gamer,lenovo_legiony520-15ikbn_corei77700hq_16
Lenovo,Legion Y720-15IKB,Legion Y720-15IKB,core i7 7700hq,não identificado,16,512,15.6,não identificado,gamer,lenovo_legiony720-15ikb_corei77700hq_16
Asus,ROG GL703VD-GC028T,ROG GL703VD-GC028T,core i7 7700hq,não identificado,16,256,17.3,não identificado,gamer,asus_roggl703vd-gc028t_corei77700hq_16
Dell,Alienware 17,Alienware 17,core i7 7700hq,não identificado,16,256,17.3,não identificado,gamer,dell_alienware17_corei77700hq_16
Asus,ROG G703VI-E5062T,ROG G703VI-E5062T,core i7 7820hk,não identificado,32,512,17.3,não identificado,gamer,asus_rogg703vi-e5062t_corei77820hk_32
Acer,Nitro AN515-51,Nitro AN515-51,core i5 7300hq,não identificado,8,256,15.6,não identificado,gamer,acer_nitroan515-51_corei57300hq_8
Asus,Rog G701VIK-BA060T,Rog G701VIK-BA060T,core i7 7820hk,não identificado,16,256,17.3,não identificado,gamer,asus_rogg701vik-ba060t_corei77820hk_16
Asus,ROG G752VSK-GC493T,ROG G752VSK-GC493T,core i7 7700hq,não identificado,16,256,17.3,não identificado,gamer,asus_rogg752vsk-gc493t_corei77700hq_16
Asus,Rog Strix,Rog Strix,ryzen 1700,não identificado,16,256,17.3,não identificado,gamer,asus_rogstrix_ryzen1700_16
Lenovo,Legion Y720-15IKB,Legion Y720-15IKB,core i7 7700hq,não identificado,8,1024,15.6,não identificado,gamer,lenovo_legiony720-15ikb_corei77700hq_8
Asus,Rog GL702VS-GC095T,Rog GL702VS-GC095T,core i7 7700hq,não identificado,16,256,17.3,não identificado,gamer,asus_roggl702vs-gc095t_corei77700hq_16
Asus,ROG Strix,ROG Strix,core i7 7700hq,não identificado,8,128,15.6,não identificado,gamer,asus_rogstrix_corei77700hq_8
Asus,Rog GL753VD-GC042T,Rog GL753VD-GC042T,core i7 7700hq,não identificado,8,1024,17.3,não identificado,gamer,asus_roggl753vd-gc042t_corei77700hq_8
Asus,Rog GL753VE-GC070T,Rog GL753VE-GC070T,core i7 7700hq,não identificado,16,256,17.3,não identificado,gamer,asus_roggl753ve-gc070t_corei77700hq_16
Dell,Alienware 17,Alienware 17,core i7 7820hk,não identificado,16,256,17.3,não identificado,gamer,dell_alienware17_corei77820hk_16
Asus,Rog Strix,Rog Strix,ryzen 1600,não identificado,8,256,17.3,não identificado,gamer,asus_rogstrix_ryzen1600_8
Dell,Alienware 17,Alienware 17,core i7 7700hq,não identificado,8,1024,17.3,não identificado,gamer,dell_alienware17_corei77700hq_8
Asus,Rog G752VL-UH71T,Rog G752VL-UH71T,core i7 6700hq,não identificado,24,256,17.3,não identificado,gamer,asus_rogg752vl-uh71t_corei76700hq_24
Asus,ROG Zephyrus,ROG Zephyrus,core i7 7700hq,não identificado,24,512,15.6,não identificado,gamer,asus_rogzephyrus_corei77700hq_24
Asus,ROG Strix,ROG Strix,core i5 7300hq,não identificado,8,128,15.6,não identificado,gamer,asus_rogstrix_corei57300hq_8
Asus,ROG GL553VE-FY022,ROG GL553VE-FY022,core i7 7700hq,não identificado,8,1024,15.6,não identificado,gamer,asus_roggl553ve-fy022_corei77700hq_8
Asus,ROG G701VI,ROG G701VI,core i7 6820hk,não identificado,32,512,17.3,não identificado,gamer,asus_rogg701vi_corei76820hk_32
Dell,Alienware 17,Alienware 17,core i7 7700hq,não identificado,32,512,17.3,não identificado,gamer,dell_alienware17_corei77700hq_32
Dell,Alienware 15,Alienware 15,core i5 7300hq,não identificado,16,128,15.6,não identificado,gamer,dell_alienware15_corei57300hq_16
Dell,Alienware 15,Alienware 15,core i7 7820hk,não identificado,16,256,15.6,não identificado,gamer,dell_alienware15_corei77820hk_16
Acer,Predator 17,Predator 17,core i7 6700hq,não identificado,16,128,17.3,não identificado,gamer,acer_predator17_corei76700hq_16
Asus,Rog G752VS-BA171T,Rog G752VS-BA171T,core i7 6700hq,não identificado,16,256,17.3,não identificado,gamer,asus_rogg752vs-ba171t_corei76700hq_16
Lenovo,Legion Y520-15IKBN,Legion Y520-15IKBN,core i7 7700hq,não identificado,4,1024,15.6,não identificado,gamer,lenovo_legiony520-15ikbn_corei77700hq_4
Acer,Predator G9-793,Predator G9-793,core i7 7700hq,não identificado,16,256,17.3,não identificado,gamer,acer_predatorg9-793_corei77700hq_16
Razer,Blade Stealth,Blade Stealth,core i7 7500u,não identificado,16,512,12.5,não identificado,gamer,razer_bladestealth_corei77500u_16
Dell,Alienware 15,Alienware 15,core i7 7700hq,não identificado,16,256,15.6,não identificado,gamer,dell_alienware15_corei77700hq_16
Asus,Rog GL702VS-BA023T,Rog GL702VS-BA023T,core i7 7700hq,não identificado,16,256,17.3,não identificado,gamer,asus_roggl702vs-ba023t_corei77700hq_16
Asus,Rog GL702VM-GC017T,Rog GL702VM-GC017T,core i7 6700hq,não identificado,16,512,17.3,não identificado,gamer,asus_roggl702vm-gc017t_corei76700hq_16
Asus,Rog GL502VM-DS74,Rog GL502VM-DS74,core i7 7700hq,não identificado,16,128,15.6,não identificado,gamer,asus_roggl502vm-ds74_corei77700hq_16
Asus,Rog GL753VD-GC082T,Rog GL753VD-GC082T,core i5 7300hq,não identificado,12,128,17.3,não identificado,gamer,asus_roggl753vd-gc082t_corei57300hq_12
MSI,GS73VR Stealth,GS73VR Stealth,core i7 6700hq,não identificado,16,512,17.3,não identificado,gamer,msi_gs73vrstealth_corei76700hq_16
Dell,Alienware 17,Alienware 17,core i7 6820hk,não identificado,16,512,17.3,não identificado,gamer,dell_alienware17_corei76820hk_16
Dell,Alienware 17,Alienware 17,core i7 6700hq,não identificado,32,256,17.3,não identificado,gamer,dell_alienware17_corei76700hq_32
Asus,Rog Strix,Rog Strix,core i7 7700hq,não identificado,16,256,17.3,não identificado,gamer,asus_rogstrix_corei77700hq_16
Asus,Rog GL753VE-DS74,Rog GL753VE-DS74,core i7 7700hq,não identificado,16,256,17.3,não identificado,gamer,asus_roggl753ve-ds74_corei77700hq_16
Asus,Rog GL553VE-DS74,Rog GL553VE-DS74,core i7 7700hq,não identificado,16,256,15.6,não identificado,gamer,asus_roggl553ve-ds74_corei77700hq_16
Acer,Nitro 5,Nitro 5,core i7 7700hq,não identificado,8,128,15.6,não identificado,gamer,acer_nitro5_corei77700hq_8
Asus,Rog G752VL-GC088D,Rog G752VL-GC088D,core i7 6700hq,não identificado,16,1024,17.3,não identificado,gamer,asus_rogg752vl-gc088d_corei76700hq_16
Asus,ROG G701VO,ROG G701VO,core i7 6820hk,não identificado,64,1024,17.3,não identificado,gamer,asus_rogg701vo_corei76820hk_64
Dell,Alienware 15,Alienware 15,core i7 6700hq,não identificado,16,256,15.6,não identificado,gamer,dell_alienware15_corei76700hq_16
Asus,Rog GL702VM-GC354T,Rog GL702VM-GC354T,core i7 7700hq,não identificado,8,256,17.3,não identificado,gamer,asus_roggl702vm-gc354t_corei77700hq_8
MSI,GS70 Stealth,GS70 Stealth,core i7 6700hq,não identificado,8,256,17.3,não identificado,gamer,msi_gs70stealth_corei76700hq_8
Asus,Rog GL552VW-CN470T,Rog GL552VW-CN470T,core i7 6700hq,não identificado,16,128,15.6,não identificado,gamer,asus_roggl552vw-cn470t_corei76700hq_16
Razer,Blade Stealth,Blade Stealth,core i7 6500u,não identificado,8,256,12.5,não identificado,gamer,razer_bladestealth_corei76500u_8
Asus,Rog GL752VW-T4308T,Rog GL752VW-T4308T,core i7 6700hq,não identificado,8,128,17.3,não identificado,gamer,asus_roggl752vw-t4308t_corei76700hq_8
Asus,Rog GL552VW-DM201T,Rog GL552VW-DM201T,core i7 6700hq,não identificado,8,256,15.6,não identificado,gamer,asus_roggl552vw-dm201t_corei76700hq_8
Asus,Rog G752VY-GC229T,Rog G752VY-GC229T,core i7 6700hq,não identificado,16,512,17.3,não identificado,gamer,asus_rogg752vy-gc229t_corei76700hq_16
Asus,Rog GL553VE-FY052T,Rog GL553VE-FY052T,core i7 7700hq,não identificado,16,256,15.6,não identificado,gamer,asus_roggl553ve-fy052t_corei77700hq_16
Asus,Rog GL502VS,Rog GL502VS,core i7 6700hq,não identificado,16,256,15.6,não identificado,gamer,asus_roggl502vs_corei76700hq_16
Asus,Rog G752VT-GC073T,Rog G752VT-GC073T,core i7 6700hq,não identificado,16,128,17.3,não identificado,gamer,asus_rogg752vt-gc073t_corei76700hq_16
não identificado,Acer Nitro V,Acer Nitro V Intel Core i5 13th Gen 13420H - (16 GB/512...,13th gen,não identificado,16 gb,não identificado,15.6 inch,não identificado,gamer,gen_acernitrov_13thgen_16gb
não identificado,Acer Nitro V,Acer Nitro V AMD Ryzen 7 Octa Core 7735HS - (16 GB/512 ...,não identificado,não identificado,16 gb,não identificado,15.6 inch,não identificado,gamer,gen_acernitrov_na_16gb
não identificado,HP Victus,HP Victus Intel Core i5 13th Gen 13420H - (16 GB/512 GB...,13th gen,não identificado,16 gb,não identificado,15.6 inch,não identificado,gamer,gen_hpvictus_13thgen_16gb
não identificado,Lenovo Lenovo Legion Pro 7,Lenovo Lenovo Legion Pro 7 Intel Core i9 14th Gen 14900...,14th gen,não identificado,não identificado,não identificado,16 inch,não identificado,gamer,gen_lenovolenovolegionpro7_14thgen_na
não identificado,HP Victus,HP Victus Intel Core i5 12th Gen 12450H - (8 GB/512 GB ...,12th gen,não identificado,8 gb,não identificado,15.6 inch,não identificado,gamer,gen_hpvictus_12thgen_8gb
não identificado,HP Victus AI,HP Victus AI AMD Ryzen 5 Hexa Core 8645HS - (16 GB/512 ...,não identificado,não identificado,16 gb,não identificado,15.6 inch,não identificado,gamer,gen_hpvictusai_na_16gb
não identificado,Acer Predator Neo,Acer Predator Neo Intel Core i7 13th Gen 13700HX - (16 ...,13th gen,não identificado,não identificado,não identificado,16 inch,não identificado,gamer,gen_acerpredatorneo_13thgen_na
não identificado,HP Victus 15,HP Victus 15 Intel Core i5 13th Gen 13420H - (16 GB/512...,13th gen,não identificado,16 gb,não identificado,15.6 inch,não identificado,gamer,gen_hpvictus15_13thgen_16gb
não identificado,Lenovo IdeaPad Gaming 3,Lenovo IdeaPad Gaming 3 Intel Core i5 12th Gen 12450H -...,12th gen,não identificado,não identificado,não identificado,15.6 inch,não identificado,gamer,gen_lenovoideapadgaming3_12thgen_na
não identificado,Lenovo Legion 5,Lenovo Legion 5 Intel Core i7 13th Gen 13650HX - (24 GB...,13th gen,não identificado,24 gb,não identificado,15.6 inch,não identificado,gamer,gen_lenovolegion5_13thgen_24gb
não identificado,Acer Predator Helios 16,Acer Predator Helios 16 Intel Core i9 14th Gen 14900HX ...,14th gen,não identificado,não identificado,não identificado,16 inch,não identificado,gamer,gen_acerpredatorhelios16_14thgen_na
não identificado,Acer Aspire 5 Gaming,Acer Aspire 5 Gaming Intel Core i5 12th Gen 1240P - (16...,12th gen,não identificado,não identificado,não identificado,15.6 inch,não identificado,gamer,gen_aceraspire5gaming_12thgen_na
não identificado,ASUS ROG Strix G16,ASUS ROG Strix G16 Intel Core i5 13th Gen 13450HX - (16...,13th gen,não identificado,não identificado,não identificado,16 inch,não identificado,gamer,gen_asusrogstrixg16_13thgen_na
não identificado,Acer Nitro 5,Acer Nitro 5 AMD Ryzen 7 Octa Core 7735HS - (16 GB/512 ...,não identificado,não identificado,16 gb,não identificado,15.6 inch,não identificado,gamer,gen_acernitro5_na_16gb
não identificado,Acer Nitro 5,Acer Nitro 5 Intel Core i5 12th Gen 12500H - (8 GB/512 ...,12th gen,não identificado,8 gb,não identificado,15.6 inch,não identificado,gamer,gen_acernitro5_12thgen_8gb
não identificado,HP Victus,HP Victus AMD Ryzen 7 Octa Core 8845HS - (16 GB/1 TB SS...,não identificado,não identificado,16 gb,não identificado,15.6 inch,não identificado,gamer,gen_hpvictus_na_16gb
não identificado,HP Victus 15,HP Victus 15 AMD Ryzen 5 Hexa Core 5600H - (16 GB/512 G...,core 5600h,não identificado,16 gb,não identificado,15.6 inch,não identificado,gamer,gen_hpvictus15_core5600h_16gb
não identificado,DELL Alienware,DELL Alienware Intel Core i5 12th Gen 12500H - (16 GB/5...,12th gen,não identificado,16 gb,não identificado,14 inch,não identificado,gamer,gen_dellalienware_12thgen_16gb
não identificado,HP Victus,HP Victus Intel Core i5 12th Gen - (16 GB/512 GB SSD/Wi...,12th gen,não identificado,16 gb,512 gb ssd,15.6 inch,não identificado,gamer,gen_hpvictus_12thgen_16gb
não identificado,Lenovo IdeaPad Gaming 3,Lenovo IdeaPad Gaming 3 AMD Ryzen 7 Octa Core 5800H - (...,core 5800h,não identificado,não identificado,não identificado,15.6 inch,não identificado,gamer,gen_lenovoideapadgaming3_core5800h_na
não identificado,ASUS Vivobook Gaming,ASUS Vivobook Gaming Intel Core i7 10th Gen 10870H - (1...,10th gen,não identificado,não identificado,não identificado,15.6 inch,não identificado,gamer,gen_asusvivobookgaming_10thgen_na
não identificado,HP Victus Gaming 15,HP Victus Gaming 15-With Backlit Intel Core i7 12th Gen...,12th gen,não identificado,não identificado,não identificado,15.6 inch,não identificado,gamer,gen_hpvictusgaming15_12thgen_na
não identificado,ASUS TUF Gaming F16,ASUS TUF Gaming F16 Intel Core 5 210H - (16 GB/512 GB S...,intel core 5 210h,não identificado,16 gb,não identificado,16 inch,não identificado,gamer,gen_asustufgamingf16_intelcore5210h_16gb
não identificado,Lenovo IdeaPad Gaming 3,Lenovo IdeaPad Gaming 3 Intel Core i5 11th Gen 11300H -...,11th gen,não identificado,não identificado,não identificado,15.6 inch,não identificado,gamer,gen_lenovoideapadgaming3_11thgen_na
não identificado,HP Victus,HP Victus AMD Ryzen 7 Octa Core 5800H - (16 GB/512 GB S...,core 5800h,não identificado,16 gb,não identificado,15.6 inch,não identificado,gamer,gen_hpvictus_core5800h_16gb
não identificado,HP Victus,HP Victus AMD Ryzen 5 Hexa Core 7535HS - (8 GB/512 GB S...,não identificado,não identificado,8 gb,não identificado,15.6 inch,não identificado,gamer,gen_hpvictus_na_8gb
não identificado,HP Victus,HP Victus AMD Ryzen 5 Hexa Core 5600H - (8 GB/512 GB SS...,core 5600h,não identificado,8 gb,não identificado,15.6 inch,não identificado,gamer,gen_hpvictus_core5600h_8gb
não identificado,Acer Nitro 5,Acer Nitro 5 Intel Core i5 12th Gen 12450H - (16 GB/512...,12th gen,não identificado,16 gb,não identificado,15.6 inch,não identificado,gamer,gen_acernitro5_12thgen_16gb
não identificado,ASUS Vivobook Gaming,ASUS Vivobook Gaming Intel Core i5 9th Gen 9300H - (8 G...,9th gen,não identificado,não identificado,não identificado,15.6 inch,não identificado,gamer,gen_asusvivobookgaming_9thgen_na
não identificado,HP Victus,HP Victus AMD Ryzen 5 Hexa Core 5600H - (16 GB/512 GB S...,core 5600h,não identificado,16 gb,não identificado,15.6 inch,não identificado,gamer,gen_hpvictus_core5600h_16gb
não identificado,Lenovo IdeaPad Gaming 3,Lenovo IdeaPad Gaming 3 AMD Ryzen 5 Quad Core 5500H - (...,core 5500h,não identificado,não identificado,não identificado,15.6 inch,não identificado,gamer,gen_lenovoideapadgaming3_core5500h_na
não identificado,ASUS VivoBook Gaming,ASUS VivoBook Gaming Intel Core i5 8th Gen 8300H - (8 G...,8th gen,não identificado,não identificado,não identificado,15.6 inch,não identificado,gamer,gen_asusvivobookgaming_8thgen_na
não identificado,ASUS ROG Zephyrus M16,ASUS ROG Zephyrus M16 Intel Core i7 11th Gen - (16 GB/1...,11th gen,não identificado,16 gb,não identificado,16 inch,não identificado,gamer,gen_asusrogzephyrusm16_11thgen_16gb
não identificado,MSI Stealth 16 AI Studio,MSI Stealth 16 AI Studio Intel Core Ultra 9 185H - (32 ...,intel core ultra 9 185h,não identificado,não identificado,não identificado,16 inch,não identificado,gamer,gen_msistealth16aistudio_intelcoreultra9185h_na
não identificado,MSI Raider GE68 HX,MSI Raider GE68 HX Intel Core i9 14th Gen 14900HX - (32...,14th gen,não identificado,não identificado,não identificado,16 inch,não identificado,gamer,gen_msiraiderge68hx_14thgen_na
não identificado,HP Victus Gaming,HP Victus Gaming AMD Ryzen 5 Hexa Core 5600H - (8 GB/51...,core 5600h,não identificado,8 gb,não identificado,15.6 inch,não identificado,gamer,gen_hpvictusgaming_core5600h_8gb
não identificado,Lenovo IdeaPad Gaming 3,Lenovo IdeaPad Gaming 3 Intel Core i5 10th Gen 10300H -...,10th gen,não identificado,não identificado,não identificado,15.6 inch,não identificado,gamer,gen_lenovoideapadgaming3_10thgen_na
não identificado,Acer Predator Helios 300,Acer Predator Helios 300 Intel Core i5 8th Gen 8300H - ...,8th gen,não identificado,não identificado,não identificado,15.6 inch,não identificado,gamer,gen_acerpredatorhelios300_8thgen_na
não identificado,Lenovo Legion 7i,Lenovo Legion 7i Intel Core i7 10th Gen 10875H - (16 GB...,10th gen,não identificado,16 gb,não identificado,15.6 inch,não identificado,gamer,gen_lenovolegion7i_10thgen_16gb
não identificado,DELL Alienware,DELL Alienware Intel Core i7 13th Gen 13650HX - (16 GB/...,13th gen,não identificado,16 gb,não identificado,15.6 inch,não identificado,gamer,gen_dellalienware_13thgen_16gb
não identificado,Acer Nitro 5,Acer Nitro 5 Intel Core i5 7th Gen 7300HQ - (8 GB/1 TB ...,7th gen,não identificado,8 gb,não identificado,15.6 inch,não identificado,gamer,gen_acernitro5_7thgen_8gb
não identificado,HP Victus 15,HP Victus 15 AMD Ryzen 5 Hexa Core 5600H - (8 GB/512 GB...,core 5600h,não identificado,8 gb,não identificado,15.6 inch,não identificado,gamer,gen_hpvictus15_core5600h_8gb
não identificado,Lenovo Legion 5,Lenovo Legion 5 Intel Core i7 11th Gen 11800H - (16 GB/...,11th gen,não identificado,16 gb,não identificado,15.6 inch,não identificado,gamer,gen_lenovolegion5_11thgen_16gb
não identificado,Lenovo Legion Pro 5,Lenovo Legion Pro 5 AMD Ryzen 9 16 Core 7945HX - (32 GB...,core 7945hx,não identificado,32 gb,não identificado,16 inch,não identificado,gamer,gen_lenovolegionpro5_core7945hx_32gb
não identificado,Acer Nitro 5,Acer Nitro 5 AMD Ryzen 5 Quad Core 3550H - (8 GB/1 TB H...,core 3550h,não identificado,8 gb,não identificado,15.6 inch,não identificado,gamer,gen_acernitro5_core3550h_8gb
não identificado,ASUS TUF Gaming F15,ASUS TUF Gaming F15 Intel Core i7 11th Gen 11800H - (16...,11th gen,não identificado,não identificado,não identificado,15.6 inch,não identificado,gamer,gen_asustufgamingf15_11thgen_na
não identificado,Lenovo IdeaPad Gaming 3,Lenovo IdeaPad Gaming 3 AMD Ryzen 5 Hexa Core 5600H - (...,core 5600h,não identificado,não identificado,não identificado,15.6 inch,não identificado,gamer,gen_lenovoideapadgaming3_core5600h_na
não identificado,Lenovo Lenovo Legion 5,Lenovo Lenovo Legion 5 AMD Ryzen 7 Octa Core 5800H - (1...,core 5800h,não identificado,não identificado,não identificado,15.6 inch,não identificado,gamer,gen_lenovolenovolegion5_core5800h_na
não identificado,Lenovo Legion 5,Lenovo Legion 5 AMD Ryzen 7 Octa Core 5800H - (16 GB/51...,core 5800h,não identificado,16 gb,não identificado,15.6 inch,não identificado,gamer,gen_lenovolegion5_core5800h_16gb
não identificado,MSI Stealth 16 Studio,MSI Stealth 16 Studio AI PC Intel Core Ultra 7 155H - (...,intel core ultra 7 155h,não identificado,não identificado,não identificado,16 inch,não identificado,gamer,gen_msistealth16studio_intelcoreultra7155h_na
não identificado,MSI Stealth 16 Studio,MSI Stealth 16 Studio Intel Core i7 13th Gen 13700H - (...,13th gen,não identificado,não identificado,não identificado,16 inch,não identificado,gamer,gen_msistealth16studio_13thgen_na
não identificado,Lenovo Legion 5,Lenovo Legion 5 Intel Core i7 14th Gen 14650HX - (16 GB...,14th gen,não identificado,16 gb,não identificado,16 inch,não identificado,gamer,gen_lenovolegion5_14thgen_16gb
não identificado,HP Victus,HP Victus AMD Ryzen 7 Octa Core 5800H - (8 GB/512 GB SS...,core 5800h,não identificado,8 gb,não identificado,16.1 inch,não identificado,gamer,gen_hpvictus_core5800h_8gb
não identificado,MSI Raider 18 HX AI,MSI Raider 18 HX AI Intel Core Ultra 9 285HX - (64 GB/2...,intel core ultra 9 285hx,não identificado,64 gb,não identificado,18 inch,não identificado,gamer,gen_msiraider18hxai_intelcoreultra9285hx_64gb
não identificado,ASUS ASUS TUF Gaming A15,ASUS ASUS TUF Gaming A15 AMD Ryzen 5 Hexa Core 10th Gen...,10th gen,não identificado,não identificado,não identificado,15.6 inch,não identificado,gamer,gen_asusasustufgaminga15_10thgen_na
não identificado,ASUS TUF Gaming F17,ASUS TUF Gaming F17 Intel Core i7 12th Gen 12700H - (16...,12th gen,não identificado,não identificado,não identificado,17.3 inch,não identificado,gamer,gen_asustufgamingf17_12thgen_na
não identificado,ASUS ROG,ASUS ROG Intel Core i7 7th Gen 7700HQ - (8 GB/1 TB HDD/...,7th gen,hdd,8 gb,1 tb hdd,15.6 inch,não identificado,gamer,gen_asusrog_7thgen_8gb
não identificado,MSI Stealth,MSI Stealth Intel Core i7 8th Gen 8750H - (16 GB/512 GB...,8th gen,não identificado,16 gb,não identificado,15.6 inch,não identificado,gamer,gen_msistealth_8thgen_16gb
não identificado,MSI Stealth 15,MSI Stealth 15 Intel Core i7 13th Gen 13620H - (16 GB/1...,13th gen,não identificado,16 gb,não identificado,15.6 inch,não identificado,gamer,gen_msistealth15_13thgen_16gb
não identificado,HP Victus 15,HP Victus 15 Intel Core i5 12th Gen 12450H - (8 GB/512 ...,12th gen,não identificado,8 gb,não identificado,15.6 inch,não identificado,gamer,gen_hpvictus15_12thgen_8gb
não identificado,Acer Predator Helios Neo 14,Acer Predator Helios Neo 14 Intel Core Ultra 7 155H - (...,intel core ultra 7 155h,não identificado,não identificado,não identificado,14.5 inch,não identificado,gamer,gen_acerpredatorheliosneo14_intelcoreultra7155h_na
não identificado,MSI Stealth GS66,MSI Stealth GS66 Intel Core i7 12th Gen 12700H - (32 GB...,12th gen,não identificado,32 gb,não identificado,15.6 inch,não identificado,gamer,gen_msistealthgs66_12thgen_32gb
não identificado,Acer Predator Helios 300,Acer Predator Helios 300 Intel Core i7 11th Gen 11800H ...,11th gen,não identificado,não identificado,não identificado,15.6 inch,não identificado,gamer,gen_acerpredatorhelios300_11thgen_na
não identificado,Acer Nitro V,Acer Nitro V Intel Core i5 14th Gen 14450HX - (16 GB/51...,14th gen,não identificado,16 gb,não identificado,16 inch,não identificado,gamer,gen_acernitrov_14thgen_16gb
não identificado,MSI Stealth 14 Studio,MSI Stealth 14 Studio AI PC Intel Core Ultra 7 155H - (...,intel core ultra 7 155h,não identificado,não identificado,não identificado,14 inch,não identificado,gamer,gen_msistealth14studio_intelcoreultra7155h_na
não identificado,ALIENWARE,ALIENWARE Intel Core i9 10th Gen 10980HK - (32 GB/1 TB ...,10th gen,não identificado,32 gb,não identificado,15.6 inch,não identificado,gamer,gen_alienware_10thgen_32gb
não identificado,ASUS ROG Zephyrus G15,ASUS ROG Zephyrus G15 (2021) AMD Ryzen 7 Octa Core 5800...,core 5800,não identificado,não identificado,não identificado,15.6 inch,2021,gamer,gen_asusrogzephyrusg15_core5800_na
não identificado,ASUS TUF Gaming F15,ASUS TUF Gaming F15 Intel Core i5 10th Gen 10300H - (8 ...,10th gen,não identificado,não identificado,não identificado,15.6 inch,não identificado,gamer,gen_asustufgamingf15_10thgen_na
não identificado,ASUS ROG Strix G16,ASUS ROG Strix G16 Intel Core i9 14th Gen 14900HX - (16...,14th gen,não identificado,não identificado,não identificado,16 inch,não identificado,gamer,gen_asusrogstrixg16_14thgen_na
não identificado,Acer Aspire 5 Gaming,Acer Aspire 5 Gaming Intel Core i5 13th Gen 1335U - (16...,13th gen,não identificado,não identificado,não identificado,15.6 inch,não identificado,gamer,gen_aceraspire5gaming_13thgen_na
não identificado,"Logitech G102 Light Sync / Adj DPI Upto 8000, 6 Program...","Logitech G102 Light Sync / Adj DPI Upto 8000, 6 Program...",não identificado,não identificado,program,não identificado,compatible with dell hp samsung acer asus & all other brand laptop,não identificado,gamer,gen_logitechg102lightsync/adjdpiup_na_program
HP,Victus 15-fb0157AX Gaming,Victus 15-fb0157AX Gaming Laptop,"hexa core, 12 threads",4gb amd radeon rx 6500m,8,não identificado,15.6,não identificado,gamer,"hp_victus15-fb0157axgaming_hexacore,12threads_8"
Acer,Nitro V ANV15-51 2023 Gaming,Nitro V ANV15-51 2023 Gaming Laptop,"octa core (4p + 4e), 12 threads",6gb nvidia geforce rtx 4050,16,não identificado,15.6,2023,gamer,"acer_nitrovanv15-512023gaming_octacore(4p+4e),12threads_16"
Asus,TUF Gaming F15 2022 FX507ZC4-HN116W Gaming,TUF Gaming F15 2022 FX507ZC4-HN116W Gaming Laptop,"12 cores (4p + 8e), 16 threads",4gb nvidia geforce rtx 3050,16,não identificado,15.6,2022,gamer,"asus_tufgamingf152022fx507zc4-hn116_12cores(4p+8e),16threads_16"
Asus,TUF Gaming F15 FX506HF-HN024W Gaming,TUF Gaming F15 FX506HF-HN024W Gaming Laptop,"hexa core, 12 threads",4gb nvidia geforce rtx 2050,8,não identificado,15.6,não identificado,gamer,"asus_tufgamingf15fx506hf-hn024wgami_hexacore,12threads_8"
HP,Victus 15-fa0666TX Gaming,Victus 15-fa0666TX Gaming Laptop,"octa core (4p + 4e), 12 threads",4gb nvidia geforce rtx 3050,16,não identificado,15.6,não identificado,gamer,"hp_victus15-fa0666txgaming_octacore(4p+4e),12threads_16"
Lenovo,IdeaPad Gaming 3 15IHU6 82K101GSIN,IdeaPad Gaming 3 15IHU6 82K101GSIN Laptop,"quad core, 8 threads",4gb nvidia geforce gtx 1650,8,não identificado,15.6,não identificado,gamer,"lenovo_ideapadgaming315ihu682k101gsin_quadcore,8threads_8"
Acer,Aspire 7 A715-76G UN.QMYSI.002 Gaming,Aspire 7 A715-76G UN.QMYSI.002 Gaming Laptop,"octa core (4p + 4e), 12 threads",4gb nvidia geforce rtx 2050,16,não identificado,15.6,não identificado,gamer,"acer_aspire7a715-76gun.qmysi.002gam_octacore(4p+4e),12threads_16"
Acer,Aspire 5 A515-57G UN.K9TSI.002 Gaming,Aspire 5 A515-57G UN.K9TSI.002 Gaming Laptop,"12 cores (4p + 8e), 16 threads",4gb nvidia geforce rtx 2050,16,não identificado,15.6,não identificado,gamer,"acer_aspire5a515-57gun.k9tsi.002gam_12cores(4p+8e),16threads_16"
Lenovo,IdeaPad Gaming 3 82SB00V2IN,IdeaPad Gaming 3 82SB00V2IN Laptop,"hexa core, 12 threads",4gb nvidia geforce rtx 3050,8,não identificado,15.6,não identificado,gamer,"lenovo_ideapadgaming382sb00v2in_hexacore,12threads_8"
Acer,Predator Helios Neo 16 2023 PHN16-71 Gaming,Predator Helios Neo 16 2023 PHN16-71 Gaming Laptop,"24 cores (8p + 16e), 32 threads",8gb nvidia geforce rtx 4070,16,não identificado,16.0,2023,gamer,"acer_predatorheliosneo162023phn16-7_24cores(8p+16e),32threads_16"
HP,Victus 15-fb0150AX Gaming,Victus 15-fb0150AX Gaming Laptop,"hexa core, 12 threads",4gb amd radeon rx 6500m graphics,16,não identificado,15.6,não identificado,gamer,"hp_victus15-fb0150axgaming_hexacore,12threads_16"
Acer,Nitro 5 AN515-58 NH.QFSSI.001 Gaming,Nitro 5 AN515-58 NH.QFSSI.001 Gaming Laptop,"10 cores (6p + 4e), 16 threads",8gb nvidia geforce rtx 3070 ti,16,não identificado,15.6,não identificado,gamer,"acer_nitro5an515-58nh.qfssi.001gami_10cores(6p+4e),16threads_16"
HP,Victus 16-d0333TX Gaming,Victus 16-d0333TX Gaming Laptop,"hexa core, 12 threads",4gb nvidia geforce gtx 1650,16,não identificado,16.1,não identificado,gamer,"hp_victus16-d0333txgaming_hexacore,12threads_16"
Lenovo,LOQ 15IRH8 82XV00F5IN 2023 Gaming,LOQ 15IRH8 82XV00F5IN 2023 Gaming Laptop,"octa core (4p + 4e), 12 threads",6gb nvidia geforce rtx 3050,16,não identificado,15.6,2023,gamer,"lenovo_loq15irh882xv00f5in2023gaming_octacore(4p+4e),12threads_16"
Dell,G15-5520 2023,G15-5520 2023 Laptop,"12 cores (4p + 8e), 16 threads",4gb nvidia geforce rtx 3050,16,não identificado,15.6,2023,gamer,"dell_g15-55202023_12cores(4p+8e),16threads_16"
Asus,ROG Strix G16 2023 G614JJ-N3086WS Gaming,ROG Strix G16 2023 G614JJ-N3086WS Gaming Laptop,"10 cores (6p + 4e), 16 threads",6gb nvidia geforce rtx 3050,16,não identificado,16.0,2023,gamer,"asus_rogstrixg162023g614jj-n3086wsg_10cores(6p+4e),16threads_16"
Lenovo,Legion 9i 2023,Legion 9i 2023 Laptop,"24 cores (8p + 16e), 32 threads",16gb nvidia geforce rtx 4090,32,não identificado,16.0,2023,gamer,"lenovo_legion9i2023_24cores(8p+16e),32threads_32"
HP,Victus 15-fa0555TX,Victus 15-fa0555TX  Laptop,"octa core (4p + 4e), 12 threads",4gb nvidia geforce rtx 3050,16,não identificado,15.6,não identificado,gamer,"hp_victus15-fa0555tx_octacore(4p+4e),12threads_16"
Asus,TUF Gaming F15 2023 FX507ZV-LP094W Gaming,TUF Gaming F15 2023 FX507ZV-LP094W Gaming Laptop,"14 cores (6p + 8e), 20 threads",8gb nvidia geforce rtx 4060,16,não identificado,15.6,2023,gamer,"asus_tufgamingf152023fx507zv-lp094w_14cores(6p+8e),20threads_16"
HP,Victus 15-fa0070TX,Victus 15-fa0070TX Laptop,"octa core (4p + 4e), 12 threads",4gb nvidia geforce gtx 1650,8,não identificado,15.6,não identificado,gamer,"hp_victus15-fa0070tx_octacore(4p+4e),12threads_8"
Asus,TUF Gaming F15 FX506HE-HN382W Gaming,TUF Gaming F15 FX506HE-HN382W Gaming Laptop,"octa core, 16 threads",4gb nvidia geforce rtx 3050 ti,16,não identificado,15.6,não identificado,gamer,"asus_tufgamingf15fx506he-hn382wgami_octacore,16threads_16"
Asus,TUF Gaming F15 FX577ZC-HN192W Gaming,TUF Gaming F15 FX577ZC-HN192W Gaming Laptop,"14 cores, 20 threads",4gb nvidia geforce rtx 3050,16,não identificado,15.6,não identificado,gamer,"asus_tufgamingf15fx577zc-hn192wgami_14cores,20threads_16"
Lenovo,LOQ 15IRH8 82XV00BQIN 2023 Gaming,LOQ 15IRH8 82XV00BQIN 2023 Gaming Laptop,"10 cores (6p + 4e), 16 threads",6gb nvidia geforce rtx 4050,16,não identificado,15.6,2023,gamer,"lenovo_loq15irh882xv00bqin2023gaming_10cores(6p+4e),16threads_16"
Lenovo,Legion Y9000X 2023,Legion Y9000X 2023 Laptop,"14 cores (6p + 8e), 20 threads",8gb nvidia geforce rtx 4060,32,não identificado,16.0,2023,gamer,"lenovo_legiony9000x2023_14cores(6p+8e),20threads_32"
Asus,TUF Gaming F17 FX707ZC4-HX067W Gaming,TUF Gaming F17 FX707ZC4-HX067W Gaming Laptop,"12 cores (4p + 8e), 16 threads",4gb nvidia geforce rtx 3050,16,não identificado,17.3,não identificado,gamer,"asus_tufgamingf17fx707zc4-hx067wgam_12cores(4p+8e),16threads_16"
Acer,Aspire 7 A715-76G NH.QMFSI.004 Gaming,Aspire 7 A715-76G NH.QMFSI.004 Gaming Laptop,"octa core (4p + 4e), 12 threads",4gb nvidia geforce gtx 3050,16,não identificado,15.6,não identificado,gamer,"acer_aspire7a715-76gnh.qmfsi.004gam_octacore(4p+4e),12threads_16"
Asus,Vivobook 16X 2023 K3605ZF-MB541WS,Vivobook 16X 2023 K3605ZF-MB541WS Laptop,"octa core (4p + 4e), 12 threads",4gb nvidia geforce rtx 2050,16,não identificado,16.0,2023,gamer,"asus_vivobook16x2023k3605zf-mb541ws_octacore(4p+4e),12threads_16"
MSI,GF63 Thin 11UC-1294IN Gaming,GF63 Thin 11UC-1294IN Gaming Laptop,"octa core, 16 threads",4gb nvidia geforce rtx 3050,16,não identificado,15.6,não identificado,gamer,"msi_gf63thin11uc-1294ingaming_octacore,16threads_16"
Asus,TUF Gaming F15 FX506HC-HN362WS Gaming,TUF Gaming F15 FX506HC-HN362WS Gaming Laptop,"hexa core, 12 threads",4gb nvidia geforce rtx 3050,16,não identificado,15.6,não identificado,gamer,"asus_tufgamingf15fx506hc-hn362wsgam_hexacore,12threads_16"
HP,Omen 16-XD0007ax Gaming,Omen 16-XD0007ax Gaming Laptop,"octa core, 16 threads",6gb nvidia geforce rtx 4050,16,não identificado,16.1,não identificado,gamer,"hp_omen16-xd0007axgaming_octacore,16threads_16"
HP,Victus 16-s0095AX Gaming,Victus 16-s0095AX Gaming Laptop,"octa core, 16 threads",6gb nvidia geforce rtx 3050,16,não identificado,16.1,não identificado,gamer,"hp_victus16-s0095axgaming_octacore,16threads_16"
HP,Victus 15-FB1001AX Gaming,Victus 15-FB1001AX Gaming Laptop,"hexa core, 12 threads",4gb nvidia geforce rtx 2050,8,não identificado,15.6,não identificado,gamer,"hp_victus15-fb1001axgaming_hexacore,12threads_8"
MSI,Thin GF63 11UCX-1492IN Gaming,Thin GF63 11UCX-1492IN Gaming Laptop,"hexa core, 12 threads",gb nvidia geforce rtx 2050,16,não identificado,15.6,não identificado,gamer,"msi_thingf6311ucx-1492ingaming_hexacore,12threads_16"
HP,Omen 16-xf0060AX Gaming,Omen 16-xf0060AX Gaming Laptop,"octa core, 16 threads",8gb nvidia geforce rtx 4060,16,não identificado,16.0,não identificado,gamer,"hp_omen16-xf0060axgaming_octacore,16threads_16"
MSI,Thin GF63 11UC-1490IN Gaming,Thin GF63 11UC-1490IN Gaming Laptop,"hexa core, 12 threads",4gb nvidia geforce rtx 3050,16,não identificado,15.6,não identificado,gamer,"msi_thingf6311uc-1490ingaming_hexacore,12threads_16"
Lenovo,LOQ 2023 Gaming,LOQ 2023 Gaming Laptop,"octa core (4p + 4e), 12 threads",8gb nvidia geforce rtx 4060,8,não identificado,15.6,2023,gamer,"lenovo_loq2023gaming_octacore(4p+4e),12threads_8"
Dell,G15-5530 GN5530D83M6002ORB1 Gaming,G15-5530 GN5530D83M6002ORB1 Gaming Laptop,"10 cores (6p + 4e), 16 threads",6gb nvidia geforce rtx 3050,16,não identificado,15.6,não identificado,gamer,"dell_g15-5530gn5530d83m6002orb1gami_10cores(6p+4e),16threads_16"
Asus,TUF Gaming F15 FX506HF-HN025W Gaming,TUF Gaming F15 FX506HF-HN025W Gaming Laptop,"hexa core, 12 threads",4gb nvidia geforce rtx 2050,16,não identificado,15.6,não identificado,gamer,"asus_tufgamingf15fx506hf-hn025wgami_hexacore,12threads_16"
HP,Victus 15-fa0998TX Gaming,Victus 15-fa0998TX Gaming Laptop,"octa core (4p + 4e), 12 threads",4gb nvidia geforce rtx 3050,16,não identificado,15.6,não identificado,gamer,"hp_victus15-fa0998txgaming_octacore(4p+4e),12threads_16"
HP,Omen 16-n0123AX Gaming,Omen 16-n0123AX Gaming Laptop,"octa core, 16 threads",8gb nvidia geforce rtx 3070 ti,16,não identificado,16.1,não identificado,gamer,"hp_omen16-n0123axgaming_octacore,16threads_16"
Lenovo,IdeaPad Gaming 3 15IHU6 82K101EDIN,IdeaPad Gaming 3 15IHU6 82K101EDIN Laptop,"quad core, 8 threads",4gb nvidia geforce rtx 3050 graphics,8,não identificado,15.6,não identificado,gamer,"lenovo_ideapadgaming315ihu682k101edin_quadcore,8threads_8"
HP,Omen 16-n0079AX Gaming,Omen 16-n0079AX Gaming Laptop,"octa core, 16 threads",8gb amd radeon rx 6650m,16,não identificado,16.1,não identificado,gamer,"hp_omen16-n0079axgaming_octacore,16threads_16"
Lenovo,IdeaPad Gaming 3 82SB00V5IN,IdeaPad Gaming 3 82SB00V5IN Laptop,"octa core, 16 threads",4gb nvidia geforce rtx 3050,8,não identificado,15.6,não identificado,gamer,"lenovo_ideapadgaming382sb00v5in_octacore,16threads_8"
MSI,Katana 15 B13UDXK-1482IN Gaming,Katana 15 B13UDXK-1482IN Gaming Laptop,"12 cores (4p + 8e), 16 threads",6gb nvidia geforce rtx 3050,32,não identificado,15.6,não identificado,gamer,"msi_katana15b13udxk-1482ingaming_12cores(4p+8e),16threads_32"
HP,Victus 15-fa1132TX,Victus 15-fa1132TX Laptop,"octa core (4p + 4e), 12 threads",4gb nvidia geforce rtx 2050,8,não identificado,15.6,não identificado,gamer,"hp_victus15-fa1132tx_octacore(4p+4e),12threads_8"
HP,Victus 15-fb1017AX Gaming,Victus 15-fb1017AX Gaming Laptop,"hexa core, 12 threads",4gb nvidia geforce rtx 2050,16,não identificado,15.6,não identificado,gamer,"hp_victus15-fb1017axgaming_hexacore,12threads_16"
HP,Victus 15-fb1015AX Gaming,Victus 15-fb1015AX Gaming Laptop,"hexa core, 12 threads",4gb nvidia geforce rtx 2050,8,não identificado,15.6,não identificado,gamer,"hp_victus15-fb1015axgaming_hexacore,12threads_8"
Lenovo,LOQ 15IRH8 82XV00F4IN 2023 Gaming,LOQ 15IRH8 82XV00F4IN 2023 Gaming Laptop,"octa core (4p + 4e), 12 threads",4gb nvidia geforce rtx 2050,16,não identificado,15.6,2023,gamer,"lenovo_loq15irh882xv00f4in2023gaming_octacore(4p+4e),12threads_16"
Lenovo,IdeaPad Gaming 3 82K2025MIN,IdeaPad Gaming 3 82K2025MIN Laptop,"hexa core, 12 threads",4gb nvidia geforce gtx 1650,16,não identificado,15.6,não identificado,gamer,"lenovo_ideapadgaming382k2025min_hexacore,12threads_16"
Acer,Aspire 5 A515-58P NX.KHJSI.001 Gaming,Aspire 5 A515-58P NX.KHJSI.001 Gaming Laptop,"hexa core (2p + 4e), 8 threads",intel uhd graphics,8,não identificado,15.6,não identificado,gamer,"acer_aspire5a515-58pnx.khjsi.001gam_hexacore(2p+4e),8threads_8"
Acer,Aspire 5 14 A514-56GM 2023 Gaming,Aspire 5 14 A514-56GM 2023 Gaming Laptop,"10 cores (2p + 8e), 12 threads",4gb nvidia geforce rtx 2050,16,não identificado,14.0,2023,gamer,"acer_aspire514a514-56gm2023gaming_10cores(2p+8e),12threads_16"
HP,Victus 15-fb0108AX Gaming,Victus 15-fb0108AX Gaming Laptop,"hexa core, 12 threads",4gb amd radeon rx 6500m graphics,8,não identificado,15.6,não identificado,gamer,"hp_victus15-fb0108axgaming_hexacore,12threads_8"
Samsung,Galaxy Book 3 Ultra NP960XFH-XA1IN,Galaxy Book 3 Ultra NP960XFH-XA1IN Laptop,"14 cores (6p + 8e), 20 threads",nvidia geforce rtx 4070,32,não identificado,16.0,não identificado,gamer,"samsung_galaxybook3ultranp960xfh-xa1in_14cores(6p+8e),20threads_32"
Asus,Vivobook Pro 15 M6500RC-HN741WS,Vivobook Pro 15 M6500RC-HN741WS Laptop,"octa core, 16 threads",4gb nvidia geforce rtx 3050,16,não identificado,15.6,não identificado,gamer,"asus_vivobookpro15m6500rc-hn741ws_octacore,16threads_16"
Acer,Predator 16 NH.QLUSI.005,Predator 16 NH.QLUSI.005 Laptop,"24 cores (8p + 16e), 32 threads",8gb nvidia geforce rtx 4060,16,não identificado,16.0,não identificado,gamer,"acer_predator16nh.qlusi.005_24cores(8p+16e),32threads_16"
HP,Victus 15-fb0134AX Gaming,Victus 15-fb0134AX Gaming Laptop,"hexa core, 12 threads",4gb amd radeon rx 6500m graphics,16,não identificado,15.6,não identificado,gamer,"hp_victus15-fb0134axgaming_hexacore,12threads_16"
Lenovo,IdeaPad Gaming 3 82K101L7IN,IdeaPad Gaming 3 82K101L7IN Laptop,"quad core, 8 threads",4gb nvidia gtx 1650,16,não identificado,15.6,não identificado,gamer,"lenovo_ideapadgaming382k101l7in_quadcore,8threads_16"
Asus,Vivobook Pro 15 M6500QF-HN521WS,Vivobook Pro 15 M6500QF-HN521WS Laptop,"hexa core, 12 threads",4gb nvidia geforce rtx 2050,8,não identificado,15.6,não identificado,gamer,"asus_vivobookpro15m6500qf-hn521ws_hexacore,12threads_8"
Acer,Aspire 7 A715-76G UN.QMESI.004 Gaming,Aspire 7 A715-76G UN.QMESI.004 Gaming Laptop,"octa core (4p + 4e), 12 threads",4gb nvidia geforce gtx 1650,16,não identificado,15.6,não identificado,gamer,"acer_aspire7a715-76gun.qmesi.004gam_octacore(4p+4e),12threads_16"
Dell,G15-5530 GN553064GRM002ORB1 Gaming,G15-5530 GN553064GRM002ORB1 Gaming Laptop,"10 cores (6p + 4e), 16 threads",6gb nvidia geforce rtx 3050,8,não identificado,15.6,não identificado,gamer,"dell_g15-5530gn553064grm002orb1gami_10cores(6p+4e),16threads_8"
Asus,TUF Gaming A15 FA577NU-LP082W Gaming,TUF Gaming A15 FA577NU-LP082W Gaming Laptop,"octa core, 16 threads",6gb nvidia geforce rtx 4050,16,não identificado,15.6,não identificado,gamer,"asus_tufgaminga15fa577nu-lp082wgami_octacore,16threads_16"
Asus,ROG Strix G16 2023 G614JV-N4141WS Gaming,ROG Strix G16 2023 G614JV-N4141WS Gaming Laptop,"24 cores (8p + 16e), 32 threads",8gb nvidia geforce rtx 4060,16,não identificado,16.0,2023,gamer,"asus_rogstrixg162023g614jv-n4141wsg_24cores(8p+16e),32threads_16"
Asus,Vivobook 16X 2023 K3605ZC-MB541WS,Vivobook 16X 2023 K3605ZC-MB541WS Laptop,"octa core (4p + 4e), 12 threads",4gb nvidia geforce rtx 3050,16,não identificado,16.0,2023,gamer,"asus_vivobook16x2023k3605zc-mb541ws_octacore(4p+4e),12threads_16"
Acer,Predator Helios Neo 16 PHN16-71 2023 Gaming,Predator Helios Neo 16 PHN16-71 2023 Gaming Laptop,"16 cores (8p + 8e), 24 threads",8gb nvidia geforce rtx 4060,16,não identificado,16.0,2023,gamer,"acer_predatorheliosneo16phn16-71202_16cores(8p+8e),24threads_16"
Acer,Predator Helios Neo 16 PHN16-71,Predator Helios Neo 16 PHN16-71 Laptop,"16 cores (8p + 8e), 24 threads",6gb nvidia geforce rtx 4050,16,não identificado,16.0,não identificado,gamer,"acer_predatorheliosneo16phn16-71_16cores(8p+8e),24threads_16"
Acer,Predator Helios Neo 16 PHN16-71 Gaming,Predator Helios Neo 16 PHN16-71 Gaming Laptop,"16 cores (8p + 8e), 24 threads",6gb nvidia geforce rtx 4050,16,não identificado,16.0,não identificado,gamer,"acer_predatorheliosneo16phn16-71gam_16cores(8p+8e),24threads_16"
Acer,Nitro 5 AN515-47 2023 Gaming,Nitro 5 AN515-47 2023 Gaming Laptop,"hexa core, 12 threads",4gb nvidia geforce rtx 3050,16,não identificado,15.6,2023,gamer,"acer_nitro5an515-472023gaming_hexacore,12threads_16"
Acer,Nitro 5 AN515-47 Gaming,Nitro 5 AN515-47 Gaming Laptop,"octa core, 16 threads",4gb nvidia geforce rtx 3050,16,não identificado,15.6,não identificado,gamer,"acer_nitro5an515-47gaming_octacore,16threads_16"
MSI,GF63 Thin 11UC-1293IN Gaming,GF63 Thin 11UC-1293IN Gaming Laptop,"octa core, 16 threads",4gb nvidia geforce rtx 3050,16,não identificado,15.6,não identificado,gamer,"msi_gf63thin11uc-1293ingaming_octacore,16threads_16"
Asus,ROG Zephyrus Duo 16,ROG Zephyrus Duo 16,"16 cores, 32 threads",16gb nvidia geforce rtx 4090,32,não identificado,16.0,não identificado,gamer,"asus_rogzephyrusduo16_16cores,32threads_32"
MSI,Sword 15 A12VF-401IN Gaming,Sword 15 A12VF-401IN Gaming Laptop,"10 cores (6p + 4e), 16 threads",8gb nvidia geforce rtx 4060,16,não identificado,15.6,não identificado,gamer,"msi_sword15a12vf-401ingaming_10cores(6p+4e),16threads_16"
HP,Victus 15-fb0777AX Gaming,Victus 15-fb0777AX Gaming Laptop,"hexa core, 12 threads",4gb amd radeon rx 6500m graphics,8,não identificado,15.6,não identificado,gamer,"hp_victus15-fb0777axgaming_hexacore,12threads_8"
Asus,Vivobook Pro 15 OLED M3500QC-L1502WS Gaming,Vivobook Pro 15 OLED M3500QC-L1502WS Gaming Laptop,"hexa core, 12 threads",4gb nvidia geforce rtx 3050,16,não identificado,15.6,não identificado,gamer,"asus_vivobookpro15oledm3500qc-l1502_hexacore,12threads_16"
Asus,TUF Gaming A15 2022 FA577RE-HN055WS Gaming,TUF Gaming A15 2022 FA577RE-HN055WS Gaming Laptop,"octa core, 16 threads",4gb nvidia geforce rtx 3050 ti,16,não identificado,15.6,2022,gamer,"asus_tufgaminga152022fa577re-hn055w_octacore,16threads_16"
HP,Victus 15-fa1145TX Gaming,Victus 15-fa1145TX Gaming Laptop,"octa core (4p + 4e), 12 threads",4gb nvidia geforce rtx 2050,16,não identificado,15.6,não identificado,gamer,"hp_victus15-fa1145txgaming_octacore(4p+4e),12threads_16"
Lenovo,Ideapad Gaming 3 15ARH7 82SB00QJIN,Ideapad Gaming 3 15ARH7 82SB00QJIN Laptop,"hexa core, 12 threads",4gb nvidia geforce rtx 2050,8,não identificado,15.6,não identificado,gamer,"lenovo_ideapadgaming315arh782sb00qjin_hexacore,12threads_8"
Lenovo,LOQ 15APH8 82XT004KIN Gaming,LOQ 15APH8 82XT004KIN Gaming Laptop,"octa core, 16 threads",8gb nvidia geforce rtx 4060,16,não identificado,15.6,não identificado,gamer,"lenovo_loq15aph882xt004kingaming_octacore,16threads_16"
HP,Victus 15-FA1098TX,Victus 15-FA1098TX Laptop,"octa core (4p + 4e), 12 threads",4gb nvidia geforce rtx 2050,8,não identificado,15.6,não identificado,gamer,"hp_victus15-fa1098tx_octacore(4p+4e),12threads_8"
HP,Victus 15-fb1002AX Gaming,Victus 15-fb1002AX Gaming Laptop,"hexa core, 12 threads",4gb nvidia geforce rtx 2050,8,não identificado,15.6,não identificado,gamer,"hp_victus15-fb1002axgaming_hexacore,12threads_8"
HP,Pavilion Plus ‎16-ab0456TX,Pavilion Plus ‎16-ab0456TX Laptop,"14 cores (6p + 8e), 20 threads",6gb nvidia geforce rtx 3050,16,não identificado,16.0,não identificado,gamer,"hp_pavilionplus‎16-ab0456tx_14cores(6p+8e),20threads_16"
MSI,Katana 15 B12VGK-1295IN Gaming,Katana 15 B12VGK-1295IN Gaming Laptop,"10 cores (6p + 4e), 16 threads",8gb nvidia geforce rtx 4070,16,não identificado,15.6,não identificado,gamer,"msi_katana15b12vgk-1295ingaming_10cores(6p+4e),16threads_16"
Lenovo,Legion Slim 5 82Y9009JIN Gaming,Legion Slim 5 82Y9009JIN Gaming Laptop,"octa core, 16 threads",8gb nvidia geforce rtx 4060,16,não identificado,16.0,não identificado,gamer,"lenovo_legionslim582y9009jingaming_octacore,16threads_16"
Asus,ROG Flow X13 GV302XV-MU016WS Gaming,ROG Flow X13 GV302XV-MU016WS Gaming Laptop,"octa core, 16 threads",8gb nvidia geforce rtx 4060,16,não identificado,13.4,não identificado,gamer,"asus_rogflowx13gv302xv-mu016wsgamin_octacore,16threads_16"
Asus,ROG Strix G15 G513RC-HN251WS Gaming,ROG Strix G15 G513RC-HN251WS Gaming Laptop,"octa core, 16 threads",4gb nvidia geforce rtx rtx 3050,16,não identificado,15.6,não identificado,gamer,"asus_rogstrixg15g513rc-hn251wsgamin_octacore,16threads_16"
MSI,Thin GF63 12UC-846IN Gaming,Thin GF63 12UC-846IN Gaming Laptop,"octa core (4p + 4e), 12 threads",4gb nvidia geforce rtx 3050,16,não identificado,15.6,não identificado,gamer,"msi_thingf6312uc-846ingaming_octacore(4p+4e),12threads_16"
Lenovo,IdeaPad Gaming 3 82SB00V4IN,IdeaPad Gaming 3 82SB00V4IN Laptop,"hexa core, 12 threads",4gb nvidia geforce rtx 3050,8,não identificado,15.6,não identificado,gamer,"lenovo_ideapadgaming382sb00v4in_hexacore,12threads_8"
Asus,ROG Strix G16 2023 G614JJ-N3088WS Gaming,ROG Strix G16 2023 G614JJ-N3088WS Gaming Laptop,"10 cores (6p + 4e), 16 threads",6gb nvidia geforce rtx 3050,16,não identificado,16.0,2023,gamer,"asus_rogstrixg162023g614jj-n3088wsg_10cores(6p+4e),16threads_16"
Asus,ROG Strix G17 G713RC-HX109WS Gaming,ROG Strix G17 G713RC-HX109WS Gaming Laptop,"octa core, 16 threads",4gb nvidia geforce rtx 3050,16,não identificado,17.3,não identificado,gamer,"asus_rogstrixg17g713rc-hx109wsgamin_octacore,16threads_16"
Lenovo,Legion Slim 7 16IRH8 82Y3007QIN Gaming,Legion Slim 7 16IRH8 82Y3007QIN Gaming Laptop,"14 cores (6p + 8e), 20 threads",8gb nvidia geforce rtx 4060,16,não identificado,16.0,não identificado,gamer,"lenovo_legionslim716irh882y3007qingam_14cores(6p+8e),20threads_16"
Lenovo,IdeaPad Gaming 3 15IHU6 82K101PBIN,IdeaPad Gaming 3 15IHU6 82K101PBIN Laptop,"quad core, 8 threads",4gb nvidia geforce rtx 2050,8,não identificado,15.6,não identificado,gamer,"lenovo_ideapadgaming315ihu682k101pbin_quadcore,8threads_8"
Acer,Aspire 5 A515-58M NX.KHFSI.003 Gaming,Aspire 5 A515-58M NX.KHFSI.003 Gaming Laptop,"5 cores (1p + 4e), 6 threads",intel uhd graphics,8,não identificado,15.6,não identificado,gamer,"acer_aspire5a515-58mnx.khfsi.003gam_5cores(1p+4e),6threads_8"
Asus,Vivobook Pro 15 M6500QC-HN751WS,Vivobook Pro 15 M6500QC-HN751WS Laptop,"octa core, 16 threads",4gb nvidia geforce rtx 3050,16,não identificado,15.6,não identificado,gamer,"asus_vivobookpro15m6500qc-hn751ws_octacore,16threads_16"
HP,Victus15-fb0147AX Gaming,Victus15-fb0147AX Gaming Laptop,"hexa core, 12 threads",4gb amd radeon amd radeon rx 6500m,8,não identificado,15.6,não identificado,gamer,"hp_victus15-fb0147axgaming_hexacore,12threads_8"
Asus,TUF Gaming F15 FX506HF-HN075W Gaming,TUF Gaming F15  FX506HF-HN075W Gaming Laptop,"hexa core, 12 threads",4gb nvidia geforce rtx 2050,8,não identificado,15.6,não identificado,gamer,"asus_tufgamingf15fx506hf-hn075wgami_hexacore,12threads_8"
Asus,Vivobook Pro 15 M6500QF-HN541WS Creator,Vivobook Pro 15 M6500QF-HN541WS Creator Laptop,"hexa core, 12 threads",4gb nvidia geforce gtx 2050,16,não identificado,15.6,não identificado,gamer,"asus_vivobookpro15m6500qf-hn541wscr_hexacore,12threads_16"
MSI,Thin GF63 11UCX-1497IN Gaming,Thin GF63 11UCX-1497IN Gaming Laptop,"hexa core, 12 threads",4gb nvidia geforce rtx 2050,8,não identificado,15.6,não identificado,gamer,"msi_thingf6311ucx-1497ingaming_hexacore,12threads_8"
HP,Victus 15-fa1060TX Gaming,Victus  15-fa1060TX  Gaming Laptop,"12 cores (4p + 8e), 16 threads",6gb nvidia geforce rtx 4050,16,não identificado,15.6,não identificado,gamer,"hp_victus15-fa1060txgaming_12cores(4p+8e),16threads_16"
Lenovo,LOQ 15APH8 82XT009CIN 2023 Gaming,LOQ 15APH8 82XT009CIN 2023 Gaming Laptop,"octa core, 16 threads",8gb nvidia geforce rtx 4060,16,não identificado,15.6,2023,gamer,"lenovo_loq15aph882xt009cin2023gaming_octacore,16threads_16"
Acer,Nitro 5 AN515-58 NH.QFHSI.008 Gaming,Nitro 5 AN515-58 NH.QFHSI.008 Gaming Laptop,"octa core (4p + 4e), 12 threads",4gb nvidia geforce rtx 3050,8,não identificado,15.6,não identificado,gamer,"acer_nitro5an515-58nh.qfhsi.008gami_octacore(4p+4e),12threads_8"
Dell,Alienware M18 R1 2023 Gaming,Alienware M18 R1 2023 Gaming Laptop,"24 cores (8p + 16e), 32 threads",16gb nvidia geforce rtx 4090,64,não identificado,18.0,2023,gamer,"dell_alienwarem18r12023gaming_24cores(8p+16e),32threads_64"
Asus,Vivobook 14X K3405ZFB-KM752WS,Vivobook 14X K3405ZFB-KM752WS Laptop,"10 cores (6p + 4e), 16 threads",4gb nvidia geforce rtx 2050,16,não identificado,14.0,não identificado,gamer,"asus_vivobook14xk3405zfb-km752ws_10cores(6p+4e),16threads_16"
Acer,Aspire 5 15 A515-58M Gaming,Aspire 5 15 A515-58M Gaming Laptop,"10 cores (2p + 8e), 12 threads",4gb nvidia geforce rtx2050,16,não identificado,15.6,não identificado,gamer,"acer_aspire515a515-58mgaming_10cores(2p+8e),12threads_16"
Lenovo,Ideapad Gaming 3 82SB00NXIN,Ideapad Gaming 3 82SB00NXIN Laptop,"hexa core, 12 threads",4gb nvidia geforce rtx 2050,16,não identificado,15.6,não identificado,gamer,"lenovo_ideapadgaming382sb00nxin_hexacore,12threads_16"
MSI,Thin GF63 11UCX-1476IN Gaming,Thin GF63 11UCX-1476IN Gaming Laptop,"hexa core, 12 threads",4gb nvidia geforce rtx 2050,16,não identificado,15.6,não identificado,gamer,"msi_thingf6311ucx-1476ingaming_hexacore,12threads_16"
MSI,Thin GF63 11UC-1475IN Gaming,Thin GF63 11UC-1475IN Gaming Laptop,"hexa core, 12 threads",4gb nvidia geforce rtx 3050,8,não identificado,15.6,não identificado,gamer,"msi_thingf6311uc-1475ingaming_hexacore,12threads_8"
Dell,‎G16-7630 2023 Gaming,‎G16-7630 2023 Gaming Laptop,14 cores (6p + 8e),8gb nvidia geforce rtx 4060,16,não identificado,16.0,2023,gamer,dell_‎g16-76302023gaming_14cores(6p+8e)_16
Lenovo,Legion 5 Pro 2023 Gaming,Legion 5 Pro 2023 Gaming Laptop,"14 cores (6p + 8e), 20 threads",16gb nvidia geforce rtx 4090,32,não identificado,16.0,2023,gamer,"lenovo_legion5pro2023gaming_14cores(6p+8e),20threads_32"
HP,Victus 15-fb0136AX Gaming,Victus 15-fb0136AX Gaming Laptop,"hexa core, 12 threads",4gb nvidia geforce rtx 3050,16,não identificado,15.6,não identificado,gamer,"hp_victus15-fb0136axgaming_hexacore,12threads_16"
Dell,G15-5530 Gaming,G15-5530 Gaming Laptop,14 cores (6p + 8e),6gb nvidia geforce rtx 4050,16,não identificado,15.6,não identificado,gamer,dell_g15-5530gaming_14cores(6p+8e)_16
Asus,ROG Flow Z13 2023 GZ301VV-MU014WS Gaming,ROG Flow Z13 2023 GZ301VV-MU014WS Gaming Laptop,"14 cores (6p + 8e), 20 threads",8gb nvidia geforce rtx 4060,16,não identificado,13.4,2023,gamer,"asus_rogflowz132023gz301vv-mu014wsg_14cores(6p+8e),20threads_16"
Asus,ROG Strix G16 2023 G614JI-N4151WS Gaming,ROG Strix G16 2023 G614JI-N4151WS Gaming Laptop,"24 cores (8p + 16e), 32 threads",8gb nvidia geforce rtx 4070,16,não identificado,16.0,2023,gamer,"asus_rogstrixg162023g614ji-n4151wsg_24cores(8p+16e),32threads_16"
Asus,ROG Strix G16 2023 G614JU-N3200WS Gaming,ROG Strix G16 2023 G614JU-N3200WS Gaming Laptop,14 cores (6p + 8e),6gb nvidia geforce rtx 4050,16,não identificado,16.0,2023,gamer,asus_rogstrixg162023g614ju-n3200wsg_14cores(6p+8e)_16
Asus,Vivobook Pro 15 OLED K6502VU-MA951WS,Vivobook Pro 15 OLED K6502VU-MA951WS Laptop,"14 cores (6p + 8e), 20 threads",6gb nvidia geforce rtx 4050,16,não identificado,15.6,não identificado,gamer,"asus_vivobookpro15oledk6502vu-ma951_14cores(6p+8e),20threads_16"
Asus,Vivobook 14X OLED 2023 K3405VCB-KM542WS,Vivobook 14X OLED 2023 K3405VCB-KM542WS Laptop,"12 cores (4p + 8e), 16 threads",4gb nvidia geforce rtx 3050,16,não identificado,14.0,2023,gamer,"asus_vivobook14xoled2023k3405vcb-km_12cores(4p+8e),16threads_16"
Asus,TUF Gaming F17 FX706HF-HX018W,TUF Gaming F17 FX706HF-HX018W Laptop,"hexa core, 12 threads",4gb nvidia geforce rtx 2050,8,não identificado,17.3,não identificado,gamer,"asus_tufgamingf17fx706hf-hx018w_hexacore,12threads_8"
HP,Victus 15-fb0122AX Gaming,Victus 15-fb0122AX Gaming Laptop,"hexa core, 12 threads",4gb nvidia geforce gtx 1650,8,não identificado,15.6,não identificado,gamer,"hp_victus15-fb0122axgaming_hexacore,12threads_8"
Asus,Vivobook Pro 16 OLED 2023 K6602VU-LZ952WS,Vivobook Pro 16 OLED 2023 K6602VU-LZ952WS Laptop,"14 cores (6p + 8e), 20 threads",6gb nvidia geforce rtx 4050,16,não identificado,16.0,2023,gamer,"asus_vivobookpro16oled2023k6602vu-l_14cores(6p+8e),20threads_16"
Acer,Predator Helios Neo 16 NH.QLTSI.002,Predator Helios Neo 16 NH.QLTSI.002 Laptop,"16 cores (8p + 8e), 24 threads",6gb nvidia geforce rtx 4050,16,não identificado,16.0,não identificado,gamer,"acer_predatorheliosneo16nh.qltsi.00_16cores(8p+8e),24threads_16"
Acer,Predator Helios Neo 16 NH.QLTSI.001,Predator Helios Neo 16 NH.QLTSI.001 Laptop,"14 cores (6p + 8e), 20 threads",6gb nvidia geforce rtx 4050,16,não identificado,16.0,não identificado,gamer,"acer_predatorheliosneo16nh.qltsi.00_14cores(6p+8e),20threads_16"
MSI,Cyborg 15 A12UCX-264IN Gaming,Cyborg 15 A12UCX-264IN Gaming Laptop,"octa core (4p + 4e), 12 threads",4gb nvidia geforce rtx 2050,16,não identificado,15.6,não identificado,gamer,"msi_cyborg15a12ucx-264ingaming_octacore(4p+4e),12threads_16"
HP,Victus 15-fa1066TX Gaming,Victus 15-fa1066TX Gaming Laptop,"14 cores (6p + 8e), 20 threads",6gb nvidia geforce rtx 4050,16,não identificado,15.6,não identificado,gamer,"hp_victus15-fa1066txgaming_14cores(6p+8e),20threads_16"
MSI,Bravo 15 B5ED-035IN Gaming,Bravo 15 B5ED-035IN Gaming Laptop,"octa core, 16 threads",4gb amd radeon rx6500m,16,não identificado,15.6,não identificado,gamer,"msi_bravo15b5ed-035ingaming_octacore,16threads_16"
MSI,Titan GT77 HX 13VH-093IN Gaming,Titan GT77 HX 13VH-093IN Gaming Laptop,"24 cores (8p + 16e), 32 threads",12gb nvidia geforce rtx 4080,64,não identificado,17.3,não identificado,gamer,"msi_titangt77hx13vh-093ingaming_24cores(8p+16e),32threads_64"
Acer,Nitro 5 AN515-47 NH.QL3SI.001 Gaming,Nitro 5 AN515-47 NH.QL3SI.001 Gaming Laptop,"hexa core, 12 threads",4gb nvidia geforce rtx 3050,8,não identificado,15.6,não identificado,gamer,"acer_nitro5an515-47nh.ql3si.001gami_hexacore,12threads_8"
Asus,Vivobook Pro 15 M6500QC-HN742WS,Vivobook Pro 15 M6500QC-HN742WS Laptop,"octa core, 16 threads",4gb nvidia geforce rtx 3050,16,não identificado,15.6,não identificado,gamer,"asus_vivobookpro15m6500qc-hn742ws_octacore,16threads_16"
Asus,Vivobook Pro 15 M6500QC-HN542WS,Vivobook Pro 15 M6500QC-HN542WS Laptop,"hexa core, 12 threads",4gb nvidia geforce rtx 3050,16,não identificado,15.6,não identificado,gamer,"asus_vivobookpro15m6500qc-hn542ws_hexacore,12threads_16"
Samsung,Galaxy Book 3 Ultra,Galaxy Book 3 Ultra Laptop,"14 cores (6p + 8e), 20 threads",nvidia geforce rtx 4070,32,não identificado,16.0,não identificado,gamer,"samsung_galaxybook3ultra_14cores(6p+8e),20threads_32"
Lenovo,IdeaPad Gaming 3 15ACH6 82K2022XIN,IdeaPad Gaming 3 15ACH6 82K2022XIN Laptop,"octa core, 16 threads",4gb nvidia geforce rtx 3050,8,não identificado,15.6,não identificado,gamer,"lenovo_ideapadgaming315ach682k2022xin_octacore,16threads_8"
MSI,Thin GF63 12VF-268IN,Thin GF63 12VF-268IN Laptop,"octa core (4p + 4e), 12 threads",8gb nvidia geforce rtx 4060,16,não identificado,15.6,não identificado,gamer,"msi_thingf6312vf-268in_octacore(4p+4e),12threads_16"
Lenovo,IdeaPad 82K2022TIN Gaming,IdeaPad  82K2022TIN Gaming Laptop,"hexa core, 12 threads",4gb nvidia geforce gtx 1650,8,não identificado,15.6,não identificado,gamer,"lenovo_ideapad82k2022tingaming_hexacore,12threads_8"
HP,Victus 15-fb0106AX Gaming,Victus 15-fb0106AX Gaming Laptop,"hexa core, 12 threads",4gb nvidia geforce rtx 3050,16,não identificado,15.6,não identificado,gamer,"hp_victus15-fb0106axgaming_hexacore,12threads_16"
HP,Victus 16-d0310TX Gaming,Victus 16-d0310TX Gaming Laptop,"hexa core, 12 threads",4gb nvidia geforce gtx 1650,8,não identificado,16.1,não identificado,gamer,"hp_victus16-d0310txgaming_hexacore,12threads_8"
Gigabyte,G5 KE RC55KE,G5 KE RC55KE Laptop,"12 cores (4p + 8e), 16 threads",6gb nvidia geforce rtx 3060,16,não identificado,15.6,não identificado,gamer,"gigabyte_g5kerc55ke_12cores(4p+8e),16threads_16"
Lenovo,Legion 5 Pro 82RF00E1IN Gaming,Legion 5 Pro 82RF00E1IN Gaming Laptop,"14 cores (6p + 8e), 20 threads",8gb nvidia geforce rtx 3070ti,32,não identificado,16.0,não identificado,gamer,"lenovo_legion5pro82rf00e1ingaming_14cores(6p+8e),20threads_32"
Lenovo,IdeaPad Gaming 3 82K201YAIN,IdeaPad Gaming 3 82K201YAIN Laptop,"hexa core, 12 threads",4gb nvidia geforce gtx 1650,8,não identificado,15.6,não identificado,gamer,"lenovo_ideapadgaming382k201yain_hexacore,12threads_8"
Lenovo,IdeaPad Gaming 3 82SA00B2IN,IdeaPad Gaming 3 82SA00B2IN Laptop,"14 cores (6p + 8e), 20 threads",6gb nvidia geforce rtx 3060,16,não identificado,16.0,não identificado,gamer,"lenovo_ideapadgaming382sa00b2in_14cores(6p+8e),20threads_16"
MSI,Creator M16 A12UD-633IN,Creator M16 A12UD-633IN Laptop,"14 cores (6p + 8e), 20 threads",4gb nvidia geforce rtx 3050 ti,16,não identificado,16.0,não identificado,gamer,"msi_creatorm16a12ud-633in_14cores(6p+8e),20threads_16"
MSI,Creator Pro M16 A12UIS-634IN Gaming,Creator Pro M16 A12UIS-634IN Gaming Laptop,"14 cores (6p + 8e), 20 threads",4gb nvidia geforce rtx a1000,16,não identificado,16.0,não identificado,gamer,"msi_creatorprom16a12uis-634ingamin_14cores(6p+8e),20threads_16"
HP,Victus 15-fb0050AX Gaming,Victus 15-fb0050AX Gaming Laptop,"hexa core, 12 threads",4gb nvidia geforce rtx 3050,8,não identificado,15.6,não identificado,gamer,"hp_victus15-fb0050axgaming_hexacore,12threads_8"
Asus,ROG Zephyrus Duo 16 2022 GX650RXZ-LO227WS Gaming,ROG Zephyrus Duo 16 2022 GX650RXZ-LO227WS Gaming Laptop,"octa core, 16 threads",16gb nvidia geforce rtx 3080 ti,32,não identificado,16.0,2022,gamer,"asus_rogzephyrusduo162022gx650rxz-l_octacore,16threads_32"
Dell,G15-5525 Gaming,G15-5525 Gaming Laptop,"octa core, 16 threads",4gb nvidia geforce rtx 3050,16,não identificado,15.6,não identificado,gamer,"dell_g15-5525gaming_octacore,16threads_16"
Acer,Aspire 5 A515-57G Gaming,Aspire 5 A515-57G Gaming Laptop,"12 cores (4p + 8e), 16 threads",4gb nvidia geforce rtx 2050,8,não identificado,15.6,não identificado,gamer,"acer_aspire5a515-57ggaming_12cores(4p+8e),16threads_8"
Acer,Predator Triton 500 SE PT516-52s NH.QFQSI.001,Predator Triton 500 SE PT516-52s NH.QFQSI.001 Laptop,"14 cores (6p + 8e), 20 threads",8gb nvidia geforce rtx 3070 ti,32,não identificado,16.0,não identificado,gamer,"acer_predatortriton500sept516-52snh_14cores(6p+8e),20threads_32"
MSI,Thin GF63 11SC-853IN Gaming,Thin GF63 11SC-853IN Gaming Laptop,"hexa core, 12 threads",4gb nvidia geforce gtx1650 max q,8,não identificado,15.6,não identificado,gamer,"msi_thingf6311sc-853ingaming_hexacore,12threads_8"
Asus,TUF Gaming F15 FX506LHB-HN355WS Gaming,TUF Gaming F15 FX506LHB-HN355WS Gaming Laptop,"quad core, 8 threads",4gb nvidia geforce gtx 1650,8,não identificado,15.6,não identificado,gamer,"asus_tufgamingf15fx506lhb-hn355wsga_quadcore,8threads_8"
Lenovo,IdeaPad Gaming 3 82K200X3IN,IdeaPad Gaming 3 82K200X3IN Laptop,"octa core, 16 threads",4gb nvidia geforce rtx 3050,16,não identificado,15.6,não identificado,gamer,"lenovo_ideapadgaming382k200x3in_octacore,16threads_16"
Asus,VivoBook F571LH-BQ435T Gaming,VivoBook F571LH-BQ435T Gaming Laptop,"octa core, 16 threads",4gb nvidia geforce gtx 1650,16,não identificado,15.6,não identificado,gamer,"asus_vivobookf571lh-bq435tgaming_octacore,16threads_16"
Asus,ZenBook Pro 15 UX580GE-E2032T,ZenBook Pro 15 UX580GE-E2032T Laptop,"hexa core, 12 threads",4gb nvidia geforce gtx 1050ti,16,não identificado,15.6,não identificado,gamer,"asus_zenbookpro15ux580ge-e2032t_hexacore,12threads_16"
Gigabyte,G5 MF-E2IN313SHLaptop,G5 MF-E2IN313SHLaptop,"12 cores (4p + 8e), 16 threads",6gb nvidia geforce rtx 4050,8,não identificado,15.6,não identificado,gamer,"gigabyte_g5mf-e2in313shlaptop_12cores(4p+8e),16threads_8"
Dell,G15-5530 15 2023 Gaming,G15-5530 15 2023 Gaming Laptop,14 cores (6p + 8e),6gb nvidia geforce rtx 4050,16,não identificado,15.6,2023,gamer,dell_g15-5530152023gaming_14cores(6p+8e)_16
MSI,Pulse 15 B13VGK-1296IN Gaming,Pulse 15 B13VGK-1296IN Gaming Laptop,"14 cores (6p + 8e), 20 threads",8gb nvidia geforce rtx 4070,16,não identificado,15.6,não identificado,gamer,"msi_pulse15b13vgk-1296ingaming_14cores(6p+8e),20threads_16"
Asus,Vivobook 16X K3605VU-MB541WS,Vivobook 16X K3605VU-MB541WS Laptop,"12 cores (4p + 8e), 16 threads",6gb nvidia geforce rtx 4050,16,não identificado,16.0,não identificado,gamer,"asus_vivobook16xk3605vu-mb541ws_12cores(4p+8e),16threads_16"
Asus,Vivobook 16X K3605ZU-MB542WS,Vivobook 16X K3605ZU-MB542WS Laptop,"octa core (4p + 4e), 12 threads",6gb nvidia geforce rtx 4050,16,não identificado,16.0,não identificado,gamer,"asus_vivobook16xk3605zu-mb542ws_octacore(4p+4e),12threads_16"
Lenovo,IdeaPad Gaming 3 15IHU6 82K101R9IN,IdeaPad Gaming 3 15IHU6 82K101R9IN Laptop,"quad core, 8 threads",4gb nvidia geforce rtx 2050,8,não identificado,15.6,não identificado,gamer,"lenovo_ideapadgaming315ihu682k101r9in_quadcore,8threads_8"
Asus,Vivobook Pro 15 OLED M6500QC-LK741WS,Vivobook Pro 15 OLED M6500QC-LK741WS Laptop,"octa core, 16 threads",4gb nvidia geforce rtx 3050,16,não identificado,15.6,não identificado,gamer,"asus_vivobookpro15oledm6500qc-lk741_octacore,16threads_16"
Lenovo,IdeaPad Gaming 3 15ACH6 82K20289IN,IdeaPad Gaming 3 15ACH6 82K20289IN Laptop,"quad core, 8 threads",4gb nvidia geforce rtx 2050,8,não identificado,15.6,não identificado,gamer,"lenovo_ideapadgaming315ach682k20289in_quadcore,8threads_8"
HP,Omen 17-ck2011TX Gaming,Omen 17-ck2011TX Gaming Laptop,"24 cores (8p + 16e), 32 threads",16gb nvidia geforce rtx 4090,32,não identificado,17.3,não identificado,gamer,"hp_omen17-ck2011txgaming_24cores(8p+16e),32threads_32"
Acer,Aspire 5 A515-58GM 15 2023 Gaming,Aspire 5 A515-58GM 15 2023 Gaming Laptop,"octa core (4p + 4e), 12 threads",4gb nvidia geforce rtx 2050,16,não identificado,15.6,2023,gamer,"acer_aspire5a515-58gm152023gaming_octacore(4p+4e),12threads_16"
Acer,Nitro V ANV15-51 UN.QNASI.002 Gaming,Nitro V ANV15-51 UN.QNASI.002 Gaming Laptop,"octa core (4p + 4e), 12 threads",4gb nvidia geforce rtx 2050,16,não identificado,15.6,não identificado,gamer,"acer_nitrovanv15-51un.qnasi.002gami_octacore(4p+4e),12threads_16"
HP,Omen 16-u0022TX Gaming,Omen 16-u0022TX Gaming Laptop,"16 cores (8p + 8e), 24 threads",6gb nvidia geforce rtx 4050,16,não identificado,16.1,não identificado,gamer,"hp_omen16-u0022txgaming_16cores(8p+8e),24threads_16"
HP,Omen 16-u0021TX Gaming,Omen 16-u0021TX Gaming Laptop,"16 cores (8p + 8e), 24 threads",8gb nvidia geforce rtx 4060,16,não identificado,16.1,não identificado,gamer,"hp_omen16-u0021txgaming_16cores(8p+8e),24threads_16"
HP,Omen 16-u0024TX Gaming,Omen 16-u0024TX Gaming Laptop,"24 cores (8p + 16e), 32 threads",8gb nvidia geforce rtx 4070,32,não identificado,16.1,não identificado,gamer,"hp_omen16-u0024txgaming_24cores(8p+16e),32threads_32"
HP,Omen 17-ck2008AX Gaming,Omen 17-ck2008AX Gaming Laptop,"16 cores (8p + 8e), 24 threads",12gb nvidia geforce rtx 4080,16,não identificado,17.3,não identificado,gamer,"hp_omen17-ck2008axgaming_16cores(8p+8e),24threads_16"
Lenovo,IdeaPad Pro 5 83AQ005SIN Gaming,IdeaPad Pro 5 83AQ005SIN Gaming Laptop,"14 cores (6p + 8e), 20 threads",6gb nvidia geforce rtx 3050,16,não identificado,16.0,não identificado,gamer,"lenovo_ideapadpro583aq005singaming_14cores(6p+8e),20threads_16"
Lenovo,IdeaPad Gaming 3 15IHU6 82K101R3IN,IdeaPad Gaming 3 15IHU6 82K101R3IN Laptop,"quad core, 8 threads",4gb nvidia geforce gtx 1650,8,não identificado,15.6,não identificado,gamer,"lenovo_ideapadgaming315ihu682k101r3in_quadcore,8threads_8"
Asus,TUF Gaming F17 FX706HF-HX019W,TUF Gaming F17 FX706HF-HX019W Laptop,"hexa core, 12 threads",4gb nvidia geforce rtx 2050,16,não identificado,17.3,não identificado,gamer,"asus_tufgamingf17fx706hf-hx019w_hexacore,12threads_16"
Acer,Aspire 5 A515-57G-58R7 Gaming,Aspire 5 A515-57G-58R7 Gaming Laptop,"12 cores (4p + 8e), 16 threads",4gb nvidia geforce rtx 2050,8,não identificado,15.6,não identificado,gamer,"acer_aspire5a515-57g-58r7gaming_12cores(4p+8e),16threads_8"
Lenovo,Legion Pro 7 2023 82WQ007TIN Gaming,Legion Pro 7 2023 82WQ007TIN Gaming Laptop,"24 cores (8p + 16e), 32 threads",12gb nvidia geforce rtx 4080,32,não identificado,16.0,2023,gamer,"lenovo_legionpro7202382wq007tingaming_24cores(8p+16e),32threads_32"
Lenovo,Legion Slim 5 82YA00DXIN Gaming,Legion Slim 5 82YA00DXIN Gaming Laptop,"10 cores (6p + 4e), 16 threads",8gb nvidia geforce rtx 4060,16,não identificado,16.0,não identificado,gamer,"lenovo_legionslim582ya00dxingaming_10cores(6p+4e),16threads_16"
Lenovo,Legion 5 Pro 82JQ010EIN,Legion 5 Pro 82JQ010EIN Laptop,"octa core, 16 threads",6gb nvidia geforce rtx 3060,16,não identificado,16.0,não identificado,gamer,"lenovo_legion5pro82jq010ein_octacore,16threads_16"
Lenovo,IdeaPad 5 Pro 82SN00F0IN Gaming,IdeaPad 5 Pro 82SN00F0IN Gaming Laptop,"octa core, 16 threads",4gb nvidia geforce rtx 3050,16,não identificado,16.0,não identificado,gamer,"lenovo_ideapad5pro82sn00f0ingaming_octacore,16threads_16"
MSI,CreatorPro Z16 HX B13VKTO-214IN,CreatorPro Z16 HX B13VKTO-214IN Laptop,24 cores (8p + 16e),8gb nvidia rtx 3000 ada,64,não identificado,16.0,não identificado,gamer,msi_creatorproz16hxb13vkto-214in_24cores(8p+16e)_64
MSI,Bravo 15 B7ED-011IN Gaming,Bravo 15 B7ED-011IN Gaming Laptop,"octa core, 16 threads",4gb amd radeon rx6550m,16,não identificado,15.6,não identificado,gamer,"msi_bravo15b7ed-011ingaming_octacore,16threads_16"
MSI,Bravo 15 B7ED-012IN Gaming,Bravo 15 B7ED-012IN Gaming Laptop,"hexa core, 12 threads",4gb amd radeon rx6550m,8,não identificado,15.6,não identificado,gamer,"msi_bravo15b7ed-012ingaming_hexacore,12threads_8"
Lenovo,IdeaPad Gaming 3 82K2028AIN,IdeaPad Gaming 3 82K2028AIN Laptop,"quad core, 8 threads",4gb  nvidia geforce rtx 2050,8,não identificado,15.6,não identificado,gamer,"lenovo_ideapadgaming382k2028ain_quadcore,8threads_8"
MSI,Creator M16 B13VE-1271IN,Creator M16 B13VE-1271IN Laptop,"14 cores (6p + 8e), 20 threads",6gb nvidia geforce rtx 4050,32,não identificado,16.0,não identificado,gamer,"msi_creatorm16b13ve-1271in_14cores(6p+8e),20threads_32"
MSI,Creator Pro M16 B13VJ-1272IN Gaming,Creator Pro M16 B13VJ-1272IN Gaming Laptop,"14 cores (6p + 8e), 20 threads",8gb nvidia geforce rtx a2000 ada,32,não identificado,16.0,não identificado,gamer,"msi_creatorprom16b13vj-1272ingamin_14cores(6p+8e),20threads_32"
Lenovo,IdeaPad Gaming 3 15IHU6 82K101PCIN,IdeaPad Gaming 3 15IHU6 82K101PCIN Laptop,"quad core, 8 threads",4gb nvidia geforce gtx 2050,8,não identificado,15.6,não identificado,gamer,"lenovo_ideapadgaming315ihu682k101pcin_quadcore,8threads_8"
HP,Victus 15-fb0158AX Gaming,Victus 15-fb0158AX Gaming Laptop,"hexa core, 12 threads",4gb amd radeon rx 6500m,8,não identificado,15.6,não identificado,gamer,"hp_victus15-fb0158axgaming_hexacore,12threads_8"
Lenovo,Legion Slim 5 82Y9009KIN Gaming,Legion Slim 5 82Y9009KIN Gaming Laptop,"octa core, 16 threads",6gb nvidia geforce rtx 4050,16,não identificado,16.0,não identificado,gamer,"lenovo_legionslim582y9009kingaming_octacore,16threads_16"
Lenovo,Legion Slim 5 16APH8 82Y90042IN Gaming,Legion Slim 5 16APH8 82Y90042IN Gaming Laptop,"octa core, 16 threads",8gb nvidia geforce rtx 4060,16,não identificado,16.0,não identificado,gamer,"lenovo_legionslim516aph882y90042ingam_octacore,16threads_16"
HP,Victus 15-fa1062TX Gaming,Victus 15-fa1062TX Gaming Laptop,"12 cores (4p + 8e), 16 threads",6gb nvidia geforce rtx 4050,16,não identificado,15.6,não identificado,gamer,"hp_victus15-fa1062txgaming_12cores(4p+8e),16threads_16"
Lenovo,Legion Slim 5 16APH8 82Y9008MIN Gaming,Legion Slim 5 16APH8 82Y9008MIN Gaming Laptop,"octa core, 16 threads",8gb nvidia geforce rtx 4060,16,não identificado,16.0,não identificado,gamer,"lenovo_legionslim516aph882y9008mingam_octacore,16threads_16"
HP,Victus 15-fb1016AX Gaming,Victus 15-fb1016AX  Gaming Laptop,"hexa core, 12 threads",4gb nvidia geforce rtx 2050,8,não identificado,15.6,não identificado,gamer,"hp_victus15-fb1016axgaming_hexacore,12threads_8"
Asus,Vivobook Pro 15 M6500QC-HN551WS,Vivobook Pro 15 M6500QC-HN551WS Laptop,"hexa core, 12 threads",4gb nvidia geforce rtx 3050,16,não identificado,15.6,não identificado,gamer,"asus_vivobookpro15m6500qc-hn551ws_hexacore,12threads_16"
Asus,Vivobook 16X 2023 K3605ZC-MBN752WS,Vivobook 16X 2023 K3605ZC-MBN752WS Laptop,"10 cores (6p + 4e), 16 threads",4gb nvidia geforce rtx 3050,16,não identificado,16.0,2023,gamer,"asus_vivobook16x2023k3605zc-mbn752w_10cores(6p+4e),16threads_16"
Asus,TUF Gaming F15 90NR0GW1-M00F00,TUF Gaming F15 90NR0GW1-M00F00 Laptop,20 threads,4gb nvidia geforce rtx 3050,16,não identificado,15.6,não identificado,gamer,asus_tufgamingf1590nr0gw1-m00f00_20threads_16
Asus,Vivobook 16X 2023 K3605ZV-MBN741WS,Vivobook 16X 2023 K3605ZV-MBN741WS Laptop,"10 cores (6p + 4e), 16 threads",nvidia geforce rtx,16,não identificado,16.0,2023,gamer,"asus_vivobook16x2023k3605zv-mbn741w_10cores(6p+4e),16threads_16"
Gigabyte,G6 KF Gaming,G6 KF Gaming Laptop,"10 cores (6p + 4e), 16 threads",8gb nvidia geforce rtx 4060,16,não identificado,16.0,não identificado,gamer,"gigabyte_g6kfgaming_10cores(6p+4e),16threads_16"
Gigabyte,G5 KF-E3IN313SH,G5 KF-E3IN313SH Laptop,"12 cores (4p + 8e), 16 threads",8gb nvidia geforce rtx 4060,8,não identificado,15.6,não identificado,gamer,"gigabyte_g5kf-e3in313sh_12cores(4p+8e),16threads_8"
Asus,Vivobook 16X K3605ZU-MBN742WS,Vivobook 16X K3605ZU-MBN742WS Laptop,"10 cores (6p + 4e), 16 threads",6gb nvidia geforce rtx 4050,16,não identificado,16.0,não identificado,gamer,"asus_vivobook16xk3605zu-mbn742ws_10cores(6p+4e),16threads_16"
Asus,Vivobook 16X K3605ZC-MBN542WS,Vivobook 16X K3605ZC-MBN542WS Laptop,"octa core (4p + 4e), 12 threads",4gb nvidia geforce rtx 3050,16,não identificado,16.0,não identificado,gamer,"asus_vivobook16xk3605zc-mbn542ws_octacore(4p+4e),12threads_16"
Asus,Vivobook 16X K3605ZU-MBN541WS,Vivobook 16X K3605ZU-MBN541WS Laptop,"octa core (4p + 4e), 12 threads",6gb nvidia geforce rtx 4050,16,não identificado,16.0,não identificado,gamer,"asus_vivobook16xk3605zu-mbn541ws_octacore(4p+4e),12threads_16"
MSI,Thin GF63 11UC-1291IN Gaming,Thin GF63 11UC-1291IN Gaming Laptop,"hexa core, 12 threads",4gb nvidia geforce rtx 3050,16,não identificado,15.6,não identificado,gamer,"msi_thingf6311uc-1291ingaming_hexacore,12threads_16"
MSI,Katana 15 B12UDXK-1004IN Gaming,Katana 15 B12UDXK-1004IN Gaming Laptop,"10 cores (6p + 4e), 16 threads",6gb nvidia geforce rtx 3050,16,não identificado,15.6,não identificado,gamer,"msi_katana15b12udxk-1004ingaming_10cores(6p+4e),16threads_16"
Asus,Vivobook Pro 15 OLED M6500QC-LK541WS,Vivobook Pro 15 OLED M6500QC-LK541WS Laptop,"hexa core, 12 threads",4gb nvidia geforce rtx 3050 gpu,16,não identificado,15.6,não identificado,gamer,"asus_vivobookpro15oledm6500qc-lk541_hexacore,12threads_16"
HP,Omen 16-xf0043AX Gaming,Omen 16-xf0043AX Gaming Laptop,"octa core, 16 threads",8gb nvidia geforce rtx 4070,32,não identificado,16.1,não identificado,gamer,"hp_omen16-xf0043axgaming_octacore,16threads_32"
Gigabyte,Aero 14 OLED BMF,Aero 14 OLED BMF Laptop,"14 cores (6p + 8e), 20 threads",6gb nvidia geforce rtx 4050,16,não identificado,14.0,não identificado,gamer,"gigabyte_aero14oledbmf_14cores(6p+8e),20threads_16"
Asus,TUF Gaming F15 FX506HF-HN076W Gaming,TUF Gaming F15 FX506HF-HN076W Gaming Laptop,"hexa core, 12 threads",4gb nvidia geforce rtx 2050,16,não identificado,15.6,não identificado,gamer,"asus_tufgamingf15fx506hf-hn076wgami_hexacore,12threads_16"
HP,Victus 15-fb1018AX Gaming,Victus 15-fb1018AX Gaming Laptop,"hexa core, 12 threads",4gb nvidia geforce rtx 2050,8,não identificado,15.6,não identificado,gamer,"hp_victus15-fb1018axgaming_hexacore,12threads_8"
Dell,Alienware x15 R2 D569947,Alienware x15 R2 D569947WIN9 Gaming Laptop,"14 cores (6p + 8e), 20 threads",8gb nvidia geforce rtx 3070 ti,32,não identificado,15.6,não identificado,gamer,"dell_alienwarex15r2d569947_14cores(6p+8e),20threads_32"
HP,Victus 15-FB0142AX Gaming,Victus 15-FB0142AX Gaming Laptop,"hexa core, 12 threads",4gb nvidia geforce rtx 3050,16,não identificado,15.6,não identificado,gamer,"hp_victus15-fb0142axgaming_hexacore,12threads_16"
MSI,Thin GF63 11SC-1494IN Gaming,Thin GF63 11SC-1494IN Gaming Laptop,"hexa core, 12 threads",4gb nvidia geforce gtx 1650,8,não identificado,15.6,não identificado,gamer,"msi_thingf6311sc-1494ingaming_hexacore,12threads_8"
MSI,Thin GF63 12VF-663IN Gaming,Thin GF63 12VF-663IN Gaming Laptop,"10 cores (6p + 4e), 16 threads",8gb nvidia geforce rtx 4060,16,não identificado,15.6,não identificado,gamer,"msi_thingf6312vf-663ingaming_10cores(6p+4e),16threads_16"
MSI,Katana 17 B12VFK-668IN Gaming,Katana 17 B12VFK-668IN Gaming Laptop,"10 cores (6p + 4e), 16 threads",8gb nvidia geforce rtx 4060,8,não identificado,17.3,não identificado,gamer,"msi_katana17b12vfk-668ingaming_10cores(6p+4e),16threads_8"
MSI,Pulse 17 B13VGK-652IN Gaming,Pulse 17 B13VGK-652IN Gaming Laptop,"14 cores (6p + 8e), 20 threads",8gb nvidia geforce rtx 4070,16,não identificado,17.3,não identificado,gamer,"msi_pulse17b13vgk-652ingaming_14cores(6p+8e),20threads_16"
MSI,Pulse 17 B13VGK-666IN Gaming,Pulse 17 B13VGK-666IN Gaming Laptop,"14 cores (6p + 8e), 20 threads",8gb nvidia geforce rtx 4060,8,não identificado,17.3,não identificado,gamer,"msi_pulse17b13vgk-666ingaming_14cores(6p+8e),20threads_8"
HP,Victus 15-fa1064TX Gaming,Victus 15-fa1064TX Gaming Laptop,"14 cores (6p + 8e), 20 threads",6gb nvidia geforce rtx 4050,16,não identificado,15.6,não identificado,gamer,"hp_victus15-fa1064txgaming_14cores(6p+8e),20threads_16"
HP,Omen 16-wf0052TX Gaming,Omen 16-wf0052TX Gaming Laptop,"14 cores (6p + 8e), 20 threads",6gb nvidia geforce rtx 4050,16,não identificado,16.1,não identificado,gamer,"hp_omen16-wf0052txgaming_14cores(6p+8e),20threads_16"
HP,Omen 16-u0023TX Gaming,Omen 16-u0023TX Gaming Laptop,"24 cores (8p + 16e), 32 threads",8gb nvidia geforce rtx 4070,32,não identificado,16.1,não identificado,gamer,"hp_omen16-u0023txgaming_24cores(8p+16e),32threads_32"
Gigabyte,Aorus 15 9SF Gaming,Aorus 15 9SF Gaming Laptop,"12 cores (4p + 8e), 16 threads",8gb nvidia geforce rtx 4070,16,não identificado,15.6,não identificado,gamer,"gigabyte_aorus159sfgaming_12cores(4p+8e),16threads_16"
HP,Omen 16-wd0770TX Gaming,Omen 16-wd0770TX Gaming Laptop,"octa core (4p + 4e), 12 threads",6gb nvidia geforce rtx 4050,16,não identificado,16.1,não identificado,gamer,"hp_omen16-wd0770txgaming_octacore(4p+4e),12threads_16"
Asus,Vivobook 16X 2023 K3605ZC-MBN741WS,Vivobook 16X 2023 K3605ZC-MBN741WS Laptop,"10 cores (6p + 4e), 16 threads",4gb nvidia geforce rtx 3050,16,não identificado,16.0,2023,gamer,"asus_vivobook16x2023k3605zc-mbn741w_10cores(6p+4e),16threads_16"
Lenovo,LOQ 15IRH8 82XV00F6IN 2023 Gaming,LOQ 15IRH8 82XV00F6IN 2023 Gaming Laptop,"octa core (4p + 4e), 12 threads",6gb nvidia geforce rtx 4050,16,não identificado,15.6,2023,gamer,"lenovo_loq15irh882xv00f6in2023gaming_octacore(4p+4e),12threads_16"
Gigabyte,Aorus 15 9KF Gaming,Aorus 15 9KF Gaming Laptop,"12 cores (4p + 8e), 16 threads",8gb nvidia geforce rtx 4060,8,não identificado,15.6,não identificado,gamer,"gigabyte_aorus159kfgaming_12cores(4p+8e),16threads_8"
Lenovo,LOQ 15APH8 82XT004JIN 2023 Gaming,LOQ 15APH8 82XT004JIN 2023 Gaming Laptop,"octa core, 16 threads",6gb nvidia geforce rtx 4050,16,não identificado,15.6,2023,gamer,"lenovo_loq15aph882xt004jin2023gaming_octacore,16threads_16"
MSI,Vector GP68HX 13VH-072IN Gaming,Vector GP68HX 13VH-072IN Gaming Laptop,"24 cores (8p + 16e), 32 threads",12gb nvidia geforce rtx 4080,32,não identificado,16.0,não identificado,gamer,"msi_vectorgp68hx13vh-072ingaming_24cores(8p+16e),32threads_32"
MSI,Vector GP78HX 13VI-409IN Gaming,Vector GP78HX 13VI-409IN Gaming Laptop,"24 cores (8p + 16e), 32 threads",16gb nvidia geforce rtx 4090,32,não identificado,17.0,não identificado,gamer,"msi_vectorgp78hx13vi-409ingaming_24cores(8p+16e),32threads_32"
HP,Omen 16-wf0111TX Gaming,Omen 16-wf0111TX Gaming Laptop,"16 cores (8p + 8e), 24 threads",8gb nvidia geforce rtx 4060,16,não identificado,16.1,não identificado,gamer,"hp_omen16-wf0111txgaming_16cores(8p+8e),24threads_16"
HP,Omen 16-xf0059AX Gaming,Omen 16-xf0059AX Gaming Laptop,"octa core, 16 threads",8gb nvidia geforce rtx 4060,16,não identificado,16.0,não identificado,gamer,"hp_omen16-xf0059axgaming_octacore,16threads_16"
HP,Omen 16-wf0055TX Gaming,Omen 16-wf0055TX Gaming Laptop,"16 cores (8p + 8e), 24 threads",8gb nvidia geforce rtx 4060,16,não identificado,16.1,não identificado,gamer,"hp_omen16-wf0055txgaming_16cores(8p+8e),24threads_16"
Dell,XPS 15 9530,XPS 15 9530 Laptop,"14 cores (6p + 8e), 20 threads",6gb nvidia rtx 4050,16,não identificado,15.6,não identificado,gamer,"dell_xps159530_14cores(6p+8e),20threads_16"
Acer,Nitro 5 AN515-58 NH.QFHSI.007 Gaming,Nitro 5 AN515-58 NH.QFHSI.007 Gaming Laptop,"14 cores (6p + 8e), 20 threads",4gb nvidia geforce rtx 3050,16,não identificado,15.6,não identificado,gamer,"acer_nitro5an515-58nh.qfhsi.007gami_14cores(6p+8e),20threads_16"
Dell,Alienware X16 R1 2023 Gaming,Alienware X16 R1 2023 Gaming Laptop,"24 cores (8p + 16e), 32 threads",12gb nvidia geforce rtx 4080,32,não identificado,16.0,2023,gamer,"dell_alienwarex16r12023gaming_24cores(8p+16e),32threads_32"
Dell,Alienware m16 2023 Gaming,Alienware m16 2023 Gaming Laptop,"octa core, 16 threads",8gb nvidia geforce rtx 4060,16,não identificado,16.0,2023,gamer,"dell_alienwarem162023gaming_octacore,16threads_16"
Gigabyte,Aero 16 XE5 OLED,Aero 16 XE5 OLED Laptop,"14 cores (6p + 8e), 20 threads",8gb nvidia geforce rtx 3070ti,16,não identificado,16.0,não identificado,gamer,"gigabyte_aero16xe5oled_14cores(6p+8e),20threads_16"
Asus,Vivobook Pro 15 M6500QC-LK542WS,Vivobook Pro 15 M6500QC-LK542WS Laptop,"hexa core, 12 threads",4gb nvidia geforce rtx 3050,16,não identificado,15.6,não identificado,gamer,"asus_vivobookpro15m6500qc-lk542ws_hexacore,12threads_16"
Asus,ROG Zephyrus G16 2023 GU603ZU-N3023WS,ROG Zephyrus G16 2023 GU603ZU-N3023WS Laptop,"14 cores (6p + 8e), 20 threads",6gb nvidia geforce rtx 4050,16,não identificado,16.0,2023,gamer,"asus_rogzephyrusg162023gu603zu-n302_14cores(6p+8e),20threads_16"
Asus,Vivobook 16X 2023 K3605ZF-MBN741WS,Vivobook 16X 2023 K3605ZF-MBN741WS Laptop,"10 cores (6p + 4e), 16 threads",4gb nvidia geforce rtx 2050,16,não identificado,16.0,2023,gamer,"asus_vivobook16x2023k3605zf-mbn741w_10cores(6p+4e),16threads_16"
Acer,Nitro 16 ‎AN16-41 Gaming,Nitro 16 ‎AN16-41 Gaming Laptop,"octa core, 16 threads",8gb nvidia geforce rtx 4060,16,não identificado,16.0,não identificado,gamer,"acer_nitro16‎an16-41gaming_octacore,16threads_16"
Acer,Nitro 16 ‎AN16-41 2023 Gaming,Nitro 16 ‎AN16-41 2023 Gaming Laptop,"octa core, 16 threads",8gb nvidia geforce rtx 4060,8,não identificado,16.0,2023,gamer,"acer_nitro16‎an16-412023gaming_octacore,16threads_8"
Acer,Aspire 5 2023 A515-58M Gaming,Aspire 5 2023 A515-58M Gaming Laptop,"10 cores (2p + 8e), 12 threads",4gb nvidia geforce rtx2050,8,não identificado,15.6,2023,gamer,"acer_aspire52023a515-58mgaming_10cores(2p+8e),12threads_8"
Asus,Vivobook Pro 15 M6500QC-LK742WS,Vivobook Pro 15 M6500QC-LK742WS Laptop,"octa core, 16 threads",4gb nvidia geforce rtx 3050,16,não identificado,15.6,não identificado,gamer,"asus_vivobookpro15m6500qc-lk742ws_octacore,16threads_16"
HP,ZBook Firefly 16 G9 2023 Workstation,ZBook Firefly 16 G9 2023 Workstation Laptop,"10 cores (2p + 8e), 12 threads",4gb nvidia rtx a500,16,não identificado,16.0,2023,gamer,"hp_zbookfirefly16g92023workstatio_10cores(2p+8e),12threads_16"
HP,ZBook Studio G9 16 Workstation WQUXGA,ZBook Studio G9 16 Workstation WQUXGA Laptop,"14 cores (6p + 8e), 20 threads",6gb nvidia geforce rtx 3060,32,não identificado,16.0,não identificado,gamer,"hp_zbookstudiog916workstationwqux_14cores(6p+8e),20threads_32"
HP,ZBook Studio G9 WUXGA Workstation,ZBook Studio G9 WUXGA Workstation Laptop,"14 cores (6p + 8e), 20 threads",8gb nvidia geforce rtx 3070 ti,16,não identificado,16.0,não identificado,gamer,"hp_zbookstudiog9wuxgaworkstation_14cores(6p+8e),20threads_16"
HP,ZBook Studio G9 16 WUXGA Workstation,ZBook Studio G9 16 WUXGA Workstation Laptop,"14 cores (6p + 8e), 20 threads",6gb nvidia geforce rtx 3060,16,não identificado,16.0,não identificado,gamer,"hp_zbookstudiog916wuxgaworkstatio_14cores(6p+8e),20threads_16"
HP,ZBook Studio G9 2023 Workstation WQUXGA,ZBook Studio G9 2023 Workstation WQUXGA Laptop,"14 cores (6p + 8e), 20 threads",12gb nvidia geforce rtx 3080 ti,32,não identificado,16.0,2023,gamer,"hp_zbookstudiog92023workstationwq_14cores(6p+8e),20threads_32"
HP,ZBook Studio G9 Workstation WQUXGA,ZBook Studio G9 Workstation WQUXGA Laptop,"14 cores (6p + 8e), 20 threads",6gb nvidia geforce rtx 3060,16,não identificado,16.0,não identificado,gamer,"hp_zbookstudiog9workstationwquxga_14cores(6p+8e),20threads_16"
HP,ZBook Studio G9 Workstation,ZBook Studio G9 Workstation Laptop,"14 cores (6p + 8e), 20 threads",8gb nvidia geforce rtx 3070 ti,16,não identificado,16.0,não identificado,gamer,"hp_zbookstudiog9workstation_14cores(6p+8e),20threads_16"
Asus,ROG Zephyrus G14 GA402NJ-L8094WS Gaming,ROG Zephyrus G14 GA402NJ-L8094WS Gaming Laptop,"octa core, 16 threads",6gb nvidia geforce rtx 3050,16,não identificado,14.0,não identificado,gamer,"asus_rogzephyrusg14ga402nj-l8094wsg_octacore,16threads_16"
HP,Omen 16-wd0990TX Gaming,Omen 16-wd0990TX Gaming Laptop,"octa core (4p + 4e), 12 threads",6gb nvidia geforce rtx 4050,16,não identificado,16.1,não identificado,gamer,"hp_omen16-wd0990txgaming_octacore(4p+4e),12threads_16"
MSI,Thin GF63 11SC-1462IN Gaming,Thin GF63 11SC-1462IN Gaming Laptop,"octa core, 16 threads",4gb nvidia geforce gtx 1650,16,não identificado,15.6,não identificado,gamer,"msi_thingf6311sc-1462ingaming_octacore,16threads_16"
MSI,Thin GF63 11SC-1477IN Gaming,Thin GF63 11SC-1477IN Gaming Laptop,"hexa core, 12 threads",4gb nvidia geforce gtx 1650,8,não identificado,15.6,não identificado,gamer,"msi_thingf6311sc-1477ingaming_hexacore,12threads_8"
MSI,Katana GF66 12UCOK 2023 Gaming,Katana GF66 12UCOK 2023 Gaming Laptop,"octa core (4p + 4e), 12 threads",4gb nvidia geforce rtx 3050,16,não identificado,15.6,2023,gamer,"msi_katanagf6612ucok2023gaming_octacore(4p+4e),12threads_16"
Asus,Vivobook 16X 2023 K3605ZU-MB541WS,Vivobook 16X 2023 K3605ZU-MB541WS Laptop,"octa core (4p + 4e), 12 threads",6gb nvidia geforce rtx 4050,16,não identificado,16.0,2023,gamer,"asus_vivobook16x2023k3605zu-mb541ws_octacore(4p+4e),12threads_16"
Lenovo,IdeaPad Gaming 3 15ACH6 82K2025JIN,IdeaPad Gaming 3 15ACH6 82K2025JIN Laptop,"hexa core, 12 threads",4gb nvidia geforce gtx 1650,8,não identificado,15.6,não identificado,gamer,"lenovo_ideapadgaming315ach682k2025jin_hexacore,12threads_8"
MSI,Stealth 15 A13VF-074IN Gaming,Stealth 15 A13VF-074IN Gaming Laptop,"10 cores (6p + 4e), 16 threads",8gb nvidia geforce rtx 4060,16,não identificado,15.6,não identificado,gamer,"msi_stealth15a13vf-074ingaming_10cores(6p+4e),16threads_16"
Asus,ROG Zephyrus G14 2023 GA402XU-N2045WS Gaming,ROG Zephyrus G14 2023 GA402XU-N2045WS Gaming Laptop,"octa core, 16 threads",6gb nvidia geforce rtx 4050,16,não identificado,14.0,2023,gamer,"asus_rogzephyrusg142023ga402xu-n204_octacore,16threads_16"
Asus,TUF Gaming F15 FX506HF-HN026W Gaming,TUF Gaming F15 FX506HF-HN026W Gaming Laptop,"hexa core, 12 threads",4gb nvidia geforce rtx 2050,8,não identificado,15.6,não identificado,gamer,"asus_tufgamingf15fx506hf-hn026wgami_hexacore,12threads_8"
Ninkear,A16 Gaming,A16 Gaming Laptop,"octa core, 16 threads",amd radeon 680m,32,não identificado,16.0,não identificado,gamer,"ninkear_a16gaming_octacore,16threads_32"
Lenovo,IdeaPad Gaming 3 15IAH7 82S9014KIN,IdeaPad Gaming 3 15IAH7 82S9014KIN Laptop,"octa core (4p + 4e), 12 threads",4gb nvidia geforce rtx 3050,16,não identificado,15.6,não identificado,gamer,"lenovo_ideapadgaming315iah782s9014kin_octacore(4p+4e),12threads_16"
Asus,Vivobook 16X 2023 K3605ZU-MB741WS,Vivobook 16X 2023 K3605ZU-MB741WS Laptop,"10 cores (6p + 4e), 16 threads",6gb nvidia geforce rtx 4050,16,não identificado,16.0,2023,gamer,"asus_vivobook16x2023k3605zu-mb741ws_10cores(6p+4e),16threads_16"
MSI,GF75 Thin 10SCXR-007IN,GF75 Thin 10SCXR-007IN Laptop,"hexa core, 12 threads",4gb nvidia geforce gtx 1650,8,não identificado,17.3,não identificado,gamer,"msi_gf75thin10scxr-007in_hexacore,12threads_8"
MSI,Cyborg 15 A12VE-051IN Gaming,Cyborg 15 A12VE-051IN Gaming Laptop,"octa core (4p + 4e), 12 threads",6gb nvidia geforce rtx 4050,16,não identificado,15.6,não identificado,gamer,"msi_cyborg15a12ve-051ingaming_octacore(4p+4e),12threads_16"
MSI,Cyborg 15 A12VF-049IN Gaming,Cyborg 15 A12VF-049IN Gaming Laptop,"10 cores (6p + 4e), 16 threads",8gb nvidia geforce rtx 4060,16,não identificado,15.6,não identificado,gamer,"msi_cyborg15a12vf-049ingaming_10cores(6p+4e),16threads_16"
Razer,Blade 14 2023 Gaming,Blade 14 2023 Gaming Laptop,"octa core, 16 threads",8gb nvidia geforce rtx 4060,32,não identificado,14.0,2023,gamer,"razer_blade142023gaming_octacore,16threads_32"
MSI,Bravo 15 C7UDXK-092IN Gaming,Bravo 15 C7UDXK-092IN Gaming Laptop,"octa core, 16 threads",6gb nvidia geforce rtx 3050,16,não identificado,15.6,não identificado,gamer,"msi_bravo15c7udxk-092ingaming_octacore,16threads_16"
MSI,Bravo 15 C7UDXK-093IN Gaming,Bravo 15 C7UDXK-093IN Gaming Laptop,"hexa core, 12 threads",6gb nvidia geforce rtx 3050,16,não identificado,15.6,não identificado,gamer,"msi_bravo15c7udxk-093ingaming_hexacore,12threads_16"
Acer,Aspire 5 A514-56M 2023 Gaming,Aspire 5 A514-56M 2023 Gaming Laptop,"10 cores (2p + 8e), 12 threads",intel iris xe graphics,8,não identificado,14.0,2023,gamer,"acer_aspire5a514-56m2023gaming_10cores(2p+8e),12threads_8"
MSI,Bravo 17 C7VFK-034IN Gaming,Bravo 17 C7VFK-034IN Gaming Laptop,"octa core, 16 threads",8gb nvidia geforce rtx 4060,16,não identificado,17.3,não identificado,gamer,"msi_bravo17c7vfk-034ingaming_octacore,16threads_16"
MSI,Bravo 15 C7VFK-087IN Gaming,Bravo 15 C7VFK-087IN Gaming Laptop,"octa core, 16 threads",8gb nvidia geforce rtx 4060,16,não identificado,15.6,não identificado,gamer,"msi_bravo15c7vfk-087ingaming_octacore,16threads_16"
MSI,Thin GF63 11UCX-1441IN Gaming,Thin GF63 11UCX-1441IN Gaming Laptop,"octa core, 16 threads",4gb nvidia geforce rtx 2050,16,não identificado,15.6,não identificado,gamer,"msi_thingf6311ucx-1441ingaming_octacore,16threads_16"
MSI,Thin GF63 11UCX-1471IN Gaming,Thin GF63 11UCX-1471IN Gaming Laptop,"hexa core, 12 threads",4gb nvidia geforce rtx 2050,8,não identificado,15.6,não identificado,gamer,"msi_thingf6311ucx-1471ingaming_hexacore,12threads_8"
MSI,Bravo 15 C7VEK-089IN Gaming,Bravo 15 C7VEK-089IN Gaming Laptop,"hexa core, 12 threads",6gb nvidia geforce rtx 4050,16,não identificado,15.6,não identificado,gamer,"msi_bravo15c7vek-089ingaming_hexacore,12threads_16"
MSI,Bravo 15 C7VEK-088IN Gaming,Bravo 15 C7VEK-088IN Gaming Laptop,"octa core, 16 threads",6gb nvidia geforce rtx 4050,16,não identificado,15.6,não identificado,gamer,"msi_bravo15c7vek-088ingaming_octacore,16threads_16"
MSI,Bravo 17 C7VEK-035IN Gaming,Bravo 17 C7VEK-035IN Gaming Laptop,"octa core, 16 threads",6gb nvidia geforce rtx 4050,16,não identificado,17.3,não identificado,gamer,"msi_bravo17c7vek-035ingaming_octacore,16threads_16"
Dell,XPS 17 9730,XPS 17 9730 Laptop,"14 cores (6p + 8e), 20 threads",8gb nvidia geforce rtx 4060,32,não identificado,17.0,não identificado,gamer,"dell_xps179730_14cores(6p+8e),20threads_32"
Dell,XPS 9530 2023,XPS 9530 2023 Laptop,"14 cores (6p + 8e), 20 threads",6gb nvidia rtx 4050,32,não identificado,15.6,2023,gamer,"dell_xps95302023_14cores(6p+8e),20threads_32"
Lenovo,Legion Pro 7i 2023 Gaming,Legion Pro 7i 2023 Gaming Laptop,"24 cores (8p + 16e), 32 threads",12gb nvidia geforce rtx 4080,32,não identificado,16.0,2023,gamer,"lenovo_legionpro7i2023gaming_24cores(8p+16e),32threads_32"
Lenovo,Legion Slim 7i 2023 Gaming,Legion Slim 7i 2023 Gaming Laptop,"12 cores (4p + 8e), 16 threads",8gb nvidia geforce rtx 4060,16,não identificado,16.0,2023,gamer,"lenovo_legionslim7i2023gaming_12cores(4p+8e),16threads_16"
Lenovo,Legion Pro 5 82WM00B5IN 2023 Gaming,Legion Pro 5 82WM00B5IN 2023 Gaming Laptop,"octa core, 16 threads",8gb nvidia geforce rtx 4060,16,não identificado,16.0,2023,gamer,"lenovo_legionpro582wm00b5in2023gaming_octacore,16threads_16"
LG,Gram 17 2023 17Z90R-G.CH77A2,Gram 17 2023 17Z90R-G.CH77A2 Laptop,"12 cores (4p + 8e), 16 threads",4gb nvidia rtx 3050,16,não identificado,17.0,2023,gamer,"lg_gram17202317z90r-g.ch77a2_12cores(4p+8e),16threads_16"
LG,Gram 16 2023 16Z90R,Gram 16 2023 16Z90R Laptop,"12 cores (4p + 8e), 16 threads",4gb nvidia rtx 3050,16,não identificado,16.0,2023,gamer,"lg_gram16202316z90r_12cores(4p+8e),16threads_16"
Asus,Vivobook 14X 90NB11H2-M004D0,Vivobook 14X 90NB11H2-M004D0 Laptop,"octa core (4p + 4e), 12 threads",4gb nvidia geforce rtx 2050,16,não identificado,14.0,não identificado,gamer,"asus_vivobook14x90nb11h2-m004d0_octacore(4p+4e),12threads_16"
Asus,Vivobook Pro 15 M6500QF-HN741WS,Vivobook Pro 15 M6500QF-HN741WS  Laptop,"octa core, 16 threads",4gb nvidia geforce rtx 2050,16,não identificado,15.6,não identificado,gamer,"asus_vivobookpro15m6500qf-hn741ws_octacore,16threads_16"
HP,Victus 16 7K4J6PAACJ,Victus 16 7K4J6PAACJ Laptop,"hexa core, 12 threads",4gb nvidia geforce gtx 1650,8,não identificado,16.1,não identificado,gamer,"hp_victus167k4j6paacj_hexacore,12threads_8"
Acer,Aspire 7 A715-76G UN.QMESI.003 Gaming,Aspire 7 A715-76G UN.QMESI.003 Gaming Laptop,"octa core (4p + 4e), 12 threads",4gb nvidia geforce gtx 1650,16,não identificado,15.6,não identificado,gamer,"acer_aspire7a715-76gun.qmesi.003gam_octacore(4p+4e),12threads_16"
Dell,Alienware x14 R2 Gaming,Alienware x14 R2 Gaming Laptop,"10 cores (6p + 4e), 16 threads",6gb nvidia geforce rtx 4050,16,não identificado,14.0,não identificado,gamer,"dell_alienwarex14r2gaming_10cores(6p+4e),16threads_16"
HP,Victus 16-d0302TX Gaming,Victus 16-d0302TX Gaming Laptop,"hexa core, 12 threads",4gb nvidia geforce gtx 1650,8,não identificado,16.1,não identificado,gamer,"hp_victus16-d0302txgaming_hexacore,12threads_8"
Dell,2023 ‎G16-7630 Gaming,2023 ‎G16-7630 Gaming Laptop,14 cores (6p + 8e),8gb nvidia geforce rtx 4060,32,não identificado,16.0,2023,gamer,dell_2023‎g16-7630gaming_14cores(6p+8e)_32
HP,Omen 17-cm2003TX Gaming,Omen 17-cm2003TX Gaming Laptop,"16 cores (8p + 8e), 24 threads",8gb nvidia geforce rtx 4060,16,não identificado,17.3,não identificado,gamer,"hp_omen17-cm2003txgaming_16cores(8p+8e),24threads_16"
HP,Victus 15-fb0137AX Gaming,Victus 15-fb0137AX Gaming Laptop,"octa core, 16 threads",4gb nvidia geforce rtx 3050,16,não identificado,15.6,não identificado,gamer,"hp_victus15-fb0137axgaming_octacore,16threads_16"
MSI,Creator Z17 HX Studio A13V,Creator Z17 HX Studio A13V Laptop,"14 cores (6p + 8e), 20 threads",8gb nvidia geforce rtx 4070,32,não identificado,17.0,não identificado,gamer,"msi_creatorz17hxstudioa13v_14cores(6p+8e),20threads_32"
HP,Victus 15-fb0131AX Gaming,Victus 15-fb0131AX Gaming Laptop,"hexa core, 12 threads",4gb amd radeon rx 5600m,8,não identificado,15.6,não identificado,gamer,"hp_victus15-fb0131axgaming_hexacore,12threads_8"
Acer,Aspire 7 A715-76G NH.QMESI.003 Gaming,Aspire 7 A715-76G NH.QMESI.003 Gaming Laptop,"octa core (4p + 4e), 12 threads",4gb nvidia geforce gtx 1650,8,não identificado,15.6,não identificado,gamer,"acer_aspire7a715-76gnh.qmesi.003gam_octacore(4p+4e),12threads_8"
MSI,Katana 15 B12UDXK-1017IN Gaming,Katana 15 B12UDXK-1017IN Gaming Laptop,"10 cores (6p + 4e), 16 threads",6gb nvidia geforce rtx 3050,8,não identificado,15.6,não identificado,gamer,"msi_katana15b12udxk-1017ingaming_10cores(6p+4e),16threads_8"
MSI,Katana 15 B12UDXK-1019IN Gaming,Katana 15 B12UDXK-1019IN Gaming Laptop,"octa core (4p + 4e), 12 threads",6gb nvidia geforce rtx 3050,16,não identificado,15.6,não identificado,gamer,"msi_katana15b12udxk-1019ingaming_octacore(4p+4e),12threads_16"
HP,Victus 15-fb0135AX Gaming,Victus 15-fb0135AX Gaming Laptop,"hexa core, 12 threads",4gb nvidia geforce rtx 3050,8,não identificado,15.6,não identificado,gamer,"hp_victus15-fb0135axgaming_hexacore,12threads_8"
Dell,G15-5530 Gaming 2023,G15-5530 Gaming 2023 Laptop,14 cores (6p + 8e),8gb nvidia geforce rtx 4060,16,não identificado,15.6,2023,gamer,dell_g15-5530gaming2023_14cores(6p+8e)_16
Dell,‎G16-7630 Gaming,‎G16-7630 Gaming Laptop,"24 cores (8p + 16e), 32 threads",8gb nvidia geforce rtx 4060,16,não identificado,16.0,não identificado,gamer,"dell_‎g16-7630gaming_24cores(8p+16e),32threads_16"
Dell,G15-5530 2023 Gaming,G15-5530 2023 Gaming Laptop,14 cores (6p + 8e),6gb nvidia geforce rtx 4050,16,não identificado,15.6,2023,gamer,dell_g15-55302023gaming_14cores(6p+8e)_16
Acer,Aspire 5 A515-58M NX.KHGSI.002 Gaming,Aspire 5 A515-58M NX.KHGSI.002 Gaming Laptop,"10 cores (2p + 8e), 12 threads",intel integrated iris xe,16,não identificado,15.6,não identificado,gamer,"acer_aspire5a515-58mnx.khgsi.002gam_10cores(2p+8e),12threads_16"
Asus,TUF A15 FA577RM-HQ032WS,TUF A15 FA577RM-HQ032WS Laptop,"octa core, 16 threads",6gb nvidia geforce rtx 3060,16,não identificado,15.6,não identificado,gamer,"asus_tufa15fa577rm-hq032ws_octacore,16threads_16"
Asus,ROG Zephyrus G14 2023 GA402XV-N2034WS Gaming,ROG Zephyrus G14 2023 GA402XV-N2034WS Gaming Laptop,"octa core, 16 threads",8gb nvidia geforce rtx 4060,32,não identificado,14.0,2023,gamer,"asus_rogzephyrusg142023ga402xv-n203_octacore,16threads_32"
Asus,TUF Gaming F15 2023 FX507VU-LP083WS Gaming,TUF Gaming F15 2023 FX507VU-LP083WS Gaming Laptop,"14 cores (6p + 8e), 20 threads",6gb nvidia geforce rtx 4050,16,não identificado,15.6,2023,gamer,"asus_tufgamingf152023fx507vu-lp083w_14cores(6p+8e),20threads_16"
Asus,TUF Gaming A15 2023 FA577XU-LP041WS Gaming,TUF Gaming A15 2023 FA577XU-LP041WS Gaming Laptop,"octa core, 16 threads",6gb nvidia geforce rtx 4050,16,não identificado,15.6,2023,gamer,"asus_tufgaminga152023fa577xu-lp041w_octacore,16threads_16"
MSI,Titan 18 HX Dragon Edition Norse Myth A2XWJG,Titan 18 HX Dragon Edition Norse Myth A2XWJG,intel core ultra 9 285hx,nvidia geforce rtx 5090 24gb,96gb ddr5 6400mhz 48gb*2,"6tb, 2tb nvme pcie gen5x4 ssd w/o dram + 2tb nvme pcie gen4x4 ssd x2","18"" 16:10 uhd+ (3840x2400), miniled, 120hz, 100% dci-p3 (typ.), ips-level panel",não identificado,gamer,msi_titan18hxdragoneditionnorsemyt_intelcoreultra9285hx_96gbddr56400mhz48gb*2
MSI,Katana 15 HX 14XWGK,Katana 15 HX 14XWGK,intel core i9-14900hx,nvidia geforce rtx 5070 8gb,16gb ddr5 8gb*2,1tb nvme pcie ssd gen4x4,"15.6"" qhd (2560*1440), 165hz dci-p3 100% typical",não identificado,gamer,msi_katana15hx14xwgk_intelcorei9-14900hx_16gbddr58gb*2
Acer,NITRO V15-ANV15-51-51H9,NITRO V15-ANV15-51-51H9,intel core i5-13420h,nvidia geforce rtx 4050 6gb,8 gb ddr5-sdram,512 gb ssd,15.6'' inch fhd ips led backlight aspect ratio 16:9 refresh rate 144 hz,não identificado,gamer,acer_nitrov15-anv15-51-51h9_intelcorei5-13420h_8gbddr5-sdram
Dell,Alienware 16 Aurora AC16250,Alienware 16 Aurora AC16250,intel core 7 240h,nvidia(r) geforce rtx(tm) 5050,"16gb, 2x8gb, ddr5, 5600 mt/s ( 5200 mt/s with intel core 5 cp u)",512gb m.2 pcie nvme ssd,"16"" wqxga 120hz, 300 nits, comfortview plus, 1 00% srgb color gamut",não identificado,gamer,"dell_alienware16auroraac16250_intelcore7240h_16gb,2x8gb,ddr5,5600mt/s(5200mt/swithintelcore5cpu)"
Dell,Alienware 16 Aurora AC16250,Alienware 16 Aurora AC16250,intel core 9 270h,nvidia geforce rtx 5060 8gb,"16gb, 2x8gb, ddr5, 5600 mt/s",1tb m.2 pcie nvme ssd,"16"" wqxga 120hz, 300 nits, comfortview plus, 100% srgb color gamut",não identificado,gamer,"dell_alienware16auroraac16250_intelcore9270h_16gb,2x8gb,ddr5,5600mt/s"
Dell,Alienware 16 Aurora AC16250,Alienware 16 Aurora AC16250,intel core 7 240h,nvidia geforce rtx 5060,"32gb, 2x16gb, ddr5, 5600 mt/s",1tb m.2 pcie nvme ssd,"16"" wqxga 120hz, 300 nits, comfortview plus, 1 00% srgb color gamut",não identificado,gamer,"dell_alienware16auroraac16250_intelcore7240h_32gb,2x16gb,ddr5,5600mt/s"
HP,Victus 15-fa2318TX,Victus 15-fa2318TX,intel® core™ i7-13620h,nvidia® geforce rtx™ 3050,16 gb ddr4-3200 mt/s (1 x 16 gb),512 gb pcie® gen4 nvme™ m.2 ssd,"39.6 cm (15.6"") diagonal, fhd, 144 hz, ips, micro-edge, anti-glare, 300 nits, 62.5% srgb",não identificado,gamer,hp_victus15-fa2318tx_intel®core™i7-13620h_16gbddr4-3200mt/s(1x16gb)
HP,Victus 16-r1042ne,Victus 16-r1042ne,intel® core™ i7-14700hx,nvidia® geforce rtx™ 4050,16 gb ddr5-5600 mt/s (2 x 8 gb) transfer rates up to 5600 mt/s. 2 x 8 gb,512 gb pcie® gen4 nvme™ tlc m.2 ssd,16.1''inch fhd,não identificado,gamer,hp_victus16-r1042ne_intel®core™i7-14700hx_16gbddr5-5600mt/s(2x8gb)transferratesupto5600mt/s.2x8gb
HP,Victus 15-FA2317TX,Victus 15-FA2317TX,intel® core™ i7-13620h,nvidia® geforce rtx™ 4050,16 gb ddr4-3200 mt/s (1 x 16 gb) transfer rates up to 3200 mt/s. 1 x 16 gb,512 gb pcie® gen4 nvme™ m.2 ssd,15.6'' inch fhd,não identificado,gamer,hp_victus15-fa2317tx_intel®core™i7-13620h_16gbddr4-3200mt/s(1x16gb)transferratesupto3200mt/s.1x16gb
Lenovo,LOQ 15IAX9E,LOQ 15IAX9E,intel® core™ i5-12450hx,nvidia geforce rtx 3050 6gb,1x 16gb so-dimm ddr5-4800,512gb ssd m.2 2242 pcie® 4.0x4 nvme®,"15.6"" fhd (1920x1080) ips 300nits anti-glare, 100% srgb, 144hz",não identificado,gamer,lenovo_loq15iax9e_intel®core™i5-12450hx_1x16gbso-dimmddr5-4800
HP,Victus 16-r1066ne,Victus 16-r1066ne,intel® core™ i5-14450hx,nvidia® geforce rtx™ 3050,16 gb ddr5-5600 mt/s (2 x 8 gb) transfer rates up to 5600 mt/s. 2 x 8 gb,1 tb pcie® gen4 nvme™ m.2 ssd,"16.1″diagonal, fhd , 144 hz, ips, micro-edge, anti-glare, 300 nits, 62.5% srgb",não identificado,gamer,hp_victus16-r1066ne_intel®core™i5-14450hx_16gbddr5-5600mt/s(2x8gb)transferratesupto5600mt/s.2x8gb
HP,Victus 16-r1062ne,Victus 16-r1062ne,intel® core™ i5-14450hx,nvidia® geforce rtx™ 3050,16 gb ddr5-5600 mt/s (2 x 8 gb) transfer rates up to 5600 mt/s. 2 x 8 gb,1 tb pcie® gen4 nvme™ m.2 ssd,"16.1″ diagonal, fhd, 144 hz, ips, micro-edge, anti-glare, 300 nits, 62.5% srgb",não identificado,gamer,hp_victus16-r1062ne_intel®core™i5-14450hx_16gbddr5-5600mt/s(2x8gb)transferratesupto5600mt/s.2x8gb
HP,Victus 15-fa1103ne,Victus 15-fa1103ne,intel® core™ i5-13420h,nvidia® geforce rtx™ 3050,8 gb ddr4-3200 mt/s (1 x 8 gb) transfer rates up to 3200 mt/s. 1 x 8 gb,512 gb pcie® gen4 nvme™ m.2 ssd,"15.6″ fhd (1920 × 1080), ips, 144 hz, 9 ms, anti-glare, 250 nits, 45% ntsc",não identificado,gamer,hp_victus15-fa1103ne_intel®core™i5-13420h_8gbddr4-3200mt/s(1x8gb)transferratesupto3200mt/s.1x8gb
HP,VICTUS 15-FA1112NIA,VICTUS 15-FA1112NIA,intel® core™ i5-13420h,nvidia® geforce rtx™ 3050,8 gb ddr4-3200 mt/s (1 x 8 gb) transfer rates up to 3200 mt/s. 1 x 8 gb,512 gb pcie® gen4 nvme™ m.2 ssd,"15.6″ fhd (1920×1080), ips, 144 hz, 250 nits, 45% ntsc, anti-glare",não identificado,gamer,hp_victus15-fa1112nia_intel®core™i5-13420h_8gbddr4-3200mt/s(1x8gb)transferratesupto3200mt/s.1x8gb
HP,OMEN Slim 16-an0119nrav,OMEN Slim 16-an0119nrav,intel® core™ ultra 9 285h,nvidia® geforce rtx™ 5070,16 gb ddr5-5600 mt/s (2 x 8 gb) transfer rates up to 5600 mt/s. 2 x 8 gb,1 tb pcie® gen4 nvme™ m.2 ssd,"16"" diagonal wqxga display",não identificado,gamer,hp_omenslim16-an0119nrav_intel®core™ultra9285h_16gbddr5-5600mt/s(2x8gb)transferratesupto5600mt/s.2x8gb
HP,OMEN 16-AP0097NR,OMEN 16-AP0097NR,amd ryzen™ ai 9 365,nvidia® geforce rtx™ 5070,32 gb ddr5-5600 mt/s (2 x 16 gb),1 tb pcie® gen4 nvme™ m.2 ssd,"16"" diagonal, wqxga , 60-240 hz, 3 ms response time, ips, micro-edge, anti-glare, low blue light, 500 nits, 100% srgb",não identificado,gamer,hp_omen16-ap0097nr_amdryzen™ai9365_32gbddr5-5600mt/s(2x16gb)
Lenovo,Legion 5 15IRX10,Legion 5 15IRX10,intel® core i9-14900hx,nvidia® geforce rtx™ 5070,1x 16gb so-dimm ddr5-5600,1tb ssd m.2 2242 pcie® 4.0x4 nvme®,"15.1"" wqxga oled 1000nits (peak) / 500nits (typical) glossy, 100% dci-p3, 165hz, dolby vision®, displayhdr™ true black 600",não identificado,gamer,lenovo_legion515irx10_intel®corei9-14900hx_1x16gbso-dimmddr5-5600
ASUS,ROG Zephyrus G16 GA605KP-AI327W,ROG Zephyrus G16 GA605KP-AI327W,amd ryzen™ ai 7 350,nvidia® geforce rtx™ 5070 laptop gpu,32gb lpddr5x 7500 on board(actual memory speeds may vary by cpu configuration.),1tb pcie® 4.0 nvme™ m.2 ssd,"16-inch 2.5k , wqxga) 16:10 aspect ratio",não identificado,gamer,asus_rogzephyrusg16ga605kp-ai327w_amdryzen™ai7350_32gblpddr5x7500onboard(actualmemoryspeedsmayvarybycpuconfiguration.)
Lenovo,Legion Pro 7 16IAX10H,Legion Pro 7 16IAX10H,intel® core ultra 9 275hx,nvidia® geforce rtx™ 5080,2x 32gb csodimm ddr5-6400,2x 1tb ssd m.2 2280 pcie® 4.0x4 nvme®,"16"" wqxga oled 500nits (typical) / 1100nits (peak) glossy, 100% dci-p3, 240hz, displayhdr™ true black 1000, dolby vision®, g-sync®, low blue light, high gaming performance, flicker free",não identificado,gamer,lenovo_legionpro716iax10h_intel®coreultra9275hx_2x32gbcsodimmddr5-6400
HP,Victus 16-r1046ne,Victus 16-r1046ne,intel® core™ i7-14700hx,nvidia® geforce rtx™ 4050,16 gb ddr5-5600 mt/s (2 x 8 gb) transfer rates up to 5600 mt/s. 2 x 8 gb,1 tb pcie® gen4 nvme™ m.2 ssd,"16.1″ diagonal, fhd (1920 x 1080), 144 hz, ips, micro-edge, anti-glare, 300 nits, 62.5% srgb",não identificado,gamer,hp_victus16-r1046ne_intel®core™i7-14700hx_16gbddr5-5600mt/s(2x8gb)transferratesupto5600mt/s.2x8gb
ASUS,ROG Strix G16 G614PR-RV161W,ROG Strix G16 G614PR-RV161W,amd ryzen™ 9 8940hx,nvidia® geforce rtx™ 5070 ti,16gb ddr5-5200 so-dimm,1tb pcie® 4.0 nvme™ m.2 ssd,"16-inch fhd+ 16:10 (1920 x 1200, wuxga) ips-level anti-glare display srgb: 100% refresh rate: 165hz response time: 3ms g-sync",não identificado,gamer,asus_rogstrixg16g614pr-rv161w_amdryzen™98940hx_16gbddr5-5200so-dimm
ASUS,ROG Strix G16 G614FP-GR169W,ROG Strix G16 G614FP-GR169W,amd ryzen 9 9955hx,nvidia® geforce rtx™ 5070,16gb ddr5-5600 so-dimm,1tb pcie® 4.0 nvme™ m.2 ssd,"16-inch fhd+ 16:10 (1920 x 1200, wuxga) 165hz, 3ms ips-level 300nits 100% srgb",não identificado,gamer,asus_rogstrixg16g614fp-gr169w_amdryzen99955hx_16gbddr5-5600so-dimm
ASUS,TUF Gaming A16 FA608UH-RV007W,TUF Gaming A16 FA608UH-RV007W,amd ryzen™ 7 260,nvidia® geforce rtx™ 5050,16gb ddr5-5600 so-dimm,512gb pcie® 4.0 nvme™ m.2 ssd,"16-inch, fhd+ 16:10 , wuxga), ips-level, anti-glare display, srgb:100%, adobe:75.35%, refresh rate:165hz, response time:3ms, g-sync, mux switch",não identificado,gamer,asus_tufgaminga16fa608uh-rv007w_amdryzen™7260_16gbddr5-5600so-dimm
ASUS,TUF Gaming A14 FA401KH-RG019W,TUF Gaming A14 FA401KH-RG019W,amd ryzen™ ai 7 350,nvidia® geforce rtx™ 5050,"16gb*2 lpddr5x 7500 on board, max capacity",1tb pcie® 4.0 nvme™ m.2 ssd,"14-inch, 2.5k (2560 x 1600, wqxga) 16:10 aspect ratio, ips-level, anti-glare display",não identificado,gamer,"asus_tufgaminga14fa401kh-rg019w_amdryzen™ai7350_16gb*2lpddr5x7500onboard,maxcapacity"
ASUS,TUF Gaming A14 FA401UU-RG028W,TUF Gaming A14 FA401UU-RG028W,amd ryzen 7 8845hs,nvidia® geforce rtx™ 4050 6gb,16gb 8gb*2 lpddr5x 7500 on board,512gb pcie® 4.0 nvme™ m.2 ssd,"14-inch, 2.5k (2560 x 1600, wqxga) 16:10 aspect ratio, ips-level, anti-glare display, srgb:100.00%, refresh rate:165hz, g-sync, mux switch + nvidia® advanced optimus",não identificado,gamer,asus_tufgaminga14fa401uu-rg028w_amdryzen78845hs_16gb8gb*2lpddr5x7500onboard
MSI,Crosshair 18 HX AI A2XWGKG,Crosshair 18 HX AI A2XWGKG,intel core ultra 9 275hx,nvidia geforce rtx 5070 8gb,32gb,1tb ssd,"18” qhd+ (2560x1600), 240hz, ips-level",não identificado,gamer,msi_crosshair18hxaia2xwgkg_intelcoreultra9275hx_32gb
MSI,Vector 17 HX AI A2XWJG,Vector 17 HX AI A2XWJG,intel core ultra 9 275hx,nvidia® geforce rtx™ 5090 24gb,32gb ddr5-6400,1tb ssd,"17” qhd+ (2560x1600), 240hz, ips-level",não identificado,gamer,msi_vector17hxaia2xwjg_intelcoreultra9275hx_32gbddr5-6400
MSI,Raider 18 HX AI A2XWJG,Raider 18 HX AI A2XWJG,intel core ultra 9 285hx,nvidia geforce rtx 5090 24gb,64gb ddr5 6400mhz 32gb*2,2tb nvme pcie gen5x4 ssd,"18” uhd+, miniled, 120hz",não identificado,gamer,msi_raider18hxaia2xwjg_intelcoreultra9285hx_64gbddr56400mhz32gb*2
Acer,Aspire 5 A515-57G-59VY,Aspire 5 A515-57G-59VY,intel core i5-1235u,nvidia geforce rtx 2050 4gb,8gb ddr4 sdram,512gb pcie nvme ssd,"15.6-inch full hd (1920×1080) ips, comfyview (matte), 16:9 aspect ratio",não identificado,gamer,acer_aspire5a515-57g-59vy_intelcorei5-1235u_8gbddr4sdram
HP,Victus 15-FA1023NIA,Victus 15-FA1023NIA,intel core i5-13500h,nvidia geforce rtx 3050 6gb,8 gb ddr4-3200 mt/s (1 x 8 gb),512 gb pcie® gen4 nvme™ m.2 ssd,"39.6 cm (15.6"") diagonal, fhd, 144 hz, 9 ms response time, ips, micro-edge, anti-glare, 250 nits, 45% ntsc",não identificado,gamer,hp_victus15-fa1023nia_intelcorei5-13500h_8gbddr4-3200mt/s(1x8gb)
MSI,Thin 15 B2RVE,Thin 15 B2RVE,intel core 7 240h,nvidia geforce rtx 4050 6gb,16gb 2x 8gb,512gb m.2 ssd nvme pcie gen4,"15.6"" fhd (1920x1080), 144hz, ips-level",não identificado,gamer,msi_thin15b2rve_intelcore7240h_16gb2x8gb
MSI,Katana 15 HX B14WFK,Katana 15 HX B14WFK,intel® core™ i7-14650hx,nvidia® geforce rtx™ 5060 laptop gpu,ddr5 8gb*2,512gb nvme pcie ssd gen4x4 w/o dram,"15.6"" qhd (2560*1440), 165hz dci-p3 100% typical",não identificado,gamer,msi_katana15hxb14wfk_intel®core™i7-14650hx_ddr58gb*2
MSI,Katana 15 HX B14WFK,Katana 15 HX B14WFK,intel® core™ i9-14900hx,nvidia® geforce rtx™ 5060,16gb 8gb*2 ddr5,1tb nvme pcie ssd gen4x4,"15.6"" qhd, 165hz dci-p3 100% typical",não identificado,gamer,msi_katana15hxb14wfk_intel®core™i9-14900hx_16gb8gb*2ddr5
Lenovo,LOQ 15ARP9,LOQ 15ARP9,amd ryzen™ 7 7435hs,nvidia® geforce rtx™ 4050 6gb gddr6,12gb so-dimm ddr5-4800,512gb ssd m.2 2242 pcie® 4.0x4 nvme®,"15.6"" fhd ips 300nits anti-glare, 100% srgb, 144hz, g-sync®",não identificado,gamer,lenovo_loq15arp9_amdryzen™77435hs_12gbso-dimmddr5-4800
HP,Victus 16-r0053nia,Victus 16-r0053nia,intel® core™ i7-13700h,nvidia® geforce rtx™ 3050,16 gb ddr5-5200 mt/s,1 tb pcie® gen4 nvme™ m.2 ssd,"16.1"" diagonal, fhd, 144 hz, ips, micro-edge, anti-glare, 250 nits, 45% ntsc",não identificado,gamer,hp_victus16-r0053nia_intel®core™i7-13700h_16gbddr5-5200mt/s
Lenovo,LOQ 15ARP9,LOQ 15ARP9,amd ryzen 7 7435hs,nvidia geforce rtx 4060 8gb,1x 12gb so-dimm ddr5-4800,512gb ssd m.2 2242 pcie® 4.0x4 nvme®,"15.6"" fhd ips 300nits anti-glare, 100% srgb, 144hz, g-sync®",não identificado,gamer,lenovo_loq15arp9_amdryzen77435hs_1x12gbso-dimmddr5-4800
Dell,G15 5530,G15 5530,intel core i5-13450hx,nvidia geforce rtx 3050 6gb,"16gb, 1x16gb, ddr5, 4800mt/s","512gb, m.2, pcie nvme, ssd","15.6"" fhd (1920x1080) 120hz",não identificado,gamer,"dell_g155530_intelcorei5-13450hx_16gb,1x16gb,ddr5,4800mt/s"
Lenovo,Legion Pro 5 16IRX10,Legion Pro 5 16IRX10,intel core i7-14650hx,nvidia geforce rtx 5050 8gb,1x 16gb so-dimm ddr5-5600,512gb ssd m.2 2242 pcie® 4.0x4 nvme®,"16"" wqxga ips 500nits anti-glare, 100% dci-p3, 240hz, displayhdr™ 400, dolby vision®, g-sync®, low blue light, high gaming performance",não identificado,gamer,lenovo_legionpro516irx10_intelcorei7-14650hx_1x16gbso-dimmddr5-5600
HP,Victus 15-fa1034nia,Victus 15-fa1034nia,intel® core™ i5-13420h,nvidia® geforce rtx™ 2050,8 gb ddr4-3200 mt/s,512 gb pcie® gen4 nvme™ m.2 ssd,"15.6"" diagonal, fhd, 144 hz, 9 ms response time, ips, micro-edge, anti-glare, 250 nits, 45% ntsc",não identificado,gamer,hp_victus15-fa1034nia_intel®core™i5-13420h_8gbddr4-3200mt/s
HP,Victus 15-fa1033nia,Victus 15-fa1033nia,intel® core™ i5-13420h,nvidia® geforce rtx™ 2050,8 gb ddr4-3200 mt/s,512 gb pcie® gen4 nvme™ m.2 ssd,"15.6"" diagonal, fhd, 144 hz, 9 ms response time, ips, micro-edge, anti-glare, 250 nits, 45% ntsc",não identificado,gamer,hp_victus15-fa1033nia_intel®core™i5-13420h_8gbddr4-3200mt/s
Lenovo,Legion 5 15IRX10,Legion 5 15IRX10,intel® core i9-14900hx,nvidia geforce rtx 5070 8gb,32gb 2x 16gb so-dimm ddr5-5600,1tb ssd m.2 2242 pcie® 4.0x4 nvme®,"15.1"" wqxga oled 500nits glossy, 100% dci-p3, 165hz, dolby vision®, displayhdr™ true black 600",não identificado,gamer,lenovo_legion515irx10_intel®corei9-14900hx_32gb2x16gbso-dimmddr5-5600
ASUS,ROG Strix G16 ​G614FM-RV169W,ROG Strix G16 ​G614FM-RV169W,amd ryzen 9 9955hx,nvidia geforce rtx 5060 8gb,16gb ddr5,1tb pcie 4.0 nvme ssd,"16” fhd+ (1920x1200), 165hz, wuxga ips, 16:10 aspect ratio",não identificado,gamer,asus_rogstrixg16​g614fm-rv169w_amdryzen99955hx_16gbddr5
ASUS,TUF Gaming F16 FX607VJ-RL805W,TUF Gaming F16 FX607VJ-RL805W,intel core 5 210h,nvidia geforce rtx 3050,8gb ddr4,512gb pcie® 4.0 nvme™ m.2 ssd,"16 fhd+ 16:10 (1920 x 1200, wuxga) 144hz",não identificado,gamer,asus_tufgamingf16fx607vj-rl805w_intelcore5210h_8gbddr4
ASUS,ROG Strix SCAR 18 G835LR-AI3201W,ROG Strix SCAR 18 G835LR-AI3201W,intel core ultra 9 275hx,nvidia geforce rtx 5070 ti 12gb,16gb ddr5-5600 so-dimm,1tb pcie® 4.0 nvme™ m.2 performance ssd,"rog nebula display 18-inch 2.5k (2560 x 1600, wqxga) 16:10 aspect ratio ips-level anti-glare display dci-p3: 100% refresh rate: 240hz g-sync pantone validated mux switch + nvidia® advanced optimus support dolby vision hdr : yes",não identificado,gamer,asus_rogstrixscar18g835lr-ai3201w_intelcoreultra9275hx_16gbddr5-5600so-dimm
ASUS,ROG Strix G16 G615LR-VG132W,ROG Strix G16 G615LR-VG132W,intel core ultra 9 275hx,nvidia geforce rtx 5070ti 12gb,32gb ddr5-5600 so-dimm,1tb pcie® 4.0 nvme™ m.2 ssd,"16-inch fhd+ 16:10 (1920 x 1200, wuxga) ips-level anti-glare display srgb: 100% refresh rate: 165hz response time: 3ms g-sync mux switch + nvidia® advanced optimus support dolby vision hdr : yes",não identificado,gamer,asus_rogstrixg16g615lr-vg132w_intelcoreultra9275hx_32gbddr5-5600so-dimm
ASUS,ROG Strix G16 G614JVR-N3044W,ROG Strix G16 G614JVR-N3044W,intel core i9-14900hx,nvidia geforce rtx 4060 8gb,16gb ram,1tb pcie® 4.0 nvme™ m.2 ssd,"16-inch fhd+ 16:10 (1920 x 1200, wuxga) ips-level anti-glare display srgb: 100% refresh rate: 165hz response time: 7ms g-sync mux switch + nvidia® advanced optimus support dolby vision hdr : yes",não identificado,gamer,asus_rogstrixg16g614jvr-n3044w_intelcorei9-14900hx_16gbram
MSI,Sword 16 HX B14VFKG,Sword 16 HX B14VFKG,intel core i9-14900hx,nvida geforce rtx 4060 8gb,16gb ddr5 8gb*2,1tb nvme pcie ssd gen4x4,"16"" 16:10 fhd+ (1920 x 1200), 144hz, ips-level panel",não identificado,gamer,msi_sword16hxb14vfkg_intelcorei9-14900hx_16gbddr58gb*2
Lenovo,LOQ 15IAX9,LOQ 15IAX9,intel core i5-12450hx,nvidia geforce rtx 2050 4gb,1x 12gb so-dimm ddr5-4800,512gb ssd m.2 2242 pcie® 4.0x4 nvme®,"15.6"" fhd ips 300nits anti-glare, 100% srgb, 144hz, g-sync®",não identificado,gamer,lenovo_loq15iax9_intelcorei5-12450hx_1x12gbso-dimmddr5-4800
ASUS,ROG Zephyrus G16 GU605MI-G16.U94070,ROG Zephyrus G16 GU605MI-G16.U94070,intel core ultra 9 185h,nvidia geforce rtx 4070,16gb ram,1tb ssd,"rog nebula display 16-inch 2.5k (2560 x 1600, wqxga) 16:10 aspect ratio oled glossy display refresh rate: 240hz",não identificado,gamer,asus_rogzephyrusg16gu605mi-g16.u940_intelcoreultra9185h_16gbram
MSI,Stealth 16 AI Studio A1VGG,Stealth 16 AI Studio A1VGG,intel core ultra 9 185h,nvidia geforce rtx 4070 8gb,32gb ram ddr5-5600,1 tb nvme pcie gen4 ssd,"16” qhd+ (2560x1600), 240hz, ips-level",não identificado,gamer,msi_stealth16aistudioa1vgg_intelcoreultra9185h_32gbramddr5-5600
MSI,Vector 16 HX AI A2XWIG,Vector 16 HX AI A2XWIG,intel core ultra 9 275hx,nvidia geforce rtx 5080 16gb,16gb ddr5-6400,1tb ssd,"16” qhd+, 240hz, ips-level",não identificado,gamer,msi_vector16hxaia2xwig_intelcoreultra9275hx_16gbddr5-6400
HP,Omen 16-AE0075CL,Omen 16-AE0075CL,intel core i7-14700hx,nvidia geforce rtx 4070 8gb,16 gb ddr5-5600 mt/s (2 x 8 gb),1 tb pcie® nvme™ m.2 ssd,"16.1"" diagonal fhd 144hz display",não identificado,gamer,hp_omen16-ae0075cl_intelcorei7-14700hx_16gbddr5-5600mt/s(2x8gb)
MSI,Vector 16 HX A14VIG,Vector 16 HX A14VIG,intel core i9-14900hx,nvidia geforce rtx 4090 16gb,32gb ram,1tb m.2 ssd,"16” qhd+ (2560x1600), 240hz, ips-level",não identificado,gamer,msi_vector16hxa14vig_intelcorei9-14900hx_32gbram
MSI,Vector 16 HX AI A2XWHG,Vector 16 HX AI A2XWHG,intel core ultra 9 275hx,geforce rtx™ 5070 ti,32gb 2 x 16 up to ddr5-6400,1tb nvme pcie ssd gen4x4 w/o dram,"16"" 16:10 qhd, 240hz, 100% dci-p3, ips-level panel",não identificado,gamer,msi_vector16hxaia2xwhg_intelcoreultra9275hx_32gb2x16uptoddr5-6400
MSI,Vector 16 HX AI A2XWIG,Vector 16 HX AI A2XWIG,intel core ultra 9 275hx,nvidia geforce rtx 5080,32gb 2 x 16 ddr5-6400,1tb nvme pcie ssd gen4x4 w/o dram,"16"" 16:10 qhd, 240hz, 100% dci-p3, ips-level panel",não identificado,gamer,msi_vector16hxaia2xwig_intelcoreultra9275hx_32gb2x16ddr5-6400
MSI,Titan 18 HX AI A2XWJG,Titan 18 HX AI A2XWJG,intel core ultra 9 285hx,nvidia geforce rtx™ 5090,64gb ddr5 6400mhz 32gb*2,4tb ssd - 2tb nvme pcie gen5x4 ssd + 2tb nvme pcie gen4x4 ssd,"18"" 16:10 uhd+ (3840x2400), miniled, 120hz, 100% dci-p3 (typ.), ips-level panel",não identificado,gamer,msi_titan18hxaia2xwjg_intelcoreultra9285hx_64gbddr56400mhz32gb*2
Lenovo,LOQ 15IRX9,LOQ 15IRX9,intel® core™ i5-13450hx,nvidia® geforce rtx™ 3050,2x 12gb so-dimm ddr5-4800,512gb ssd m.2 2242 pcie® 4.0x4 nvme®,"15.6"" fhd ips 300nits anti-glare, 100% srgb, 144hz, g-sync®",não identificado,gamer,lenovo_loq15irx9_intel®core™i5-13450hx_2x12gbso-dimmddr5-4800
ASUS,ROG Strix SCAR 16 G635LW-AI264W,ROG Strix SCAR 16 G635LW-AI264W,intel core ultra 9 275hx,nvidia geforce rtx 5080,64gb ddr5-5600 so-dimm,2tb pcie® 4.0 nvme™ m.2 performance ssd,"16-inch 2.5k, wqxga 16:10 aspect ratio ips-level anti-glare display dci-p3: 100% refresh rate: 240hz response time: 3ms g-sync pantone validated mux switch + nvidia® advanced optimus support dolby vision hdr : yes",não identificado,gamer,asus_rogstrixscar16g635lw-ai264w_intelcoreultra9275hx_64gbddr5-5600so-dimm
ASUS,ROG Strix SCAR 16 G635LR-AI321W,ROG Strix SCAR 16 G635LR-AI321W,​intel core ultra 9 275hx,nvidia® geforce rtx™ 5070 ti,32gb ddr5-5600 so-dimm,1tb pcie® 4.0 nvme™ m.2 performance ssd,16-inch 2.5k wqxga 16:10 aspect ratio ips-level anti-glare display dci-p3: 100% refresh rate: 240hz response time: 3ms g-sync pantone validated mux switch + nvidia® advanced optimus support dolby vision hdr : yes,não identificado,gamer,asus_rogstrixscar16g635lr-ai321w_​intelcoreultra9275hx_32gbddr5-5600so-dimm
ASUS,ROG Zephyrus G16 GU605CR-QR232W,ROG Zephyrus G16 GU605CR-QR232W,intel core ultra 9 285h,nvidia geforce rtx 5070,32gb lpddr5x 7467,2tb pcie® 4.0 nvme™ m.2 ssd,16 2.5k wqxga oled 240hz,não identificado,gamer,asus_rogzephyrusg16gu605cr-qr232w_intelcoreultra9285h_32gblpddr5x7467
HP,Omen Max AH0097,Omen Max AH0097,intel® core™ ultra 9 275hx,nvidia geforce rtx 5080,32 gb ddr5-5600 mt/s (2 x 16 gb),1 tb pcie® gen4 nvme™ m.2 ssd,"16"" diagonal, wqxga, 60-240 hz, 3 ms response time, ips, micro-edge, anti-glare, low blue light, 500 nits, 100% srgb",não identificado,gamer,hp_omenmaxah0097_intel®core™ultra9275hx_32gbddr5-5600mt/s(2x16gb)
HP,Victus 16-R0026NIA,Victus 16-R0026NIA,intel core i5-13500h,nvidia geforce rtx 4050 6gb,16 gb ddr5-5200 mt/s (2 x 8 gb),512gb pcie® gen4 nvme™ m.2 ssd,"40.9 cm (16.1"") diagonal, fhd, 144hz, ips, micro-edge, anti-glare, 250 nits, 45% ntsc",não identificado,gamer,hp_victus16-r0026nia_intelcorei5-13500h_16gbddr5-5200mt/s(2x8gb)
Lenovo,LOQ 15IRX9,LOQ 15IRX9,intel core i7-14700hx,nvidia geforce rtx 4060 8gb,16gb 2x 8gb so-dimm ddr5-5600,1tb ssd m.2 2242 pcie® 4.0x4 nvme®,"15.6"" fhd (1920x1080) ips 300nits anti-glare, 100% srgb, 144hz, g-sync®",não identificado,gamer,lenovo_loq15irx9_intelcorei7-14700hx_16gb2x8gbso-dimmddr5-5600
ASUS,TUF Gaming F16 FX607VU-RL805W,TUF Gaming F16 FX607VU-RL805W,intel core 5 210h,nvidia geforce rtx 4050 6gb,8gb ddr5-5600 so-dimm,512gb pcie® 4.0 nvme™ m.2 ssd,"16-inch, fhd+ 16:10 (1920 x 1200, wuxga), value ips-level, anti-glare display, refresh rate:144hz, response time:7ms, g-sync, mux switch + nvidia® advanced optimus",não identificado,gamer,asus_tufgamingf16fx607vu-rl805w_intelcore5210h_8gbddr5-5600so-dimm
ASUS,Vivobook 16X K3605ZF-RP005W,Vivobook 16X K3605ZF-RP005W,intel core i5-12500h,nvidia geforce rtx 2050 4gb,8gb ddr4 on board,512gb m.2 nvme™ pcie® 4.0 ssd,"16.0-inch, wuxga 16:10 aspect ratio, ips-level panel, led backlit, 144hz refresh rate, 300nits, 45% ntsc color gamut, anti-glare display, tüv rheinland-certified, (screen-to-body ratio)86%",não identificado,gamer,asus_vivobook16xk3605zf-rp005w_intelcorei5-12500h_8gbddr4onboard
MSI,Thin 15 A B7VF,Thin 15 A B7VF,amd ryzen 7 7735hs,nvidia geforce rtx 4060 8gb,16gb ddr5 8gb*2,512gb nvme pcie ssd,"15.6"" fhd (1920x1080), 144hz, ips-level",não identificado,gamer,msi_thin15ab7vf_amdryzen77735hs_16gbddr58gb*2
MSI,Katana A15 AI B8VE,Katana A15 AI B8VE,amd ryzen 9 8945hs,nvidia geforce rtx 4050 6gb,16gb ddr5 8gb*2,512gb nvme pcie ssd,"15.6"" fhd (1920x1080), 144hz, ips-level",não identificado,gamer,msi_katanaa15aib8ve_amdryzen98945hs_16gbddr58gb*2
MSI,Katana A15 AI B8VF,Katana A15 AI B8VF,amd ryzen 9 8945hs,nvidia geforce rtx 4060 8gb,16gb ddr5 8gb*2,512gb nvme pcie ssd,"15.6"" fhd (1920x1080), 144hz, ips-level",não identificado,gamer,msi_katanaa15aib8vf_amdryzen98945hs_16gbddr58gb*2
MSI,Thin 15 B13UC,Thin 15 B13UC,intel core i7-13620h,nvidia geforce rtx 3050,16gb,512gb ssd slot (nvme pcie gen4),"15.6"" fhd (1920x1080), 144hz, ips-level",não identificado,gamer,msi_thin15b13uc_intelcorei7-13620h_16gb
HP,Victus 16-r1032nia,Victus 16-r1032nia,intel core i5-14450hx,nvidia® geforce rtx™ 3050,16 gb ddr5-5600 mt/s (2 x 8 gb),1 tb pcie® gen4 nvme™ m.2 ssd,"40.9 cm (16.1"") diagonal, fhd , 144 hz, ips, micro-edge, anti-glare, 300 nits, 62.5% srgb",não identificado,gamer,hp_victus16-r1032nia_intelcorei5-14450hx_16gbddr5-5600mt/s(2x8gb)
HP,Victus 15-FA1018NIA,Victus 15-FA1018NIA,intel core i5-13500h,nvidia® geforce rtx™ 4050 6gb,16 gb ddr4-3200 mt/s (2 x 8 gb),512 gb pcie® gen4 nvme™ m.2 ssd,"39.6 cm (15.6"") diagonal, fhd, 144 hz, 9 ms response time, ips, micro-edge, anti-glare, 250 nits, 45% ntsc",não identificado,gamer,hp_victus15-fa1018nia_intelcorei5-13500h_16gbddr4-3200mt/s(2x8gb)
ASUS,TUF Gaming A14 FA401WV-RG053W,TUF Gaming A14 FA401WV-RG053W,amd ryzen ai 9 hx 370,nvidia® geforce rtx™ 4060,"16gb 8gb*2 lpddr5x 7500 on board, max capacity:16gb",1tb pcie® 4.0 nvme™ m.2 ssd,"14-inch, 2.5k (2560 x 1600, wqxga) 16:10 aspect ratio, ips-level, anti-glare display, srgb:100.00%, refresh rate:165hz, g-sync, mux switch + nvidia® advanced optimus",não identificado,gamer,"asus_tufgaminga14fa401wv-rg053w_amdryzenai9hx370_16gb8gb*2lpddr5x7500onboard,maxcapacity:16gb"
HP,Victus 15-FA1017NIA,Victus 15-FA1017NIA,intel core i5-13500h,nvidia® geforce rtx™ 4050 6gb,16 gb ddr4-3200 mt/s (2 x 8 gb),512 gb pcie® gen4 nvme™ m.2 ssd,"39.6 cm (15.6"") diagonal, fhd (1920 x 1080), 144 hz, 9 ms response time, ips, micro-edge, anti-glare, 250 nits, 45% ntsc",não identificado,gamer,hp_victus15-fa1017nia_intelcorei5-13500h_16gbddr4-3200mt/s(2x8gb)
Lenovo,LOQ 15IAX9E,LOQ 15IAX9E,intel core i5-12450hx,nvidia geforce rtx 2050 4gb,1x 16gb so-dimm ddr5-4800,512gb ssd m.2 2242 pcie® 4.0x4 nvme®,"15.6"" fhd (1920x1080) ips 300nits anti-glare, 100% srgb, 144hz",não identificado,gamer,lenovo_loq15iax9e_intelcorei5-12450hx_1x16gbso-dimmddr5-4800
HP,OMEN 16T-WF000​,OMEN 16T-WF000​,intel core i7-14700hx,nvidia geforce rtx 4070 8gb​,16 gb ram,1tb ssd,16'' inch fhd 165hz,não identificado,gamer,hp_omen16t-wf000​_intelcorei7-14700hx_16gbram
HP,Victus 15-FA1082WM,Victus 15-FA1082WM,intel core i5-13420h,nvidia® geforce rtx™ 4050 6gb,16 gb ddr4-3200 mt/s (2 x 8 gb),512 gb pcie® gen4 nvme™ m.2 ssd,"15.6"" diagonal fhd display",não identificado,gamer,hp_victus15-fa1082wm_intelcorei5-13420h_16gbddr4-3200mt/s(2x8gb)
HP,Victus 15-FA1039NE,Victus 15-FA1039NE,intel core i7-13700h,nvidia® geforce rtx™ 3050 6gb,8 gb ddr4-3200 mt/s (1 x 8 gb),512 gb pcie® gen4 nvme™ m.2 ssd,"39.6 cm (15.6"") diagonal, fhd, 144 hz, 9 ms response time, ips, micro-edge, anti-glare, 250 nits, 45% ntsc",não identificado,gamer,hp_victus15-fa1039ne_intelcorei7-13700h_8gbddr4-3200mt/s(1x8gb)
HP,Victus 16-r1048ne,Victus 16-r1048ne,intel® core™ i7-14700hx,nvidia® geforce rtx™ 4060,16gb ddr5 5600mb/s,1tb pcie® gen4 nvme™ tlc m.2 ssd,"16.1"" diagonal fhd , 144 hz, ips, micro-edge, 40.9 anti-glare, 300 nits, 62.5% srgb",não identificado,gamer,hp_victus16-r1048ne_intel®core™i7-14700hx_16gbddr55600mb/s
Lenovo,LOQ 15IRX9,LOQ 15IRX9,intel® core™ i7-13650hx,nvidia® geforce rtx™ 4050,2x 12gb so-dimm ddr5-4800,512gb ssd m.2 2242 pcie® 4.0x4 nvme®,"15.6"" fhd (1920x1080) ips 300nits anti-glare, 100% srgb, 144hz, g-sync®",não identificado,gamer,lenovo_loq15irx9_intel®core™i7-13650hx_2x12gbso-dimmddr5-4800
HP,Victus 16-r1055ne,Victus 16-r1055ne,intel® core™ i7-14700hx,nvidia® geforce rtx™ 4060,16 gb ddr5-5600 mt/s,512 gb pcie® gen4 nvme™ m.2 ssd,"16.1"" inch diagonal, fhd, 144 hz, ips, micro-edge, anti-glare, 300 nits, 62.5% srgb",não identificado,gamer,hp_victus16-r1055ne_intel®core™i7-14700hx_16gbddr5-5600mt/s
Dell,G15 5530,G15 5530,intel core i7-13650hx,nvidia geforce rtx 4060,"16gb,2x8,5600,ddr5,",1tb ssd,15.6'' inch fhd 120hz,não identificado,gamer,"dell_g155530_intelcorei7-13650hx_16gb,2x8,5600,ddr5,"
MSI,Thin 15 B12UDX-2224US,Thin 15 B12UDX-2224US,intel® core™ i5-12450h,nvidia® geforce rtx™ 3050 6g,8gb (8g*1) ddr4 3200mhz,512gb nvme ssd,"15.6"" fhd, ips-level 144hz 45% ntsc",não identificado,gamer,msi_thin15b12udx-2224us_intel®core™i5-12450h_8gb(8g*1)ddr43200mhz
HP,Victus 16-r0085cl,Victus 16-r0085cl,intel® core™ i7-13700h,nvidia® geforce rtx™ 4070,16 gb,1 tb pcie® gen4 nvme™ tlc m.2 ssd,"16.1"" diagonal fhd display",não identificado,gamer,hp_victus16-r0085cl_intel®core™i7-13700h_16gb
HP,Victus 15-FB2082WM,Victus 15-FB2082WM,amd ryzen™ 5 8645hs,nvidia® geforce rtx™ 4050,16 gb ddr5-5600 mt/s,512 gb pcie® gen4 nvme™ m.2 ssd,"15.6"" diagonal fhd",não identificado,gamer,hp_victus15-fb2082wm_amdryzen™58645hs_16gbddr5-5600mt/s
Lenovo,LOQ 15IRX9,LOQ 15IRX9,intel core i7-13650hx,nvidia® geforce rtx™ 3050 6gb gddr6,1x 16gb so-dimm ddr5-4800,512gb ssd m.2 2242 pcie® 4.0x4 nvme®,"15.6"" fhd ips 300nits anti-glare, 100% srgb, 144hz, g-sync®",não identificado,gamer,lenovo_loq15irx9_intelcorei7-13650hx_1x16gbso-dimmddr5-4800
HP,Victus 15-FA1035NE,Victus 15-FA1035NE,intel core i5-13500h,nvida geforce rtx 4050 6gb,16 gb ddr4-3200 mt/s (2 x 8 gb),512 gb pcie® gen4 nvme™ m.2 ssd,"39.6 cm (15.6"") diagonal, fhd, 144 hz, 9 ms response time, ips, micro-edge, anti-glare, 250 nits, 45% ntsc",não identificado,gamer,hp_victus15-fa1035ne_intelcorei5-13500h_16gbddr4-3200mt/s(2x8gb)
HP,Victus 15-FA1036NE,Victus 15-FA1036NE,intel® core™ i5-13500h,nvidia® geforce rtx™ 4050,16 gb ddr4-3200 mt/s (2 x 8 gb),512 gb pcie® gen4 nvme™ m.2 ssd,"39.6 cm (15.6"") diagonal fhd ips display, 144 hz refresh rate, 9 ms response time, micro-edge, anti-glare, 250 nits brightness, 45% ntsc color gamut 3",não identificado,gamer,hp_victus15-fa1036ne_intel®core™i5-13500h_16gbddr4-3200mt/s(2x8gb)
HP,Envy 16-H1053DX,Envy 16-H1053DX,intel core i7-13700h,nvidia geforce rtx 4060 8gb,16gb ddr5-5200 mt/s (2 x 8 gb),1 tb pcie® nvme™ m.2 ssd,"16-inch diagonal, wqxga, multitouch-enabled, 48-120 hz, ips, edge-to-edge glass, micro-edge, low blue light, 400 nits, 100% srgb",não identificado,gamer,hp_envy16-h1053dx_intelcorei7-13700h_16gbddr5-5200mt/s(2x8gb)
HP,Victus 15-FA1038NE,Victus 15-FA1038NE,intel core i7-13700h,nvidia® geforce rtx™ 3050 6gb gddr6,8 gb ddr4-3200 mt/s (1 x 8 gb),512 gb pcie® gen4 nvme™ m.2 ssd,"39.6 cm (15.6"") diagonal fhd (1920 x 1080) ips display, 144 hz refresh rate, 9 ms response time, micro-edge, anti-glare, 250 nits brightness, 45% ntsc color",não identificado,gamer,hp_victus15-fa1038ne_intelcorei7-13700h_8gbddr4-3200mt/s(1x8gb)
HP,Victus 15-FB2082WM,Victus 15-FB2082WM,amd ryzen™ 5 8645hs,nvidia® geforce rtx™ 4050 6gb,8 gb ddr5-5600 mt/s (1 x 8 gb),512 gb pcie® gen4 nvme™ m.2 ssd,"15.6"" diagonal fhd display",não identificado,gamer,hp_victus15-fb2082wm_amdryzen™58645hs_8gbddr5-5600mt/s(1x8gb)
MSI,Cyborg 15 A13VF,Cyborg 15 A13VF,intel core i7-13620h,nvidia® geforce rtx™ 4060 8gb,16gb ddr5-5200 2 slots,512gb m.2 nvme pcie gen4 ssd,"15.6"" fhd, 144hz, ips-level",não identificado,gamer,msi_cyborg15a13vf_intelcorei7-13620h_16gbddr5-52002slots
HP,OMEN 16-wd0073dx,OMEN 16-wd0073dx,intel® core™ i7-13620h,nvidia® geforce rtx™ 4060,16 gb ddr5-5200 mhz ram,1 tb pcie® gen4 nvme™ tlc m.2 ssd,"16.1"" diagonal, fhd 165 hz, 7 ms response time, ips, micro-edge, anti-glare, low blue light, 300 nits, 100% srgb [17,35]",não identificado,gamer,hp_omen16-wd0073dx_intel®core™i7-13620h_16gbddr5-5200mhzram
Dell,G15 5530,G15 5530,intel core i7-13650hx,nvidia geforce rtx 4050 6gb,"16gb, 2x8gb, ddr5, 4800mhz","512gb, m.2, pcie nvme, ssd","15.6"" fhd 165hz, 3 ms, srgb-100%, comfortviewplus , nvidia g-sync+dds display",não identificado,gamer,"dell_g155530_intelcorei7-13650hx_16gb,2x8gb,ddr5,4800mhz"
Lenovo,Legion Slim 5 16IRH8,Legion Slim 5 16IRH8,intel® core™ i7-13700h,nvidia® geforce rtx™ 4060 8gb,16gb 2x8gb so-dimm ddr5-5200,1tb ssd m.2 2280 pcie® 4.0x4 nvme®,"16"" wqxga (2560x1600) ips 300nits anti-glare, 100% srgb, 165hz, g-sync®, low blue light",não identificado,gamer,lenovo_legionslim516irh8_intel®core™i7-13700h_16gb2x8gbso-dimmddr5-5200
ASUS,ROG Zephyrus G16 GU603W-G16-I74060,ROG Zephyrus G16 GU603W-G16-I74060,intel core i7-13620h,nvidia geforce rtx 4060 8gb,16gb ddr4 3200mhz,512gb nvme pcie 4.0 ssd,"16-inch fhd+ 16:10 (1920 x 1200, wuxga) ips-level anti-glare 165hz (3ms)",não identificado,gamer,asus_rogzephyrusg16gu603w-g16-i7406_intelcorei7-13620h_16gbddr43200mhz
HP,Victus 16-R0046NE,Victus 16-R0046NE,intel core i7-13700h,nvidia® geforce rtx™ 4050 6gb,16 gb ddr5-5200 mhz ram (2 x 8 gb),1 tb pcie® gen4 nvme™ tlc m.2 ssd,"16.1"" diagonal, fhd, 144 hz, ips, micro-edge, anti-glare, 250 nits, 45% ntsc",não identificado,gamer,hp_victus16-r0046ne_intelcorei7-13700h_16gbddr5-5200mhzram(2x8gb)
HP,Victus 16-R0045NE,Victus 16-R0045NE,intel core i7-13700h,nvidia® geforce rtx™ 4050 6gb,16 gb ddr5-5200 mhz ram (2 x 8 gb),1tb pcie® gen4 nvme™ tlc m.2 ssd,"16.1"" diagonal, fhd, 144 hz, ips, micro-edge, anti-glare, 250 nits, 45% ntsc",não identificado,gamer,hp_victus16-r0045ne_intelcorei7-13700h_16gbddr5-5200mhzram(2x8gb)
Lenovo,IdeaPad Gaming 3 15ACH6,IdeaPad Gaming 3 15ACH6,amd ryzen 7 5800h,nvidia geforce rtx rtx 3050ti 4gb,16gb ram,512gb ssd m.2 2280 pcie 3.0x4 nvme,"15.6"" fhd ips 250nits anti-glare, 120hz, 45% ntsc, dc dimmer",não identificado,gamer,lenovo_ideapadgaming315ach6_amdryzen75800h_16gbram
HP,Victus 15-fb3008ne,Victus 15-fb3008ne,amd ryzen™ 7 7445h,nvidia® geforce rtx™ 2050,16 gb ddr5-5600 mt/s (2 x 8 gb),512 gb pcie® gen4 nvme™ m.2 ssd,"15.6"" diagonal, fhd, 144 hz, ips, micro-edge, anti-glare, 300 nits, 62.5% srgb",não identificado,gamer,hp_victus15-fb3008ne_amdryzen™77445h_16gbddr5-5600mt/s(2x8gb)
HP,Victus 16-r1049ne,Victus 16-r1049ne,intel® core™ i7-14700hx,nvidia® geforce rtx™ 4060,16 gb ddr5-5600 mt/s (2 x 8 gb) transfer rates up to 5600 mt/s. 2 x 8 gb,1 tb pcie® gen4 nvme™ m.2 ssd,"16.1″diagonal, fhd , 144 hz, ips, micro-edge, anti-glare, 300 nits, 62.5% srgb",não identificado,gamer,hp_victus16-r1049ne_intel®core™i7-14700hx_16gbddr5-5600mt/s(2x8gb)transferratesupto5600mt/s.2x8gb
HP,Victus 16-r1045ne,Victus 16-r1045ne,intel® core™ i7-14700hx,nvidia® geforce rtx™ 4050,16 gb ddr5-5600 mt/s (2 x 8 gb) transfer rates up to 5600 mt/s. 2 x 8 gb,1 tb pcie® gen4 nvme™ m.2 ssd,"16.1″diagonal, fhd , 144 hz, ips, micro-edge, anti-glare, 300 nits, 62.5% srgb",não identificado,gamer,hp_victus16-r1045ne_intel®core™i7-14700hx_16gbddr5-5600mt/s(2x8gb)transferratesupto5600mt/s.2x8gb
Lenovo,LOQ 15IRX10,LOQ 15IRX10,intel® core i7-13700hx,nvidia® geforce rtx™ 5060,2x 12gb so-dimm ddr5-4800,512gb ssd m.2 2242 pcie® 4.0x4 nvme®,"15.6"" fhd ips 300nits anti-glare, 100% srgb, 144hz, g-sync®",não identificado,gamer,lenovo_loq15irx10_intel®corei7-13700hx_2x12gbso-dimmddr5-4800
Lenovo,LOQ 15IRX10,LOQ 15IRX10,intel® core i7-14700hx,nvidia® geforce rtx™ 5060,2x 12gb so-dimm ddr5-4800,512gb ssd m.2 2242 pcie® 4.0x4 nvme®,"15.6"" fhd ips 300nits anti-glare, 100% srgb, 144hz, g-sync®",não identificado,gamer,lenovo_loq15irx10_intel®corei7-14700hx_2x12gbso-dimmddr5-4800
Lenovo,LOQ 15IAX9E,LOQ 15IAX9E,intel® core i5-12450hx,nvidia® geforce rtx™ 3050,1x 16gb so-dimm ddr5-4800,512gb ssd m.2 2242 pcie® 4.0x4 nvme®,"15.6"" fhd ips 300nits anti-glare, 100% srgb, 144hz",não identificado,gamer,lenovo_loq15iax9e_intel®corei5-12450hx_1x16gbso-dimmddr5-4800
Dell,Alienware 16X Aurora AC16251,Alienware 16X Aurora AC16251,intel core ultra 7 255hx,nvidia geforce rtx 5060,"32gb, 2x16gb, ddr5, 5600 mt/s",1tb m.2 pcie nvme ssd,"16"" wqxga,240hz, 3ms, comfortview plus, nvidia g-sync and advanced optimus, 100% dcip-3",não identificado,gamer,"dell_alienware16xauroraac16251_intelcoreultra7255hx_32gb,2x16gb,ddr5,5600mt/s"
Dell,Alienware 16X Aurora AC16251,Alienware 16X Aurora AC16251,intel core ultra 9 275hx,"nvidia® geforce rtx™ 5070, 8gb","32gb, 2x16gb, ddr5, 5600 mt/s",1tb m.2 pcie nvme ssd,"16"" wqxga 240hz, 3ms, comfortview plus, nvidia g-sync and advanced optimus, 100% dcip-3",não identificado,gamer,"dell_alienware16xauroraac16251_intelcoreultra9275hx_32gb,2x16gb,ddr5,5600mt/s"
Dell,Alienware 16X Aurora AC16251,Alienware 16X Aurora AC16251,intel core ultra 9 275hx,"nvidia® geforce rtx™ 5060, 8gb",32gb ram,"1 tb, m.2, pcie nvme, ssd","16"", wqxga, 240hz, 100% dci-p3, comfortview plus, g-sync",não identificado,gamer,dell_alienware16xauroraac16251_intelcoreultra9275hx_32gbram
Lenovo,Legion 5 15IAX10,Legion 5 15IAX10,intel® core ultra 9 275hx,nvidia® geforce rtx™ 5070,2x 16gb so-dimm ddr5-5600,1tb ssd m.2 2242 pcie® 4.0x4 nvme®,"15.1"" wqxga oled 1000nits (peak) / 500nits (typical) glossy, 100% dci-p3, 165hz, dolby vision®, displayhdr™ true black 600",não identificado,gamer,lenovo_legion515iax10_intel®coreultra9275hx_2x16gbso-dimmddr5-5600
Lenovo,Legion 5 15IRX10,Legion 5 15IRX10,intel® core i7-14700hx,nvidia® geforce rtx™ 5060,2x 16gb so-dimm ddr5-5600,1tb ssd m.2 2242 pcie® 4.0x4 nvme®,"15.1"" wqxga oled 1000nits (peak) / 500nits (typical) glossy, 100% dci-p3, 165hz, dolby vision®, displayhdr™ true black 600",não identificado,gamer,lenovo_legion515irx10_intel®corei7-14700hx_2x16gbso-dimmddr5-5600
ASUS,ROG Strix G16 G614PR-RV009W,ROG Strix G16 G614PR-RV009W,amd ryzen™ 9 8940hx,nvidia® geforce rtx™ 5070 ti,32gb ddr5-5200 so-dimm x 2,1tb pcie® 4.0 nvme™ m.2 ssd,"16-inch fhd+ 16:10 (1920 x 1200, wuxga) ips-level anti-glare display srgb: 100% refresh rate: 165hz response time: 3ms g-sync mux switch + nvidia® advanced optimus support dolby vision hdr : yes",não identificado,gamer,asus_rogstrixg16g614pr-rv009w_amdryzen™98940hx_32gbddr5-5200so-dimmx2
ASUS,TUF Gaming A14 FA401UV-RG020W,TUF Gaming A14 FA401UV-RG020W,amd ryzen 7 8845hs,nvidia® geforce rtx™ 4060 8gb,"16gb 8gb*2 lpddr5x 7500 on board,",512gb pcie® 4.0 nvme™ m.2 ssd,"14-inch, 2.5k (2560 x 1600, wqxga) 16:10 aspect ratio, ips-level, anti-glare display, srgb:100.00%, refresh rate:165hz, g-sync, mux switch + nvidia® advanced optimus",não identificado,gamer,"asus_tufgaminga14fa401uv-rg020w_amdryzen78845hs_16gb8gb*2lpddr5x7500onboard,"
Dell,Alienware 16 Aurora,Alienware 16 Aurora,intel core 7 240h,nvidia geforce rtx 5050 8gb,"16gb, 2x8gb, ddr5, 5600 mt/s",512gb m.2 pcie nvme ssd,"16"" wqxga 120hz, 300 nits, comfortview plus, 100% srgb color gamut",não identificado,gamer,"dell_alienware16aurora_intelcore7240h_16gb,2x8gb,ddr5,5600mt/s"
Lenovo,LOQ 15IRX9,LOQ 15IRX9,intel core i5-13450hx,nvida geforce rtx 4050 6gb,24gb 2x 12gb so-dimm ddr5-4800,512gb ssd m.2 2242 pcie® 4.0x4 nvme®,"15.6"" fhd ips 300nits anti-glare, 100% srgb, 144hz, g-sync®",não identificado,gamer,lenovo_loq15irx9_intelcorei5-13450hx_24gb2x12gbso-dimmddr5-4800
MSI,Thin 15 B13UCX,Thin 15 B13UCX,intel core i5 13420h,nvidia® geforce rtx™ 2050 laptop gpu,8gb,512gb nvme pcie ssd gen4x4,"15.6"" fhd, 144hz 45%ntsc ips-level",não identificado,gamer,msi_thin15b13ucx_intelcorei513420h_8gb
MSI,Raider 18 HX AI A2XWJG,Raider 18 HX AI A2XWJG,intel® core™ ultra 9 275hx,nvidia® geforce rtx™ 5090 laptop gpu,ddr5 6400mhz 32gb*2,2tb nvme pcie gen5x4 ssd,"16:10 uhd, miniled, 120hz, 100% dci-p3 (typ.), ips-level panel",não identificado,gamer,msi_raider18hxaia2xwjg_intel®core™ultra9275hx_ddr56400mhz32gb*2
HP,Victus 15-fa1015nia,Victus 15-fa1015nia,intel® core™ i7-13700h,nvidia® geforce rtx™ 3050,16 gb ddr4-3200 mt/s (2 x 8 gb),1 tb pcie® nvme™ ssd,"15.6"" diagonal, fhd, 144 hz, 9 ms response time, ips, micro-edge, anti-glare, 250 nits, 45% ntsc 3",não identificado,gamer,hp_victus15-fa1015nia_intel®core™i7-13700h_16gbddr4-3200mt/s(2x8gb)
HP,Victus 15-fa2013dx,Victus 15-fa2013dx,intel core i5-13420h,nvidia® geforce rtx™ 3050,8 gb ddr4-3200 mt/s (1 x 8 gb) transfer rates up to 3200 mt/s. 1 x 8 gb,512 gb pcie® gen4 nvme™ m.2 ssd,"15.6"" diagonal fhd display",não identificado,gamer,hp_victus15-fa2013dx_intelcorei5-13420h_8gbddr4-3200mt/s(1x8gb)transferratesupto3200mt/s.1x8gb
ASUS,V16 V3607VJ-RP007W,V16 V3607VJ-RP007W,intel core 7 240h,nvidia geforce rtx 3050 6gb,16gb ddr5 so-dimm,512gb m.2 nvme™ pcie® 4.0 ssd,"16.0-inch, wuxga 16:10 aspect ratio, led backlit, 144hz refresh rate, 300nits, 45% ntsc color gamut, anti-glare display, non-touch screen, (screen-to-body ratio)89%",não identificado,gamer,asus_v16v3607vj-rp007w_intelcore7240h_16gbddr5so-dimm
Lenovo,LOQ 15IAX9,LOQ 15IAX9,intel® core i5-12450hx,nvidia® geforce rtx™ 4050,24gb 2x 12gb so-dimm ddr5-4800,512gb ssd m.2 2242 pcie® 4.0x4 nvme®,"15.6"" fhd ips 300nits anti-glare, 100% srgb, 144hz, g-sync®",não identificado,gamer,lenovo_loq15iax9_intel®corei5-12450hx_24gb2x12gbso-dimmddr5-4800
Lenovo,LOQ 15IAX9,LOQ 15IAX9,intel® core™ i5-12450hx,nvidia® geforce rtx™ 3050,1x 12gb so-dimm ddr5-4800,512gb ssd m.2 2242 pcie® 4.0x4 nvme®,"15.6"" fhd ips 300nits anti-glare, 100% srgb, 144hz, g-sync®",não identificado,gamer,lenovo_loq15iax9_intel®core™i5-12450hx_1x12gbso-dimmddr5-4800
HP,Victus 15-FA1021NIA,Victus 15-FA1021NIA,intel core i7-13700h,nvidia geforce rtx 3050 6gb,8 gb ddr4-3200 mt/s (1 x 8 gb),512 gb pcie® gen4 nvme™ m.2 ssd,"39.6 cm (15.6"") diagonal, fhd (1920 x 1080), 144 hz, 9 ms response time, ips, micro-edge, anti-glare, 250 nits, 45% ntsc",não identificado,gamer,hp_victus15-fa1021nia_intelcorei7-13700h_8gbddr4-3200mt/s(1x8gb)
Lenovo,LOQ 15IRX10,LOQ 15IRX10,intel® core i7-14700hx,nvidia geforce rtx 5050 8gb,24gb 2x 12gb so-dimm ddr5-4800,512gb ssd m.2 2242 pcie® 4.0x4 nvme®,"15.6"" fhd (1920x1080) ips 300nits anti-glare, 100% srgb, 144hz, g-sync®",não identificado,gamer,lenovo_loq15irx10_intel®corei7-14700hx_24gb2x12gbso-dimmddr5-4800
Lenovo,Lenovo Legion Pro 5 16IAX10H,Lenovo Legion Pro 5 16IAX10H,intel core ultra 9 275hx,nvidia® geforce rtx™ 5070 ti 12gb,32gb 2x 16gb so-dimm ddr5-5600,1tb ssd m.2 2242 pcie® 4.0x4 nvme,"16"" wqxga (2560x1600) oled 500nits glossy, 100% dci-p3, 165hz, displayhdr™ true black 1000, dolby vision®, g-sync®",não identificado,gamer,lenovo_lenovolegionpro516iax10h_intelcoreultra9275hx_32gb2x16gbso-dimmddr5-5600
Lenovo,Legion Pro 5 16IRX9,Legion Pro 5 16IRX9,intel core i9-14900hx,nvidia geforce rtx 4070 8gb,32gb 2x 16gb so-dimm ddr5-5600,1tb ssd m.2 2280 pcie® 4.0x4 nvme®,"16"" wqxga ips 500nits anti-glare, 100% dci-p3, 240hz, displayhdr™ 400, dolby vision®, g-sync®, low blue light, high gaming performance",não identificado,gamer,lenovo_legionpro516irx9_intelcorei9-14900hx_32gb2x16gbso-dimmddr5-5600
MSI,Crosshair 16 HX AI D2XWFKG,Crosshair 16 HX AI D2XWFKG,intel core ultra 7 255hx,nvidia geforce rtx 5060,16gb ddr5 8gb*2,1tb nvme pcie ssd gen4x4,"16"" inch 16:10 qhd+, 240hz, 100% dci-p3, ips-level panel",não identificado,gamer,msi_crosshair16hxaid2xwfkg_intelcoreultra7255hx_16gbddr58gb*2
MSI,Crosshair 16 HX AI D2XWGKG,Crosshair 16 HX AI D2XWGKG,intel core ultra 7 255hx,nvidia geforce rtx 5070 8gb,16gb ddr5 8gb*2,1tb nvme pcie ssd gen4x4,"16"" inch 16:10 qhd+, 240hz, 100% dci-p3, ips-level panel",não identificado,gamer,msi_crosshair16hxaid2xwgkg_intelcoreultra7255hx_16gbddr58gb*2
MSI,Vector 16 HX AI A2XWHG,Vector 16 HX AI A2XWHG,intel core ultra 7 255hx,nvidia geforce rtx 5070ti 12gb,16gb ddr5 8gb*2,1tb nvme pcie ssd gen4x4,"16"" inch 16:10 qhd+, 240hz, 100% dci-p3, ips-level panel",não identificado,gamer,msi_vector16hxaia2xwhg_intelcoreultra7255hx_16gbddr58gb*2
ASUS,ROG Strix G16 G614FR-G4032W,ROG Strix G16 G614FR-G4032W,amd ryzen 9 9955hx,nvidia geforce rtx 5070ti 12gb,"32gb (16gb ddr5-5600 so-dimm, *2)",1tb pcie® 4.0 nvme™ m.2 ssd,16-inch 2.5k wqxga 16:10 aspect ratio refresh rate: 240hz response time (g2g): 3ms viewing angle: 170 panel tech: ips-level brightness: 500nits contrast ratio: 1200:1 dci-p3 %: 100% anti-glare display g-sync pantone validated rog nebula display support do,não identificado,gamer,"asus_rogstrixg16g614fr-g4032w_amdryzen99955hx_32gb(16gbddr5-5600so-dimm,*2)"
Lenovo,LOQ 15IAX9E,LOQ 15IAX9E,intel core i7-12650hx,nvidia geforce rtx 4050 6gb,1x 16gb so-dimm ddr5-4800,512gb ssd m.2 2242 pcie® 4.0x4 nvme®,"15.6"" fhd (1920x1080) ips 300nits anti-glare, 100% srgb, 144hz",não identificado,gamer,lenovo_loq15iax9e_intelcorei7-12650hx_1x16gbso-dimmddr5-4800
ASUS,TUF Gaming F16 FX607VU-RL007W,TUF Gaming F16 FX607VU-RL007W,intel core i7-13620h,nvidia geforce rtx 4050 6gb,16gb ddr5-5600 so-dimm,512gb pcie® 4.0 nvme™ m.2 ssd,"16-inch, fhd+ 16:10 (1920 x 1200, wuxga), value ips-level, anti-glare display, refresh rate:144hz, response time:7ms, g-sync, mux switch + nvidia® advanced optimus",não identificado,gamer,asus_tufgamingf16fx607vu-rl007w_intelcorei7-13620h_16gbddr5-5600so-dimm
ASUS,TUF Gaming F16 FX607VJ-RL165W,TUF Gaming F16 FX607VJ-RL165W,intel core 5 210h,nvidia geforce rtx 3050,16gb ddr4,512gb pcie® 4.0 nvme™ m.2 ssd,"16 fhd+ 16:10 (1920 x 1200, wuxga) 144hz",não identificado,gamer,asus_tufgamingf16fx607vj-rl165w_intelcore5210h_16gbddr4
ASUS,ProArt P16 H7606WP-ME021X,ProArt P16 H7606WP-ME021X,amd ryzen ai 9 hx 370,nvidia geforce rtx 5070 8gb,64gb lpddr5x on board,2tb m.2 nvme pcie 4.0 ssd,"16.0-inch 4k oled 16:10 aspect ratio 0.2ms response time brightness 400nits 100% dci-p3 color gamut contrast ratio 1,000,000 screen-to-body ratio 88% stylus support",não identificado,gamer,asus_proartp16h7606wp-me021x_amdryzenai9hx370_64gblpddr5xonboard
ASUS,Vivobook 16X K3605VC-RP005W,Vivobook 16X K3605VC-RP005W,intel core i5-13420h,nvidia geforce rtx 3050 4gb,16gb 8gb ddr4 on board 8gb ddr4 so-dimm,512gb m.2 nvme™ pcie® 4.0 ssd,"16.0-inch, wuxga 16:10 aspect ratio, ips-level panel, led backlit, 144hz refresh rate, 300nits, 45% ntsc color gamut, anti-glare display, tüv rheinland-certified, (screen-to-body ratio)86%",não identificado,gamer,asus_vivobook16xk3605vc-rp005w_intelcorei5-13420h_16gb8gbddr4onboard8gbddr4so-dimm
HP,Victus 15-FA1095NE,Victus 15-FA1095NE,intel core i5-13420h,nvidia geforce rtx 2050 4gb,8 gb ddr4-3200 mt/s (1 x 8 gb),1 tb pcie® nvme™ ssd,"39.6 cm (15.6"") diagonal, fhd (1920 x 1080), ips, micro-edge, anti-glare, 250 nits, 45% ntsc",não identificado,gamer,hp_victus15-fa1095ne_intelcorei5-13420h_8gbddr4-3200mt/s(1x8gb)
Lenovo,LOQ 15IRX10,LOQ 15IRX10,intel core i7-14700hx,nvidia geforce rtx 5060 8gb,24gb 2x 12gb so-dimm ddr5-4800,512gb ssd m.2 2242 pcie® 4.0x4 nvme®,"15.6"" fhd ips 300nits anti-glare, 100% srgb, 144hz, g-sync®",não identificado,gamer,lenovo_loq15irx10_intelcorei7-14700hx_24gb2x12gbso-dimmddr5-4800
HP,Victus 15-FA1097NE,Victus 15-FA1097NE,intel core i7-13700h,nvidia geforce rtx 4050 6gb,16gb ddr4-3200 mt/s (2 x 8 gb),512 gb pcie® gen4 nvme™ m.2 ssd,"39.6 cm (15.6"") diagonal, fhd (1920 x 1080), 144 hz, 9 ms response time, ips, micro-edge, anti-glare, 250 nits, 45% ntsc",não identificado,gamer,hp_victus15-fa1097ne_intelcorei7-13700h_16gbddr4-3200mt/s(2x8gb)
HP,Victus 16-R0050NIA,Victus 16-R0050NIA,intel core i7-13700h,nvidia geforce rtx 4050 6gb,16 gb ddr5-5200 mt/s (2 x 8 gb),1 tb pcie® gen4 nvme™ m.2 ssd,"40.9 cm (16.1"") diagonal, fhd (1920 x 1080), 144 hz, ips, micro-edge, anti-glare, 250 nits, 45% ntsc",não identificado,gamer,hp_victus16-r0050nia_intelcorei7-13700h_16gbddr5-5200mt/s(2x8gb)
MSI,Sword 16 HX B14VFKG,Sword 16 HX B14VFKG,intel core i7-14650hx,nvidia® geforce rtx™ 4060,16gb ddr5-5600 2*8,512gb nvme pcie ssd gen4x4 w/o dram,"16"" 16:10 fhd+(1920 x 1200), 144hz, ips-level panel",não identificado,gamer,msi_sword16hxb14vfkg_intelcorei7-14650hx_16gbddr5-56002*8
HP,Victus 15-FA1007NE,Victus 15-FA1007NE,intel core i7-13700h,nvidia geforce rtx 3050 6gb,16 gb ddr4-3200 mt/s (2 x 8 gb),512 gb pcie® gen4 nvme™ m.2 ssd,"39.6 cm (15.6"") diagonal, fhd (1920 x 1080), 144 hz, 9 ms response time, ips, micro-edge, anti-glare, 250 nits, 45% ntsc",não identificado,gamer,hp_victus15-fa1007ne_intelcorei7-13700h_16gbddr4-3200mt/s(2x8gb)
HP,Victus16-r1029nia,Victus16-r1029nia,intel® core™ i5-14450hx,nvida geforce rtx 3050,16 gb ddr5-5600 mt/s (2 x 8 gb) transfer rates up to 5600 mt/s. 2 x 8 gb,1 tb pcie® gen4 nvme™ m.2 ssd,não identificado,não identificado,gamer,hp_victus16-r1029nia_intel®core™i5-14450hx_16gbddr5-5600mt/s(2x8gb)transferratesupto5600mt/s.2x8gb
Lenovo,LOQ 15ARP9,LOQ 15ARP9,amd ryzen™ 5 7235hs,nvidia® geforce rtx™ 3050,12gb so-dimm ddr5-4800,512gb ssd m.2 2242 pcie® 4.0x4 nvme®,"15.6"" fhd ips 300nits anti-glare, 100% srgb, 144hz, g-sync®",não identificado,gamer,lenovo_loq15arp9_amdryzen™57235hs_12gbso-dimmddr5-4800
Lenovo,LOQ 15IRX9,LOQ 15IRX9,intel® core™ i7-13650hx,nvidia® geforce rtx™ 3050,24gb 2x 12gb so-dimm ddr5-4800,512gb ssd m.2 2242 pcie® 4.0x4 nvme®,"15.6"" fhd ips 300nits anti-glare, 100% srgb, 144hz, g-sync®",não identificado,gamer,lenovo_loq15irx9_intel®core™i7-13650hx_24gb2x12gbso-dimmddr5-4800
ASUS,ROG Strix G16 G615LR-GR132W,ROG Strix G16 G615LR-GR132W,intel core ultra 9 275hx,nvidia geforce rtx 5070ti 12gb,32gb ddr5-5600 so-dimm,1tb pcie® 4.0 nvme™ m.2 ssd,"16-inch fhd+ 16:10 (1920 x 1200, wuxga) ips-level anti-glare display srgb: 100% refresh rate: 165hz response time: 3ms g-sync mux switch + nvidia® advanced optimus support dolby vision hdr : yes",não identificado,gamer,asus_rogstrixg16g615lr-gr132w_intelcoreultra9275hx_32gbddr5-5600so-dimm
ASUS,ROG Zephyrus G14 GA403WR-WH320W,ROG Zephyrus G14 GA403WR-WH320W,amd ryzen™ ai 9 hx 370,nvidia geforce rtx 5070 ti,32gb,1tb pcie® 4.0 nvme™ m.2 ssd,14-inch 3k oled 16:10 aspect ratio 120hz,não identificado,gamer,asus_rogzephyrusg14ga403wr-wh320w_amdryzen™ai9hx370_32gb
ASUS,ROG Strix SCAR 18 G835LW-AI642W,ROG Strix SCAR 18 G835LW-AI642W,intel core ultra 9 275hx,nvidia geforce rtx 5080 16gb,64gb,2tb pcie® 4.0 nvme™ m.2 performance ssd,"rog nebula hdr display 18-inch 2.5k (2560 x 1600, wqxga) 16:10 aspect ratio mini led anti-glare display dci-p3: 100% refresh rate: 240hz g-sync pantone validated mux switch + nvidia® advanced optimus support dolby vision hdr : yes",não identificado,gamer,asus_rogstrixscar18g835lw-ai642w_intelcoreultra9275hx_64gb
ASUS,ROG Zephyrus G14 GA403WR-GR320W,ROG Zephyrus G14 GA403WR-GR320W,amd ryzen™ ai 9 hx 370,nvidia geforce rtx 5070 ti,32gb,1tb pcie® 4.0 nvme™ m.2 ssd,14-inch 3k oled 16:10 aspect ratio 120hz,não identificado,gamer,asus_rogzephyrusg14ga403wr-gr320w_amdryzen™ai9hx370_32gb
ASUS,ROG Zephyrus G16 GU605CW-WH164W,ROG Zephyrus G16 GU605CW-WH164W,intel core ultra 9 285h,nvidia geforce rtx 5080 16gb,64gb lpddr5x on board,2tb pcie® 4.0 nvme™ m.2 ssd,"rog nebula display 16-inch 2.5k (2560 x 1600, wqxga) oled 16:10 aspect ratio oled glossy display dci-p3: 100% refresh rate: 240hz g-sync pantone validated mux switch + nvidia® advanced optimus support dolby vision hdr : yes",não identificado,gamer,asus_rogzephyrusg16gu605cw-wh164w_intelcoreultra9285h_64gblpddr5xonboard
Lenovo,LOQ 15IAX9,LOQ 15IAX9,intel core i5-12600hx,nvidia geforce rtx 3050,12gb so-dimm ddr5-4800,512gb ssd m.2 2242 pcie® 4.0x4 nvme®,"15.6"" fhd ips 300nits anti-glare, 100% srgb, 144hz, g-sync®",não identificado,gamer,lenovo_loq15iax9_intelcorei5-12600hx_12gbso-dimmddr5-4800
MSI,Vector 16 HX A13VHG,Vector 16 HX A13VHG,intel core i9-13980hx,nvidia geforce rtx 4080 12gb,16gb ram,1tb ssd,"16"" fhd+(1920 x 1200), 144hz, ips-level",não identificado,gamer,msi_vector16hxa13vhg_intelcorei9-13980hx_16gbram
HP,Victus 16-R0328TX,Victus 16-R0328TX,intel core i7-13700hx,nvidia® geforce rtx™ 4060 8gb,16 gb ddr5-4800 mt/s (2 x 8 gb),512 gb pcie® gen4 nvme™ m.2 ssd,"40.9 cm (16.1"") diagonal, fhd, 144 hz, ips, micro-edge, anti-glare, 250 nits, 45% ntsc",não identificado,gamer,hp_victus16-r0328tx_intelcorei7-13700hx_16gbddr5-4800mt/s(2x8gb)
Dell,G15 5530,G15 5530,intel core i9-13900hx,nvidia geforce rtx 4060 8gb,"32gb ddr5, 2x16gb, 4800mt/s","1tb, m.2, pcie nvme, ssd","15.6"" fhd 165hz, 3ms, srgb-100%, comfortviewplus ,nvidia g-sync+dds display",não identificado,gamer,"dell_g155530_intelcorei9-13900hx_32gbddr5,2x16gb,4800mt/s"
HP,Victus 16-R0049NIA,Victus 16-R0049NIA,intel core i7-13700h,nvidia geforce rtx 4050 6gb,16 gb ddr5-5200 mt/s (2 x 8 gb),1 tb pcie® gen4 nvme™ m.2 ssd,"40.9 cm (16.1"") diagonal, fhd, 144 hz, ips, micro-edge, anti-glare, 250 nits, 45% ntsc",não identificado,gamer,hp_victus16-r0049nia_intelcorei7-13700h_16gbddr5-5200mt/s(2x8gb)
HP,Victus 16-R0022NE,Victus 16-R0022NE,intel core i5-13500h,nvidia geforce rtx 4050 6gb,16 gb ddr5-5200 mt/s (2 x 8,512 gb pcie® gen4 nvme™ m.2 ssd,"40.9 cm (16.1"") diagonal, fhd, 144 hz, ips, micro-edge, anti-glare, 250 nits, 45% nts",não identificado,gamer,hp_victus16-r0022ne_intelcorei5-13500h_16gbddr5-5200mt/s(2x8
HP,Victus 15-FA1006NE,Victus 15-FA1006NE,intel core i7-13700h,nvidia geforce rtx 3050 6gb,16 gb ddr4-3200 mt/s (2 x 8 gb),512 gb pcie® gen4 nvme™ m.2 ssd,"39.6 cm (15.6"") diagonal, fhd (1920 x 1080), 144 hz, 9 ms response time, ips, micro-edge, anti-glare, 250 nits, 45% ntsc",não identificado,gamer,hp_victus15-fa1006ne_intelcorei7-13700h_16gbddr4-3200mt/s(2x8gb)
Lenovo,Legion 5 15ITH6H,Legion 5 15ITH6H,intel core i7-11800h,nvidia geforce rtx 3070 8gb,16gb 2x 8gb so-dimm ddr4-3200,1tb ssd m.2 2280 pcie® 4.0x4 nvme®,"15.6"" fhd ips 300nits anti-glare, 100% srgb, 165hz, dolby vision®, g-sync®",não identificado,gamer,lenovo_legion515ith6h_intelcorei7-11800h_16gb2x8gbso-dimmddr4-3200
Lenovo,Legion Pro 5 16IRX8,Legion Pro 5 16IRX8,intel core i9-13900hx,nvidia geforce rtx 4050 6gb,16gb 2x 8gb so-dimm ddr5-5600,512gb ssd m.2 2280 pcie® 4.0x4 nvme®,"16"" wqxga ips 300nits anti-glare, 100% srgb, 165hz, dolby vision®, g-sync®, low blue light",não identificado,gamer,lenovo_legionpro516irx8_intelcorei9-13900hx_16gb2x8gbso-dimmddr5-5600
Lenovo,IdeaPad Pro 5 16IMH9,IdeaPad Pro 5 16IMH9,intel core ultra 7 155h,nvidia geforce rtx 3050 6gb,16gb soldered lpddr5x-7467,512gb ssd m.2 2242 pcie® 4.0x4 nvme®,"16"" 2k (2048x1280) oled 400nits glossy, 100% dci-p3, 120hz, eyesafe®, displayhdr™ true black 500",não identificado,gamer,lenovo_ideapadpro516imh9_intelcoreultra7155h_16gbsolderedlpddr5x-7467
Lenovo,Legion 5 15ACH6A,Legion 5 15ACH6A,amd ryzen 7 5800h,amd radeon rx 6600m 8gb,16gb 2x 8gb so-dimm ddr4-3200,1tb ssd m.2 2280 pcie® 3.0x4 nvme®,"15.6"" fhd ips 300nits anti-glare, 100% srgb, 165hz, dolby vision®, freesync™",não identificado,gamer,lenovo_legion515ach6a_amdryzen75800h_16gb2x8gbso-dimmddr4-3200
ASUS,TUF Gaming F16 FX607VU-RL165W,TUF Gaming F16 FX607VU-RL165W,intel core 5 210h,nvidia geforce rtx 4050 6gb,16gb ram,512gb pcie® 4.0 nvme™ m.2 ssd,"16-inch, fhd+ 16:10 (1920 x 1200, wuxga), value ips-level, anti-glare display, refresh rate:144hz, response time:7ms, g-sync, mux switch + nvidia® advanced optimus",não identificado,gamer,asus_tufgamingf16fx607vu-rl165w_intelcore5210h_16gbram
ASUS,TUF Gaming F15 FX507ZI4-LP34W,TUF Gaming F15 FX507ZI4-LP34W,intel core i7-12700h,nvidia geforce rtx 4070 8gb,16gb ddr4-3200 so-dimm,512gb ssd,"15.6-inch, fhd ips-level, anti-glare refresh rate: 144hz g-sync support, mux switch, nvidia® advanced optimus",não identificado,gamer,asus_tufgamingf15fx507zi4-lp34w_intelcorei7-12700h_16gbddr4-3200so-dimm
Lenovo,Legion 5 16IRX9,Legion 5 16IRX9,intel core i9-14900hx,nvidia geforce rtx 4060 8gb,32gb 2x 16gb so-dimm ddr5-5600,1tb ssd m.2 2280 pcie® 4.0x4 nvme®,"16"" wqxga ips 350nits anti-glare, 100% srgb, 165hz, dolby vision®, g-sync®, low blue light",não identificado,gamer,lenovo_legion516irx9_intelcorei9-14900hx_32gb2x16gbso-dimmddr5-5600
MSI,Thin A15 B7UC,Thin A15 B7UC,amd ryzen 7 7735hs,nvidia® geforce rtx™ 3050 4gb,16gb ddr5 8gb*2,512gb nvme pcie ssd,"15.6"" fhd (1920x1080), 144hz, ips-level",não identificado,gamer,msi_thina15b7uc_amdryzen77735hs_16gbddr58gb*2
MSI,Thin 15 A B7VE,Thin 15 A B7VE,amd ryzen 7 7735hs,nvidia geforce rtx 4050 6gb,16gb ddr5 8gb*2,512gb nvme pcie ssd,"15.6"" fhd (1920x1080), 144hz, ips-level",não identificado,gamer,msi_thin15ab7ve_amdryzen77735hs_16gbddr58gb*2
MSI,Thin 15 B12UCX,Thin 15 B12UCX,intel core i5-12450h,nvidia® geforce rtx™ 2050,8gb ddr4-3200,512gb ssd slot (nvme pcie gen4,"15.6"" fhd , 144hz, ips-level",não identificado,gamer,msi_thin15b12ucx_intelcorei5-12450h_8gbddr4-3200
MSI,Thin 15 B13VE,Thin 15 B13VE,intel® core™ i7-13620h,nvidia® geforce rtx™ 4050,16gb ddr4-3200,512gb ssd slot (nvme pcie gen4),"15.6"" full hd , 144 hz refresh rate, ips-level panel",não identificado,gamer,msi_thin15b13ve_intel®core™i7-13620h_16gbddr4-3200
HP,16-r0042ne,16-r0042ne,intel® core™ i7-13700h,nvidia® geforce rtx™ 4060,16 gb ddr5-5200 mt/s (2 x 8 gb)  (transfer rates up to 5200 mt/s.),1 tb pcie® gen4 nvme™ m.2 ssd,"40.9 cm (16.1"") diagonal, fhd (1920 x 1080), 144 hz, ips, micro-edge, anti-glare, 250 nits, 45% ntsc",não identificado,gamer,hp_16-r0042ne_intel®core™i7-13700h_16gbddr5-5200mt/s(2x8gb)(transferratesupto5200mt/s.)
HP,OMEN 16-AE0073CL,OMEN 16-AE0073CL,intel core i7-14650hx,nvidia geforce rtx 4060 8gb,32 gb ddr5-5600 mhz ram (2 x 16 gb),1 tb pcie® nvme™ m.2 ssd,"16.1"" diagonal fhd ips 144hz display",não identificado,gamer,hp_omen16-ae0073cl_intelcorei7-14650hx_32gbddr5-5600mhzram(2x16gb)
ASUS,ROG Zephyrus G16 GA605WI-QR050W,ROG Zephyrus G16 GA605WI-QR050W,amd ryzen ai 9 hx 370,nvidia® geforce rtx™ 4070 8gb,32gb 16gb*2 lpddr5x on board,1tb pcie® 4.0 nvme™ m.2 ssd,"rog nebula display 16-inch 2.5k (2560 x 1600, wqxga) 16:10 aspect ratio oled glossy display dci-p3: 100% refresh rate: 240hz response time: 0.2ms g-sync pantone validated mux switch + nvidia® advanced optimus support dolby vision hdr : yes",não identificado,gamer,asus_rogzephyrusg16ga605wi-qr050w_amdryzenai9hx370_32gb16gb*2lpddr5xonboard
ASUS,ProArt P16 H7606WI-ME058W,ProArt P16 H7606WI-ME058W,amd ryzen ai 9 hx 370,nvidia® geforce rtx™ 4070,64gb lpddr5x on board,2tb m.2 nvme™ pcie® 4.0 ssd,"16.0-inch, 4k oled 16:10 aspect ratio, touch screen, 0.2ms response time, 60hz refresh rate, 400nits, 500nits hdr peak brightness, 100% dci-p3 color gamut, 1,000,000:1, vesa certified display hdr true black 500, 1.07 billion colors, pantone validated,",não identificado,gamer,asus_proartp16h7606wi-me058w_amdryzenai9hx370_64gblpddr5xonboard
ASUS,TUF Gaming A14 FA401WU-RG037W,TUF Gaming A14 FA401WU-RG037W,amd ryzen ai 9 hx 370,nvidia geforce rtx 4050 6gb,16gb 8gb*2 lpddr5x 7500 on board,1tb pcie® 4.0 nvme™ m.2 ssd,"14-inch, 2.5k (2560 x 1600, wqxga) 16:10 aspect ratio, ips-level, anti-glare display, srgb:100.00%, refresh rate:165hz, g-sync, mux switch + nvidia® advanced optimus",não identificado,gamer,asus_tufgaminga14fa401wu-rg037w_amdryzenai9hx370_16gb8gb*2lpddr5x7500onboard
Lenovo,Legion 5 16IRX9,Legion 5 16IRX9,intel core i7-14650hx,nvidia geforce rtx 4060 8gb,16gb 2x 8gb so-dimm ddr5-5600,1tb ssd m.2 2280 pcie® 4.0x4 nvme®,"16"" wqxga ips 350nits anti-glare, 100% srgb, 165hz, dolby vision®, g-sync®, low blue light",não identificado,gamer,lenovo_legion516irx9_intelcorei7-14650hx_16gb2x8gbso-dimmddr5-5600
Lenovo,LOQ 15IRX9,LOQ 15IRX9,intel core i7-13650hx,nvidia geforce rtx 4060 8gb,24gb 2x 12gb so-dimm ddr5-4800,512gb ssd m.2 2242 pcie® 4.0x4 nvme®,"15.6"" fhd ips 300nits anti-glare, 100% srgb, 144hz, g-sync®",não identificado,gamer,lenovo_loq15irx9_intelcorei7-13650hx_24gb2x12gbso-dimmddr5-4800
Lenovo,Legion Pro 5 16IRX9,Legion Pro 5 16IRX9,intel® core™ i7-14700hx,nvidia® geforce rtx™ 4070 8gb gddr6,1x 16gb so-dimm ddr5-5600,1tb ssd m.2 2280 pcie® 4.0x4 nvme®,"16"" wqxga ips 300nits anti-glare, 100% srgb, 165hz, dolby vision®, g-sync®, low blue light, high gaming performance",não identificado,gamer,lenovo_legionpro516irx9_intel®core™i7-14700hx_1x16gbso-dimmddr5-5600
Lenovo,83LK0070ED,83LK0070ED,intel® core™ i5-12450hx,nvidia geforce rtx 3050,16gb so-dimm ddr5-4800,512gb ssd m.2 2242 pcie® 4.0x4 nvme®,"15.6"" fhd ips 300nits anti-glare, 100% srgb, 144hz",não identificado,gamer,lenovo_83lk0070ed_intel®core™i5-12450hx_16gbso-dimmddr5-4800
Lenovo,IdeaPad Pro 5 16IMH9,IdeaPad Pro 5 16IMH9,intel core ultra 9 185h,nvidia® geforce rtx™ 4050,32gb soldered lpddr5x-7467,1tb ssd m.2 2242 pcie® 4.0x4 nvme®,"16"" 2k oled 400nits glossy, 100% dci-p3, 120hz, eyesafe®, displayhdr™ true black 500, glass, touch",não identificado,gamer,lenovo_ideapadpro516imh9_intelcoreultra9185h_32gbsolderedlpddr5x-7467
Lenovo,Legion 5 16IRX9,Legion 5 16IRX9,intel® core™ i7-13650hx,nvidia geforce rtx 4060,2x 8gb so-dimm ddr5-4800,1tb ssd m.2 2242 pcie® 4.0x4 nvme®,"16"" wqxga ips 350nits anti-glare, 100% srgb, 165hz, dolby vision®, g-sync®, low blue light",não identificado,gamer,lenovo_legion516irx9_intel®core™i7-13650hx_2x8gbso-dimmddr5-4800
HP,Victus 15-FA1002NE,Victus 15-FA1002NE,intel core i7-13700h,nvidia® geforce rtx™ 4050 6gb,16 gb ddr4-3200 mt/s (2 x 8 gb),1 tb pcie® nvme™ ssd,"39.6 cm (15.6"") diagonal, fhd, 144 hz, 9 ms response time, ips, micro-edge, anti-glare, 250 nits, 45% ntsc",não identificado,gamer,hp_victus15-fa1002ne_intelcorei7-13700h_16gbddr4-3200mt/s(2x8gb)
HP,Victus 15-fa1041ne,Victus 15-fa1041ne,intel core i5-13500h,nvidia® geforce rtx™ 3050,16gb ram,512 gb pcie® gen4 nvme™ m.2 ssd,"15.6"" diagonal, fhd , 144 hz, 9 ms response time, ips, micro-edge, anti-glare, 250 nits, 45% ntsc 3",não identificado,gamer,hp_victus15-fa1041ne_intelcorei5-13500h_16gbram
Lenovo,Legion Pro 5 16IRX9,Legion Pro 5 16IRX9,intel core i7-14650hx,nvidia® geforce rtx™ 4060 8gb,1x 16gb so-dimm ddr5-5600,1tb ssd m.2 2280 pcie® 4.0x4 nvme®,"16"" wqxga ips 500nits anti-glare, 100% dci-p3, 240hz, displayhdr™ 400, dolby vision®, g-sync®, low blue light, high gaming performance",não identificado,gamer,lenovo_legionpro516irx9_intelcorei7-14650hx_1x16gbso-dimmddr5-5600
HP,Victus 15-FA1039NE,Victus 15-FA1039NE,intel core i7-13700h,nvidia® geforce rtx™ 3050 6gb,16gb ram,512 gb pcie® gen4 nvme™ m.2 ssd,"39.6 cm (15.6"") diagonal, fhd, 144 hz, 9 ms response time, ips, micro-edge, anti-glare, 250 nits, 45% ntsc",não identificado,gamer,hp_victus15-fa1039ne_intelcorei7-13700h_16gbram
Lenovo,LOQ 15ARP9,LOQ 15ARP9,amd ryzen 7 7435hs,nvidia® geforce rtx™ 4070 8gb,16gb 2x 8gb so-dimm ddr5-4800,512gb ssd m.2 2242 pcie® 4.0x4 nvme®,"15.6"" fhd ips 300nits anti-glare, 100% srgb, 144hz, g-sync®",não identificado,gamer,lenovo_loq15arp9_amdryzen77435hs_16gb2x8gbso-dimmddr5-4800
MSI,Sword 17 HX B14VGKG,Sword 17 HX B14VGKG,intel core i7-14650hx,nvidia geforce rtx 4070 8gb,16gb ddr5 8gb*2,1tb nvme pcie ssd gen4x4,"17"" 16:10 qhd+(2560 x 1600), 240hz, 100% dci-p3, ips-level panel",não identificado,gamer,msi_sword17hxb14vgkg_intelcorei7-14650hx_16gbddr58gb*2
MSI,Katana 15 B13VFK,Katana 15 B13VFK,intel core i9-13900h,nvidia geforce rtx 4060 8gb,32gb 16gb ddr5 x 2,1tb nvme pcie ssd gen4x4,"15.6"" qhd (2560*1440), 165hz dci-p3 100% typical",não identificado,gamer,msi_katana15b13vfk_intelcorei9-13900h_32gb16gbddr5x2
MSI,CYBORG 15 A13UDX,CYBORG 15 A13UDX,i5-13420h,nvidia® geforce rtx™ 3050,16gb - ddr5,512gb 1x m.2 ssd slot,"15.6"" fhd (1920x1080), 144hz, ips-level",não identificado,gamer,msi_cyborg15a13udx_i5-13420h_16gb-ddr5
MSI,Sword 16 HX B13VFKG,Sword 16 HX B13VFKG,intel core i7 -13700hx,nvidia geforce rtx 4060,16gb  2*8 ddr5,512gb nvme pcie ssd gen4x4 w/o dram,"16"" 16:10 fhd+(1920 x 1200), 144hz, ips-level panel",não identificado,gamer,msi_sword16hxb13vfkg_intelcorei7-13700hx_16gb2*8ddr5
MSI,Vector 16 HX A14VHG,Vector 16 HX A14VHG,intel® core™ i9-14900hx,nvidia geforce rtx 4080,32gb,1tb ssd nvme pcie gen4x4,"16"" 16:10 qhd+, 240hz, 100% dci-p3, ips-level panel",não identificado,gamer,msi_vector16hxa14vhg_intel®core™i9-14900hx_32gb
MSI,Thin 15 B13UCX,Thin 15 B13UCX,intel core i7-13620h,nvidia® geforce rtx™ 2050 laptop gpu,16gb,512gb nvme pcie ssd gen4x4,"15.6"" fhd, 144hz 45%ntsc ips-level",não identificado,gamer,msi_thin15b13ucx_intelcorei7-13620h_16gb
MSI,Pulse 17 AI C1VGKG,Pulse 17 AI C1VGKG,up to intel® core™ ultra 9,nvidia® geforce rtx™ 4070 laptop gpu 8gb gddr6,16gb 2*8 ddr5,1tb nvme pcie ssd gen4x4,"17” qhd+ (2560x1600), 240hz, ips-level",não identificado,gamer,msi_pulse17aic1vgkg_uptointel®core™ultra9_16gb2*8ddr5
MSI,Raider 18 HX A14VIG,Raider 18 HX A14VIG,intel core i9-14900hx,nvidia® geforce rtx™ 4090,32gb 16gb x2 ddr5,2tb nvme pcie gen4x4 ssd,"18""qhd+, 240hz, 100% dci-p3(typ.), ips-level panel",não identificado,gamer,msi_raider18hxa14vig_intelcorei9-14900hx_32gb16gbx2ddr5
HP,​HP Victus 15-FA1038NE,​HP Victus 15-FA1038NE,intel® core™ i7-13700h,nvidia® geforce rtx™ 3050,16gb ram,512 gb pcie® gen4 nvme™ m.2 ssd,"15.6"" diagonal, fhd, 144 hz, 9 ms response time, ips, micro-edge, anti-glare, 250 nits, 45% ntsc",não identificado,gamer,hp_​hpvictus15-fa1038ne_intel®core™i7-13700h_16gbram
HP,Victus 15-FB1004NE,Victus 15-FB1004NE,amd ryzen™ 5 7535hs,nvidia® geforce rtx™ 2050,16 gb ddr5-4800 mt/s,512gb pcie® gen4 nvme™ m.2 ssd,"15.6"" diagonal, fhd, 144 hz, ips, micro-edge, anti-glare, 250 nits, 45% ntsc",não identificado,gamer,hp_victus15-fb1004ne_amdryzen™57535hs_16gbddr5-4800mt/s
Dell,Inspiron 16 Plus 7630,Inspiron 16 Plus 7630,intel® core™ i7-13620h,nvidia® geforce rtx™ 4050,"16 gb lpddr5, 4800 mt/s (onboard)","2 tb, m.2 pcie nvme ssd","16"" inch 2.5k , 120hz",não identificado,gamer,"dell_inspiron16plus7630_intel®core™i7-13620h_16gblpddr5,4800mt/s(onboard)"
ASUS,Vivobook 16X K3605VV-N1116W,Vivobook 16X K3605VV-N1116W,intel® core™ i7-13700h,nvidia® geforce rtx™ 4060,ddr4 16gb,512gb ssd,16'' ​inch wuxga 120hz,não identificado,gamer,asus_vivobook16xk3605vv-n1116w_intel®core™i7-13700h_ddr416gb
ASUS,TUF Gaming A15 FA507NVR-LP007W,TUF Gaming A15 FA507NVR-LP007W,amd rayzen 7 7435hs,nvidia geforce rtx 4060 8gb,16gb ddr5-4800 so-dimm,512gb pcie® 4.0 nvme™ m.2 ssd,15.6-inch  resolution: fhd (1920 x 1080) 16:9  refresh rate: 144hz  viewing angle: 170  panel tech: value ips-level  brightness: 250nits  contrast ratio: 1000:1  ntsc %:72%   srgb %:100%   adobe %:75.35%  glare:anti-glare display  g-sync technology,não identificado,gamer,asus_tufgaminga15fa507nvr-lp007w_amdrayzen77435hs_16gbddr5-4800so-dimm
ASUS,TUF Gaming F15 FX507VU-LP163W,TUF Gaming F15 FX507VU-LP163W,intel core i7-13620h,nvidia geforce rtx 4050 6gb,"16gb 8gb ddr5-4800 so-dimm x 2,",512gb pcie® 4.0 nvme™ m.2 ssd,"15.6-inch, fhd (1920 x 1080) 16:9, value ips-level, anti-glare display, srgb:100%, adobe:75.35%, refresh rate:144hz, g-sync, mux switch + nvidia® advanced optimus",não identificado,gamer,"asus_tufgamingf15fx507vu-lp163w_intelcorei7-13620h_16gb8gbddr5-4800so-dimmx2,"
ASUS,TUF Gaming F15 FX507VV-LP156W,TUF Gaming F15 FX507VV-LP156W,intel core i7-13620h,nvidia geforce rtx 4060 8gb,16gb (8gb ddr5-4800 so-dimm *2),1tb pcie® 4.0 nvme™ m.2 ssd,"15.6-inch fhd (1920 x 1080) 16:9  refresh rate: 144hz  value ips-level  brightness: 250  1000:1  srgb: 100%, adobe: 75.35%  anti-glare display  g-sync  mux switch + nvidia® advanced optimus",não identificado,gamer,asus_tufgamingf15fx507vv-lp156w_intelcorei7-13620h_16gb(8gbddr5-4800so-dimm*2)
HP,Omen 16-WF0083,Omen 16-WF0083,intel® core™ i9-13900hx,nvidia® geforce rtx™ 4060,16 gb ddr5-5600 mt/s,1 tb pcie® gen4 nvme™ tlc m.2 ssd,"16.1"" diagonal fhd display 165hz",não identificado,gamer,hp_omen16-wf0083_intel®core™i9-13900hx_16gbddr5-5600mt/s
ASUS,TUF Gaming F15 FX507VV-LP314,TUF Gaming F15 FX507VV-LP314,intel core i7-13620h,nvidia geforce rtx 4060 8gb,16gb 8gb ddr5-4800 so-dimm x 2,512gb ssd,"15.6-inch, fhd (1920 x 1080) 16:9, value ips-level, anti-glare display, srgb:100%, adobe:75.35%, refresh rate:144hz, g-sync, mux switch + nvidia® advanced optimus",não identificado,gamer,asus_tufgamingf15fx507vv-lp314_intelcorei7-13620h_16gb8gbddr5-4800so-dimmx2
MSI,Katana 15 B13VGK-484,Katana 15 B13VGK-484,intel® core™ i7-13620h,nvidia® geforce rtx™ 4070 laptop gpu,16gb,1tb nvme ssd gen4x4,"15.6"" fhd, ips-level 144hz 45%ntsc",não identificado,gamer,msi_katana15b13vgk-484_intel®core™i7-13620h_16gb
MSI,Katana 15 B13VFK-817,Katana 15 B13VFK-817,intel® core™ i7-13620h,nvidia® geforce rtx™ 4060 laptop gpu,16gb,1tb nvme ssd gen4x4,"15.6"" fhd, ips-level 144hz 45%ntsc",não identificado,gamer,msi_katana15b13vfk-817_intel®core™i7-13620h_16gb
Lenovo,Legion 5 16IRX9,Legion 5 16IRX9,intel core i7-14650hx,nvidia® geforce rtx™ 4060 8gb,1x 16gb so-dimm ddr5-5600,512gb ssd m.2 2242 pcie® 4.0x4 nvme®,"16"" wqxga (2560x1600) ips 350nits anti-glare, 100% srgb, 165hz, dolby vision®, g-sync®, low blue light",não identificado,gamer,lenovo_legion516irx9_intelcorei7-14650hx_1x16gbso-dimmddr5-5600
MSI,Raider GE68 HX 14VGG,Raider GE68 HX 14VGG,intel® core™ i9-14900hx,nvidia® geforce rtx™ 4070 laptop gpu,32gb,1tb nvme ssd gen4x4,"16"" fhd+, ips-level 144hz 45% ntsc",não identificado,gamer,msi_raiderge68hx14vgg_intel®core™i9-14900hx_32gb
Dell,Alienware m16 R2,Alienware m16 R2,intel core ultra 9 185h,nvidia® geforce rtx™ 4070,32gb 16gb*2 ddr5,"1 tb, m.2, pcie nvme, ssd","16"", qhd+ 2560x1600, 240hz, 100% srgb, 3ms, advanced optimus, comfortview plus, nvidia g-sync",não identificado,gamer,dell_alienwarem16r2_intelcoreultra9185h_32gb16gb*2ddr5
ASUS,TUF Gaming F15 FX507VI-LP066W,TUF Gaming F15 FX507VI-LP066W,intel core i7-13620h,nvidia geforce rtx 4070 8gb,16gb 8gb ddr5-4800 so-dimm *2,1tb pcie 4.0 nvme m.2 ssd,15.6-inch resolution: fhd (1920 x 1080)16:9 refresh rate:144hz viewing angle:85/85/85/85 panel tech:value ips-level brightness:250nits contrast ratio:1000:1 ntsc %:72%  srgb %:100%  adobe %:75.35% glare:anti-glare display  g-sync technology,não identificado,gamer,asus_tufgamingf15fx507vi-lp066w_intelcorei7-13620h_16gb8gbddr5-4800so-dimm*2
Lenovo,Legion Pro 5 16IRX8,Legion Pro 5 16IRX8,intel core i7-13700hx,nvidia geforce rtx 4070 8gb,16gb 2x 8gb so-dimm ddr5-4800,1tb ssd m.2 2280 pcie® 4.0x4 nvme®,"16"" wqxga (2560x1600) ips 300nits anti-glare, 100% srgb, 165hz, dolby vision®, g-sync®, low blue light",não identificado,gamer,lenovo_legionpro516irx8_intelcorei7-13700hx_16gb2x8gbso-dimmddr5-4800
HP,Victus 15-fa1096ne,Victus 15-fa1096ne,intel® core™ i7-13700h,nvidia® geforce rtx™ 4050,16 gb ddr4-3200 mt/s,512 gb pcie® gen4 nvme™ m.2 ssd,"15.6"" diagonal, fhd (1920 x 1080), 144 hz, 9 ms response time, ips, micro-edge, anti-glare, 250 nits, 45% ntsc",não identificado,gamer,hp_victus15-fa1096ne_intel®core™i7-13700h_16gbddr4-3200mt/s
HP,Victus 15-fa1041ne,Victus 15-fa1041ne,intel® core™ i5-13500h,nvidia® geforce rtx™ 3050,8 gb ddr4-3200 mt/s,512 gb pcie® gen4 nvme™ m.2 ssd,"15.6"" diagonal, fhd , 144 hz, 9 ms response time, ips, micro-edge, anti-glare, 250 nits, 45% ntsc 3",não identificado,gamer,hp_victus15-fa1041ne_intel®core™i5-13500h_8gbddr4-3200mt/s
Lenovo,IdeaPad Gaming 3 15ACH6,IdeaPad Gaming 3 15ACH6,amd ryzen™ 5 5500h,nvidia® geforce rtx™ 2050,8gb so-dimm ddr4-3200,512gb ssd m.2 2242 pcie® 4.0x4 nvme®,"15.6"" fhd ips 300nits anti-glare, 45% ntsc, 144hz",não identificado,gamer,lenovo_ideapadgaming315ach6_amdryzen™55500h_8gbso-dimmddr4-3200
Lenovo,Lenovo LOQ 15IRX9,Lenovo LOQ 15IRX9,intel® core™ i5-13450hx,nvidia® geforce rtx™,16gb so-dimm ddr5-4800,512gb ssd m.2 2242 pcie® 4.0x4 nvme®,"15.6"" fhd ips 300nits anti-glare, 100% srgb, 144hz, g-sync®",não identificado,gamer,lenovo_lenovoloq15irx9_intel®core™i5-13450hx_16gbso-dimmddr5-4800
Lenovo,Legion 7 16IRX9,Legion 7 16IRX9,intel® core™ i9-14900hx,nvidia® geforce rtx™ 4070,16gb so-dimm ddr5-5600,1tb ssd m.2 2280 pcie® 4.0x4 nvme®,"16"" wqxga ips 500nits anti-glare, 100% srgb, 240hz, displayhdr™ 400, dolby vision®",não identificado,gamer,lenovo_legion716irx9_intel®core™i9-14900hx_16gbso-dimmddr5-5600
Dell,Alienware m16 R2,Alienware m16 R2,intel® core™ ultra 7 155h,nvidia® geforce rtx™ 4070,"16gb, 2x8gb, ddr5",1tb ssd,"16"", qhd+, 240hz, non-touch, 100% srgb, 3ms, advanced optimus, cv plus, nvidia g-sync",não identificado,gamer,"dell_alienwarem16r2_intel®core™ultra7155h_16gb,2x8gb,ddr5"
Lenovo,Legion 5 16IRX9,Legion 5 16IRX9,intel® core™ i9-14900hx,nvidia® geforce rtx™ 4070,16gb so-dimm ddr5-5600,1tb ssd m.2 2280 pcie® 4.0x4 nvme®,"16"" wqxga ips 350nits anti-glare, 100% srgb, 165hz, dolby vision®, g-sync®,",não identificado,gamer,lenovo_legion516irx9_intel®core™i9-14900hx_16gbso-dimmddr5-5600
MSI,Thin 15 B12VE,Thin 15 B12VE,intel core i5-12450h,nvidia® geforce rtx™ 4050,8gb ram ddr4-3200,512gb ssd,"15.6"" fhd (1920x1080), 144hz, ips-level",não identificado,gamer,msi_thin15b12ve_intelcorei5-12450h_8gbramddr4-3200
Lenovo,Legion 5 16IRX9,Legion 5 16IRX9,intel core i7-14650hx,nvidia® geforce rtx™ 4060,16gb so-dimm ddr5-5600,1tb ssd m.2 2280 pcie® 4.0x4 nvme®,"16"" wqxga ips 500nits anti-glare, 100% srgb, 240hz, displayhdr™ 400, dolby vision®, g-sync®",não identificado,gamer,lenovo_legion516irx9_intelcorei7-14650hx_16gbso-dimmddr5-5600
Lenovo,Legion 5 15ARP8,Legion 5 15ARP8,amd ryzen™ 7 7735hs,nvidia® geforce rtx™ 4060,16gb so-dimm ddr5,1tb ssd m.2 2242 pcie® 4.0x4 nvme®,"15.6"" wqhd ips 350nits anti-glare, 100% srgb, 165hz, dolby vision®, freesync™, g-sync®",não identificado,gamer,lenovo_legion515arp8_amdryzen™77735hs_16gbso-dimmddr5
Lenovo,Legion Pro 7 16IRX9H,Legion Pro 7 16IRX9H,intel core i9-14900hx,nvidia® geforce rtx™ 4090 16gb,32gb 2x 16gb so-dimm ddr5-5600,1tb ssd m.2 2280 pcie® 4.0x4 nvme®,"16"" wqxga ips 500nits anti-glare, 100% dci-p3, 240hz, displayhdr™ 400, dolby vision®, g-sync®, low blue light, high gaming performance",não identificado,gamer,lenovo_legionpro716irx9h_intelcorei9-14900hx_32gb2x16gbso-dimmddr5-5600
HP,Victus 16-R1052NE,Victus 16-R1052NE,intel core i7-14700hx,nvidia® geforce rtx™ 4070 8gb,16 gb ddr5-5600 mt/s (2 x 8 gb),1 tb pcie® gen4 nvme™ m.2 ssd,"40.9 cm (16.1"") diagonal, fhd, 144 hz, ips, micro-edge, anti-glare, 300 nits, 62.5% srgb",não identificado,gamer,hp_victus16-r1052ne_intelcorei7-14700hx_16gbddr5-5600mt/s(2x8gb)
HP,Victus 16-R0043NE,Victus 16-R0043NE,intel core i7-13700h,nvidia® geforce rtx™ 4060 8gb,16 gb ddr5-5200 mt/s (2 x 8 gb),1 tb pcie® gen4 nvme™ m.2 ssd,"40.9 cm (16.1"") diagonal, fhd, 144 hz, ips, micro-edge, anti-glare, 250 nits, 45% ntsc",não identificado,gamer,hp_victus16-r0043ne_intelcorei7-13700h_16gbddr5-5200mt/s(2x8gb)
ASUS,ROG Strix G16 G614JV-N3487W,ROG Strix G16 G614JV-N3487W,intel core i7-13650hx,nvidia geforce rtx 4060 8gb,16gb ddr5-4800 so-dimm,1tb pcie® 4.0 nvme™ m.2 ssd,"16-inch fhd+ 16:10 (1920 x 1200, wuxga) ips-level anti-glare display srgb: 100% refresh rate: 165hz response time: 7ms g-sync mux switch + nvidia® advanced optimus support dolby vision hdr : yes",não identificado,gamer,asus_rogstrixg16g614jv-n3487w_intelcorei7-13650hx_16gbddr5-4800so-dimm
ASUS,TUF Gaming A15 FA506NCR-HN007W,TUF Gaming A15 FA506NCR-HN007W,amd ryzen 7 7435hs,nvidia geforce rtx 3050 4gb,8gb ddr5-5600 so-dimm,512gb pcie 4.0 nvme m.2 ssd,15.6-inch fhd (1920 x 1080) 16:9 144hz value ips-level ntsc 45% srgb 62.5% adobe 7.34%,não identificado,gamer,asus_tufgaminga15fa506ncr-hn007w_amdryzen77435hs_8gbddr5-5600so-dimm
ASUS,TUF Gaming A15 FA506NFR-HN007W,TUF Gaming A15 FA506NFR-HN007W,amd ryzen 7 7435hs,nvidia geforce rtx 2050 4gb,8gb ddr5-4800 so-dimm,512gb pcie® 4.0 nvme™ m.2 ssd,"15.6 inches, fhd 16:9, value ips-level, anti-glare display, srgb:62.5%, adobe:47.34%, refresh rate:144 hz, adaptive-sync, discrete",não identificado,gamer,asus_tufgaminga15fa506nfr-hn007w_amdryzen77435hs_8gbddr5-4800so-dimm
HP,Victus 15-FA0033DX,Victus 15-FA0033DX,intel core i5-12450h,nvidia geforce rtx 3050 4gb,8 gb ddr4-3200 mt/s (1 x 8 gb),512 gb pcie® gen4 nvme™ m.2 ssd,"39.6 cm (15.6) diagonal, fhd, 144 hz, ips,",não identificado,gamer,hp_victus15-fa0033dx_intelcorei5-12450h_8gbddr4-3200mt/s(1x8gb)
Lenovo,LOQ 15IRX9,LOQ 15IRX9,intel® core™ i7-13650hx,nvidia® geforce rtx™ 3050 6gb gddr6,1x 16gb so-dimm ddr5-4800,1tb ssd m.2 2242 pcie® 4.0x4 nvme®,"15.6"" fhd (1920x1080) ips 300nits anti-glare, 100% srgb, 144hz, g-sync®",não identificado,gamer,lenovo_loq15irx9_intel®core™i7-13650hx_1x16gbso-dimmddr5-4800
HP,Victus 15-FA1043NE,Victus 15-FA1043NE,intel core i5-13500h,nvidia® geforce rtx™ 3050 4gb6,8gb ddr4-3200 mt/s (1 x 8 gb),512 gb pcie® gen4 nvme™ m.2 ssd,"39.6 cm (15.6"") diagonal, fhd (1920 x 1080), 144 hz, 9 ms response time, ips, micro-edge, anti-glare, 250 nits, 45% ntsc",não identificado,gamer,hp_victus15-fa1043ne_intelcorei5-13500h_8gbddr4-3200mt/s(1x8gb)
HP,Victus 15-FA0025NR,Victus 15-FA0025NR,intel core i5-12500h,nvidia® geforce rtx™ 3050 4gb,8 gb ddr4-3200 mhz ram (2 x 4 gb),512 gb pcie® gen4 nvme™ tlc m.2 ssd,"15.6"" diagonal fhd display",não identificado,gamer,hp_victus15-fa0025nr_intelcorei5-12500h_8gbddr4-3200mhzram(2x4gb)
Lenovo,LOQ 15IAX9,LOQ 15IAX9,intel core i5-12450hx,nvidia® geforce rtx™ 3050 6gb,1x 8gb so-dimm ddr5-4800,512gb ssd m.2 2242 pcie® 4.0x4 nvme®,"15.6"" fhd ips 300nits anti-glare, 100% srgb, 144hz, g-sync®",não identificado,gamer,lenovo_loq15iax9_intelcorei5-12450hx_1x8gbso-dimmddr5-4800
MSI,Katana 15 B13VGK,Katana 15 B13VGK,intel core i7-13620h,nvidia geforce rtx 4070 8gb,16gb ddr5-5200,512gb nvme pcie gen4 m.2 ssd,"15.6"" fhd (1920x1080), 144hz, ips-level",não identificado,gamer,msi_katana15b13vgk_intelcorei7-13620h_16gbddr5-5200
MSI,Thin GF63 12UC,Thin GF63 12UC,intel® core™ i7 12650h,nvidia geforce rtx3050 4gb,16gb ddr4-3200,512gb nvme pcie gen4 m.2 ssd,"15.6"" fhd (1920x1080), 144hz, ips-level",não identificado,gamer,msi_thingf6312uc_intel®core™i712650h_16gbddr4-3200
MSI,Thin GF63 12UCX,Thin GF63 12UCX,intel® core™ i5 12450h,nvidia® geforce rtx™ 2050,8gb ddr4-3200,512gb nvme pcie gen4 m.2 ssd,"15.6"" fhd (1920x1080), 144hz, ips-level",não identificado,gamer,msi_thingf6312ucx_intel®core™i512450h_8gbddr4-3200
Lenovo,LOQ 15IAX9,LOQ 15IAX9,intel core i5-12450hx,nvidia® geforce rtx™ 2050 4gb,16gb 2x 8gb so-dimm ddr5-4800,512gb ssd m.2 2242 pcie® 4.0x4 nvme®,"15.6"" fhd ips 300nits anti-glare, 100% srgb, 144hz, g-sync®",não identificado,gamer,lenovo_loq15iax9_intelcorei5-12450hx_16gb2x8gbso-dimmddr5-4800
Lenovo,IdeaPad Gaming 3 15ACH6,IdeaPad Gaming 3 15ACH6,amd ryzen 5 5500h,nvidia® geforce rtx™ 2050 4gb,1x 8gb so-dimm ddr4-3200,512gb ssd m.2 2242 pcie® 4.0x4 nvme®,"15.6"" fhd (1920x1080) ips 300nits anti-glare, 45% ntsc, 144hz",não identificado,gamer,lenovo_ideapadgaming315ach6_amdryzen55500h_1x8gbso-dimmddr4-3200
HP,Victus 16-D1058NE,Victus 16-D1058NE,intel core i7-12700h,nvidia® geforce rtx™ 3060 6gb,16gb ddr5-4800 mhz ram (2 x 8 gb),512 gb pcie® gen4 nvme™ tlc m.2 ssd,"16.1"" inch fhd 144hz",não identificado,gamer,hp_victus16-d1058ne_intelcorei7-12700h_16gbddr5-4800mhzram(2x8gb)
HP,Victus 15-FA1113NIA,Victus 15-FA1113NIA,intel core i7-13700h,nvidia® geforce rtx™ 4050  6gb,16 gb ddr4-3200 mhz ram (2 x 8 gb),512gb pcie® gen4 nvme™ tlc m.2 ssd,"39.6 cm (15.6"") diagonal fhd (1920 x 1080) ips display, 144 hz refresh rate, 9 ms response time, micro-edge, anti-glare, 250 nits brightness, 45% ntsc color",não identificado,gamer,hp_victus15-fa1113nia_intelcorei7-13700h_16gbddr4-3200mhzram(2x8gb)
Lenovo,LOQ 15IAX9,LOQ 15IAX9,intel core i5-12450hx,nvidia® geforce rtx™ 3050,16gb ddr5-4800 so-dimm,512gb ssd m.2 2242 pcie® 4.0x4 nvme®,"15.6"" fhd ips 300nits anti-glare, 100% srgb, 144hz, g-sync®",não identificado,gamer,lenovo_loq15iax9_intelcorei5-12450hx_16gbddr5-4800so-dimm
ASUS,TUF Gaming A15 FA506NF-HN005W,TUF Gaming A15 FA506NF-HN005W,amd ryzen 5 7535hs,nvidia® geforce rtx™ 2050,8gb ddr5-5600 so-dimm,512gb pcie® 4.0 nvme™ m.2 ssd,15.6-inch fhd 16:9 refresh rate 144hz value ips-level 250nits ntsc 45% srgb 62.5% adobe 47.34% anti-glare display,não identificado,gamer,asus_tufgaminga15fa506nf-hn005w_amdryzen57535hs_8gbddr5-5600so-dimm
ASUS,TUF Gaming A15 FA506NC-HN005W,TUF Gaming A15 FA506NC-HN005W,amd ryzen 5 7535hs,nvidia® geforce rtx™ 3050,8gb ddr5-5600 so-dimm,512gb pcie® 4.0 nvme™ m.2 ssd,15.6-inch fhd 16:9 refresh rate 144hz value ips-level 250nits ntsc 45% srgb 62.5% adobe 47.34% anti-glare display,não identificado,gamer,asus_tufgaminga15fa506nc-hn005w_amdryzen57535hs_8gbddr5-5600so-dimm
ASUS,TUF Gaming A15 FA507NU-LP007W,TUF Gaming A15 FA507NU-LP007W,amd ryzen 5 7535hs,nvidia® geforce rtx™ 4050,8gb ddr5-4800 so-dimm,512gb pcie® 4.0 nvme™ m.2 ssd,15.6-inch fhd 16:9 144hz refresh rate ips-level 250nits ntsc 72% srgb 100% adobe 75.35% anti-glare display,não identificado,gamer,asus_tufgaminga15fa507nu-lp007w_amdryzen57535hs_8gbddr5-4800so-dimm
HP,OMEN Transcend 16-u1047nr,OMEN Transcend 16-u1047nr,intel® core™ i7-14700hx,nvidia® geforce rtx™ 4070,32 gb ddr5-5600 mhz,1 tb pcie® gen4 nvme™ performance m.2 ssd,"16"" diagonal, wqxga 240 hz, 3 ms response time, ips, micro-edge, anti-glare, low blue light, 400 nits, 100% srgb [17,35]",não identificado,gamer,hp_omentranscend16-u1047nr_intel®core™i7-14700hx_32gbddr5-5600mhz
HP,Omen 17-CM2020NR,Omen 17-CM2020NR,intel core i7-13700hx,nvidia® geforce rtx™ 4070 8gb,16 gb ddr5-4800 mhz ram (2 x 8 gb),512 gb pcie® gen4 nvme™ tlc m.2 ssd,"17.3"" diagonal, qhd, 165 hz, 3 ms response time, ips, micro-edge, anti-glare, low blue light, 300 nits, 100% srgb",não identificado,gamer,hp_omen17-cm2020nr_intelcorei7-13700hx_16gbddr5-4800mhzram(2x8gb)
Lenovo,Legion 5 15ACH6H,Legion 5 15ACH6H,amd ryzen 5 5600h,nvidia® geforce rtx™ 3060,16gb 2x 8gb so-dimm ddr4-3200,1tb ssd m.2 2280 pcie® 3.0x4 nvme®,"15.6"" fhd ips 300nits anti-glare, 100% srgb, 165hz, dolby vision®, freesync™, g-sync®",não identificado,gamer,lenovo_legion515ach6h_amdryzen55600h_16gb2x8gbso-dimmddr4-3200
Lenovo,Legion 5 15ACH6H,Legion 5 15ACH6H,amd ryzen 5 5600h,nvidia® geforce rtx™ 3050 ti,1x 8gb so-dimm ddr4-3200,512gb ssd m.2 2280 pcie® 3.0x4 nvme®,"15.6"" fhd ips 250nits anti-glare, 45% ntsc, 120hz, freesync™",não identificado,gamer,lenovo_legion515ach6h_amdryzen55600h_1x8gbso-dimmddr4-3200
Lenovo,LOQ 15APH8,LOQ 15APH8,amd ryzen™ 7 7840hs,nvidia® geforce rtx™ 4050,16gb so-dimm ddr5-5600,512gb ssd m.2 2242 pcie® 4.0x4 nvme®,"15.6"" fhd ips 350nits anti-glare, 45% ntsc, 144hz, g-sync®, freesync™",não identificado,gamer,lenovo_loq15aph8_amdryzen™77840hs_16gbso-dimmddr5-5600
Dell,G15 5530,G15 5530,intel core i7-13650hx,nvidia® geforce rtx™ 4060,"16gb,2x8,4800,ddr5,",1tb ssd,15.6'' inch fhd lcd 360hz,não identificado,gamer,"dell_g155530_intelcorei7-13650hx_16gb,2x8,4800,ddr5,"
Lenovo,IdeaPad Gaming 3 15ACH6,IdeaPad Gaming 3 15ACH6,amd ryzen 7 5800h,nvidia geforce rtx 3060 6gb,1x 8gb so-dimm ddr4-3200,512gb ssd m.2 2280 pcie® 3.0x4 nvme,"15.6"" fhd ips 250nits anti-glare, 45% ntsc, 120hz",não identificado,gamer,lenovo_ideapadgaming315ach6_amdryzen75800h_1x8gbso-dimmddr4-3200
HP,Victus 15-FA1093DX,Victus 15-FA1093DX,intel core i5-13420h,nvidia® geforce rtx™ 3050,8 gb ddr4-3200 mhz ram (1 x 8 gb),512 gb pcie® gen4 nvme™ tlc m.2 ssd,"15.6"" diagonal, fhd, 144 hz, 9 ms response time, ips, micro-edge, anti-glare, 250 nits, 45% ntsc",não identificado,gamer,hp_victus15-fa1093dx_intelcorei5-13420h_8gbddr4-3200mhzram(1x8gb)
HP,Victus 15-FA0089NE,Victus 15-FA0089NE,intel core i5-12500h,nvidia® geforce® gtx 1650,8 gb ddr4-3200 mhz ram (2 x 4 gb),1 tb pcie® gen4 nvme™ tlc m.2 ssd,"15.6"" diagonal, fhd, 144 hz, 9 ms response time, ips, micro-edge, anti-glare, 250 nits, 45% ntsc",não identificado,gamer,hp_victus15-fa0089ne_intelcorei5-12500h_8gbddr4-3200mhzram(2x4gb)
Lenovo,LOQ 15IRH8,LOQ 15IRH8,intel core i5-12450h,nvidia® geforce rtx™ 3050,16gb 2x 8gb so-dimm ddr5-4800,512gb ssd m.2 2242 pcie® 4.0x4 nvme®,"15.6"" fhd ips 350nits anti-glare, 45% ntsc, 144hz, g-sync®",não identificado,gamer,lenovo_loq15irh8_intelcorei5-12450h_16gb2x8gbso-dimmddr5-4800
Lenovo,LOQ 15IRH8,LOQ 15IRH8,intel core i5-13420h,nvidia® geforce rtx™ 3050,16gb ram,1tb ssd m.2 2242 pcie® 4.0x4 nvme®,"15.6"" fhd (1920x1080) ips 350nits anti-glare, 45% ntsc, 144hz, g-sync®",não identificado,gamer,lenovo_loq15irh8_intelcorei5-13420h_16gbram
ASUS,ROG Strix G16 G614JIR-N3009W,ROG Strix G16 G614JIR-N3009W,intel core i9-14900hx,nvidia® geforce rtx™ 4070,"16gb  8gb ddr5-5600 so-dimm, the memory speed of the systems vary by cpu spec x 2",1tb pcie® 4.0 nvme™ m.2 ssd,"16-inch fhd+ 16:10 (1920 x 1200, wuxga) ips-level anti-glare display srgb: 100% refresh rate: 165hz response time: 7ms g-sync mux switch + nvidia® advanced optimus support dolby vision hdr : yes",não identificado,gamer,"asus_rogstrixg16g614jir-n3009w_intelcorei9-14900hx_16gb8gbddr5-5600so-dimm,thememoryspeedofthesystemsvarybycpuspecx2"
ASUS,ROG Strix SCAR 18 G834JYR-R6041W,ROG Strix SCAR 18 G834JYR-R6041W,intel core i9-14900hx,nvidia® geforce rtx™ 4090,"32gb 16gb ddr5-5600 so-dimm, the memory speed of the systems vary by cpu spec x 2",2tb pcie® 4.0 nvme™ m.2 performance ssd,"rog nebula hdr display 18-inch 2.5k (2560 x 1600, wqxga) 16:10 aspect ratio mini led anti-glare display dci-p3: 100.00% refresh rate: 240hz response time: 3ms g-sync pantone validated mux switch + nvidia® advanced optimus support dolby vision hdr : yes",não identificado,gamer,"asus_rogstrixscar18g834jyr-r6041w_intelcorei9-14900hx_32gb16gbddr5-5600so-dimm,thememoryspeedofthesystemsvarybycpuspecx2"
ASUS,ROG Strix SCAR 18 G834JZR-N6027W,ROG Strix SCAR 18 G834JZR-N6027W,intel core i9-14900hx,nvidia® geforce rtx™ 4080,"32gb 16gb ddr5-5600 so-dimm, the memory speed of the systems vary by cpu spec x 2",1tb pcie® 4.0 nvme™ m.2 performance ssd,"rog nebula display 18-inch 2.5k (2560 x 1600, wqxga) 16:10 aspect ratio ips-level anti-glare display dci-p3: 100.00% refresh rate: 240hz response time: 3ms g-sync pantone validated mux switch + nvidia® advanced optimus support dolby vision hdr : yes",não identificado,gamer,"asus_rogstrixscar18g834jzr-n6027w_intelcorei9-14900hx_32gb16gbddr5-5600so-dimm,thememoryspeedofthesystemsvarybycpuspecx2"
MSI,Katana 17 B13VGK,Katana 17 B13VGK,intel core i9-13900h,nvidia geforce rtx 4070,16gb ddr5 8gb*2,512gb nvme pcie ssd,"17.3"" fhd (1920*1080), 144hz 45% ntsc",não identificado,gamer,msi_katana17b13vgk_intelcorei9-13900h_16gbddr58gb*2
MSI,Vector 17 HX A14VHG,Vector 17 HX A14VHG,intel core i9-14900hx,nvidia® geforce rtx™ 4080,32gb ddr5 16gb*2,1tb nvme pcie ssd gen4x4,"17” qhd+ (2560x1600), 240hz, ips-level",não identificado,gamer,msi_vector17hxa14vhg_intelcorei9-14900hx_32gbddr516gb*2
MSI,Raider GE78 HX 14VIG,Raider GE78 HX 14VIG,intel core i9-14900hx,nvidia geforce rtx 4090,32gb ddr5 16gb*2,2tb nvme pcie gen4x4 ssd,17” qhd,não identificado,gamer,msi_raiderge78hx14vig_intelcorei9-14900hx_32gbddr516gb*2
MSI,Titan 18 HX A14VIG,Titan 18 HX A14VIG,intel® core™ i9-14900hx,nvidia® geforce rtx™ 4090,64gb ddr5 32gb*2,2tb ssd,"18"" uhd",não identificado,gamer,msi_titan18hxa14vig_intel®core™i9-14900hx_64gbddr532gb*2
MSI,Cyborg 15 AI A1VF,Cyborg 15 AI A1VF,intel core ultra 7 155h,nvidia geforce rtx 4060,16gb ddr5 8gb*2,512gb nvme pcie ssd,"15.6"" fhd (1920*1080), 144hz 45%ntsc ips-level",não identificado,gamer,msi_cyborg15aia1vf_intelcoreultra7155h_16gbddr58gb*2
ASUS,FA507NU-LP125W,FA507NU-LP125W,amd ryzen™ 5 7535hs,nvidia geforce rtx 4050,8gb ddr5-4800,512gb ssd,"15.6-inch, fhd",não identificado,gamer,asus_fa507nu-lp125w_amdryzen™57535hs_8gbddr5-4800
ASUS,GU605MY-QR061W,GU605MY-QR061W,intel® core™ ultra 9,nvidia® geforce rtx™ 4090,32gb 16gb*2 lpddr5x 7467 on board,2tb pcie® 4.0 nvme™ m.2,"rog nebula display 16-inch 2.5k (2560 x 1600, wqxga) 16:10 aspect ratio oled glossy display dci-p3: 100% refresh rate: 240hz response time: 0.2ms g-sync pantone validated mux switch + nvidia® advanced optimus support dolby vision hdr : yes",não identificado,gamer,asus_gu605my-qr061w_intel®core™ultra9_32gb16gb*2lpddr5x7467onboard
ASUS,Vivobook Pro 15 D3500QC-OLED007W,Vivobook Pro 15 D3500QC-OLED007W,amd ryzen 7-5800h,nvidia® geforce® rtx™ 3050 4gb,16gb ddr4 on board,512gb m.2 nvme™ pcie® 3.0 ssd,"15.6-inch, fhd (1920 x 1080) oled 16:9 aspect ratio, 0.2ms response time, 60hz refresh rate, 600nits hdr peak brightness, 100% dci-p3 color gamut, 1,000,000:1, vesa certified display hdr true black 600, 1.07 billion colors, pantone validated, glossy displ",não identificado,gamer,asus_vivobookpro15d3500qc-oled007w_amdryzen7-5800h_16gbddr4onboard
MSI,GF63 Thin 11SC,GF63 Thin 11SC,intel core i5-11400h,nvidia geforce gtx 1650 4gb,8gb ddr4-3200 2 slots,512gb ssd,"15.6"" fhd (1920x1080), 144hz, ips-level",não identificado,gamer,msi_gf63thin11sc_intelcorei5-11400h_8gbddr4-32002slots
HP,Victus 15-FB0034NE,Victus 15-FB0034NE,amd ryzen 7-5800h,nvidia® geforce rtx™ 3050 4gb,16 gb ddr4-3200 mhz ram (2 x 8 gb),512 gb pcie® gen4 nvme™ tlc m.2 ssd,"15.6"" diagonal, fhd (1920 x 1080), 144 hz, ips, micro-edge, anti-glare, 250 nits, 45% ntsc",não identificado,gamer,hp_victus15-fb0034ne_amdryzen7-5800h_16gbddr4-3200mhzram(2x8gb)
HP,Victus 15-FB0032NE,Victus 15-FB0032NE,amd ryzen 7-5800h,nvidia® geforce rtx™ 3050 4gb,16gb ddr4-3200 mhz ram (2 x 8 gb),1 tb pcie® nvme™ tlc m.2 ssd,"15.6"" diagonal, fhd, 144 hz, ips, micro-edge, anti-glare, 250 nits, 45% ntsc",não identificado,gamer,hp_victus15-fb0032ne_amdryzen7-5800h_16gbddr4-3200mhzram(2x8gb)
HP,Victus 15-FA0087NE,Victus 15-FA0087NE,intel core i5-12500h,nvidia® geforce® gtx 1650 4gb,8 gb ddr4-3200 mhz ram (2 x 4 gb),1 tb pcie® gen4 nvme™ tlc m.2 ssd,"15.6"" diagonal, fhd (1920 x 1080), 144 hz, 9 ms response time, ips, micro-edge, anti-glare, 250 nits, 45% ntsc",não identificado,gamer,hp_victus15-fa0087ne_intelcorei5-12500h_8gbddr4-3200mhzram(2x4gb)
HP,Victus 15-FA1052NE,Victus 15-FA1052NE,intel core i5-13420h,nvidia® geforce rtx™ 2050 4gb,8 gb ddr4-3200 mhz ram (1 x 8 gb),512 gb pcie® gen4 nvme™ tlc m.2 ssd,"15.6"" diagonal, fhd, 144 hz, 9 ms response time, ips, micro-edge, anti-glare, 250 nits, 45% ntsc",não identificado,gamer,hp_victus15-fa1052ne_intelcorei5-13420h_8gbddr4-3200mhzram(1x8gb)
HP,Victus 15-FA0088NE,Victus 15-FA0088NE,intel core i5-12500h,nvidia® geforce® gtx 1650 4gb,8 gb ddr4-3200 mhz ram (2 x 4 gb),1 tb pcie® gen4 nvme™ tlc m.2 ssd,"15.6"" diagonal, fhd (1920 x 1080), 144 hz, 9 ms response time, ips, micro-edge, anti-glare, 250 nits, 45% ntsc",não identificado,gamer,hp_victus15-fa0088ne_intelcorei5-12500h_8gbddr4-3200mhzram(2x4gb)
HP,Victus 16-R0073Cl,Victus 16-R0073Cl,intel core i7-13700hx,nvidia geforce rtx 4060 8gb,32 gb ddr5-4800 mhz ram (2 x 16 gb),1 tb pcie® gen4 nvme™ tlc m.2 ssd,"16.1"" diagonal, fhd (1920 x 1080), 144 hz, ips, micro-edge, anti-glare, 250 nits, 45% ntsc",não identificado,gamer,hp_victus16-r0073cl_intelcorei7-13700hx_32gbddr5-4800mhzram(2x16gb)
HP,Victus 16-R0059WM,Victus 16-R0059WM,intel core i7-13700h,nvidia® geforce rtx™ 4060 8gb,16 gb ddr5-5200 mhz ram (2 x 8 gb),1 tb pcie® gen4 nvme™ tlc m.2 ssd,"16.1"" diagonal, fhd (1920 x 1080), 144 hz, ips, micro-edge, anti-glare, 250 nits, 45% ntsc",não identificado,gamer,hp_victus16-r0059wm_intelcorei7-13700h_16gbddr5-5200mhzram(2x8gb)
HP,Victus 16-R0048NIA,Victus 16-R0048NIA,intel core i7-13700h,nvidia® geforce rtx™ 4050 6gb,16 gb ddr5-5200 mhz ram (2 x 8 gb),1 tb pcie® gen4 nvme™ tlc m.2 ssd,"16.1"" diagonal, fhd (1920 x 1080), 144 hz, ips, micro-edge, anti-glare, 250 nits, 45% ntsc",não identificado,gamer,hp_victus16-r0048nia_intelcorei7-13700h_16gbddr5-5200mhzram(2x8gb)
HP,Victus 15-FB0070NIA,Victus 15-FB0070NIA,amd ryzen 5-5600h,amd radeon™ rx 6500m 4gb,8 gb ddr4-3200 mhz ram (1 x 8 gb),512 gb pcie® gen4 nvme™ tlc m.2 ssd,"15.6"" diagonal, fhd, 144 hz, ips, micro-edge, anti-glare, 250 nits, 45% ntsc",não identificado,gamer,hp_victus15-fb0070nia_amdryzen5-5600h_8gbddr4-3200mhzram(1x8gb)
Dell,G15 5520,G15 5520,intel core i7-12700h,nvidia geforce rtx 3060 6gb,16gb 2x8gb ddr5 4800mhz,1tb ssd,"15.6"" inch fhd 165hz 250nits wva anti-glare led backlit narrow border display",não identificado,gamer,dell_g155520_intelcorei7-12700h_16gb2x8gbddr54800mhz
Lenovo,Legion Slim 7 16IRH8,Legion Slim 7 16IRH8,intel® core™ i7-13700h,nvidia® geforce rtx™ 4060 8gb,16gb soldered ddr5-5200,1tb ssd m.2 2280 pcie® 4.0x4 nvme®,"16"" 3.2k ips 430nits anti-glare, 100% dci-p3, 165hz, dolby® vision™, g-sync®, low blue light, high gaming performance",não identificado,gamer,lenovo_legionslim716irh8_intel®core™i7-13700h_16gbsolderedddr5-5200
Lenovo,IdeaPad Gaming 3 15IAH7,IdeaPad Gaming 3 15IAH7,intel® core™ i7-12650h,nvidia® geforce rtx™ 3060 6gb,1x 16gb so-dimm ddr4-3200,512gb ssd m.2 2280 pcie® 3.0x4 nvme®,"15.6"" fhd (1920x1080) ips 300nits anti-glare, 100% srgb, 165hz",não identificado,gamer,lenovo_ideapadgaming315iah7_intel®core™i7-12650h_1x16gbso-dimmddr4-3200
Lenovo,LOQ 15IRH8,LOQ 15IRH8,intel core i5-12450h,nvidia® geforce rtx™ 2050 4gb gddr6,2x 8gb so-dimm ddr5-4800,512gb ssd m.2 2242 pcie® 4.0x4 nvme®,"15.6"" fhd ips 350nits anti-glare, 45% ntsc, 144hz, g-sync®",não identificado,gamer,lenovo_loq15irh8_intelcorei5-12450h_2x8gbso-dimmddr5-4800
Lenovo,LOQ 15IRH8,LOQ 15IRH8,intel core i5-12450h,nvidia® geforce rtx™ 2050 4gb gddr6,1x 8gb so-dimm ddr5-4800,512gb ssd m.2 2242 pcie® 4.0x4 nvme®,"15.6"" fhd ips 350nits anti-glare, 45% ntsc, 144hz, g-sync®",não identificado,gamer,lenovo_loq15irh8_intelcorei5-12450h_1x8gbso-dimmddr5-4800
Dell,G15 5530,G15 5530,intel core i7-13650hx,nvidia geforce rtx 4050 6gb,"8gb,1x8g,4800,ddr5",1tb ssd,"15.6"" fhd (1920x1080) 120hz lcd display",não identificado,gamer,"dell_g155530_intelcorei7-13650hx_8gb,1x8g,4800,ddr5"
MSI,GF63 Thin 11UC,GF63 Thin 11UC,intel core i5-11400h,nvidia® geforce rtx™ 3050 4gb,16gb (8g*2) ddr4 3200mhz,512gb nvme ssd,"15.6"" fhd, 16:9 ips-level 144hz 45%ntsc",não identificado,gamer,msi_gf63thin11uc_intelcorei5-11400h_16gb(8g*2)ddr43200mhz
ASUS,TUF Gaming F15 FX506HE-HN393W,TUF Gaming F15 FX506HE-HN393W,intel core i7-11800h,nvidia® geforce rtx™ 3050ti 4gb,16gb ddr4-3200 so-dimm x 2,512gb pcie p3 ssd,"15.6-inch, fhd (1920 x 1080) 16:9, value ips-level, anti-glare display, srgb:62.5%, adobe:47.34%, refresh rate:144hz, adaptive-sync, optimus",não identificado,gamer,asus_tufgamingf15fx506he-hn393w_intelcorei7-11800h_16gbddr4-3200so-dimmx2
HP,Victus 15-FB0036NE,Victus 15-FB0036NE,amd ryzen 5-5600h,nvidia geforce gtx 1650 4gb,8gb ddr4-3200 mhz ram (2 x 4 gb),1 tb pcie® nvme™ tlc m.2 ssd,"15.6"" diagonal, fhd (1920 x 1080), 144 hz, ips, micro-edge, anti-glare, 250 nits, 45% ntsc",não identificado,gamer,hp_victus15-fb0036ne_amdryzen5-5600h_8gbddr4-3200mhzram(2x4gb)
HP,Victus Gaming 15-fb0035ne,Victus Gaming Laptop 15-fb0035ne,amd ryzen™ 5 5600h,nvidia geforce gtx 1650,16 gb ddr4-3200 mhz ram (2 x 8 gb),1 tb pcie® nvme™ tlc m.2 ssd,"15.6"" diagonal, fhd (1920 x 1080), 144 hz, ips, micro-edge, anti-glare, 250 nits, 45% ntsc",não identificado,gamer,hp_victusgaming15-fb0035ne_amdryzen™55600h_16gbddr4-3200mhzram(2x8gb)
Lenovo,Legion 5 15IAH7,Legion 5 15IAH7,intel core i7-12700h,nvidia® geforce rtx™ 3050 ti 4gb,16gb 2x 8gb so-dimm ddr5-4800,1tb ssd m.2 2280 pcie® 4.0x4 nvme®,"15.6"" wqhd ips 300nits anti-glare, 100% srgb, 165hz, dolby® vision™, g-sync®",não identificado,gamer,lenovo_legion515iah7_intelcorei7-12700h_16gb2x8gbso-dimmddr5-4800
Dell,G15 5530,G15 5530,intel core i7-13650hx,nvidia geforce rtx 4050 6gb,16gb ram,1 tb ssd,"15.6"" fhd (1920x1080) 120hz display",não identificado,gamer,dell_g155530_intelcorei7-13650hx_16gbram
Lenovo,LOQ 15IRH8,LOQ 15IRH8,intel core i5-13420h,nvidia® geforce rtx™ 3050 6gb,1x 8gb so-dimm ddr5-5200,1tb ssd m.2 2242 pcie® 4.0x4 nvme®,"15.6"" fhd (1920x1080) ips 350nits anti-glare, 45% ntsc, 144hz, g-sync®",não identificado,gamer,lenovo_loq15irh8_intelcorei5-13420h_1x8gbso-dimmddr5-5200
Lenovo,Legion 7 16ITHg6,Legion 7 16ITHg6,intel® core™ i7-11800h,nvidia® geforce rtx™ 3080 16gb,32 gb so-dimm ddr4-3200,2x 1tb ssd m.2 2280 pcie® 4.0x4 nvme®,"16"" wqxga (2560x1600) ips 500nits anti-glare, 100% srgb, 165hz, displayhdr™ 400, dolby® vision™, g-sync®",não identificado,gamer,lenovo_legion716ithg6_intel®core™i7-11800h_32gbso-dimmddr4-3200
HP,Victus 15-FB0037NE,Victus 15-FB0037NE,amd ryzen™ 5 5600h,nvidia geforce gtx 1650,16 gb ddr4-3200 mhz ram (2 x 8 gb),512 gb pcie® gen4 nvme™ tlc m.2 ssd,"15.6"" diagonal, fhd (1920 x 1080), 144 hz, ips, micro-edge, anti-glare, 250 nits, 45% ntsc",não identificado,gamer,hp_victus15-fb0037ne_amdryzen™55600h_16gbddr4-3200mhzram(2x8gb)
Dell,Alienware M16,Alienware M16,intel core i7-13700hx,nvidia® geforce rtx™ 4070 8gb,"16 gb 2 x 8 gb, ddr5, 4800 mt/s","1 tb, m.2, pcie nvme, ssd","16"" qhd+ (2560 x 1600) 165hz,",não identificado,gamer,"dell_alienwarem16_intelcorei7-13700hx_16gb2x8gb,ddr5,4800mt/s"
HP,Omen 16-K0033DX,Omen 16-K0033DX,intel core i9-12900h,nvidia® geforce rtx™ 3060 6gb,16 gb ddr5-4800 mhz ram (2 x 8 gb),1 tb pcie® gen4 nvme™ tlc m.2 ssd,"16.1"" diagonal, qhd (2560 x 1440), 165 hz, 3 ms response time, ips, micro-edge, anti-glare, low blue light, 300 nits, 100% srgb",não identificado,gamer,hp_omen16-k0033dx_intelcorei9-12900h_16gbddr5-4800mhzram(2x8gb)
Lenovo,LOQ 15IRH8,LOQ 15IRH8,intel core i7​​-13700h,nvidia® geforce rtx™ 4060 8gb,16 gb 2x 8gb so-dimm ddr5-5200,1tb ssd m.2 2242 pcie® 4.0x4 nvme®,"15.6"" fhd ips 350nits anti-glare, 45% ntsc, 144hz, g-sync®",não identificado,gamer,lenovo_loq15irh8_intelcorei7​​-13700h_16gb2x8gbso-dimmddr5-5200
Lenovo,Legion 5 Pro 16ITH6,Legion 5 Pro 16ITH6,intel® core™ i7-11800h,nvidia® geforce rtx™ 3050 ti 4gb,16gb 2x 8gb so-dimm ddr4-3200,1tb ssd m.2 2280 pcie® 4.0x4 nvme,"16"" wqxga ips 500nits anti-glare, 100% srgb, 165hz, displayhdr™ 400, dolby® vision™, g-sync®",não identificado,gamer,lenovo_legion5pro16ith6_intel®core™i7-11800h_16gb2x8gbso-dimmddr4-3200
Acer,Predator Helios 300-PH315-54-760S,Predator Helios 300-PH315-54-760S,intel core i7-11800h,nvidia geforce rtx 3060 6gb,16 gb ddr4 sdram,512 gb ssd,15.6'' inch fhd ips 144hz,não identificado,gamer,acer_predatorhelios300-ph315-54-760_intelcorei7-11800h_16gbddr4sdram
ASUS,ROG Flow X16 GV601RM-BLK17W,ROG Flow X16 GV601RM-BLK17W,amd ryzen 7-6800hs,nvidia® geforce rtx™ 3060,16gb 2x 8gb ddr5-4800 so-dimm,1tb pcie 4.0 nvme m.2 performance ssd,"rog nebula display 16-inch qhd+ 16:10, wqxga) ips-level glossy display dci-p3: 100% touch screen refresh rate: 165hz response time: 3ms pantone validated support stylus: yes mux switch + optimus support dolby vision hdr : yes",não identificado,gamer,asus_rogflowx16gv601rm-blk17w_amdryzen7-6800hs_16gb2x8gbddr5-4800so-dimm
Dell,G15 5525,G15 5525,amd ryzen 7-6800h,nvidia® geforce rtx™ 4050 6gb,"16gb, 2x8gb, ddr5, 4800mhz",512gb m.2 pcie solid state drive,15.6 inch fhd 120hz 250 nits wva anti-glare led backlit narrow border display,não identificado,gamer,"dell_g155525_amdryzen7-6800h_16gb,2x8gb,ddr5,4800mhz"
HP,Victus 15-FA1105NE,Victus 15-FA1105NE,intel® core™ i7-13700h,nvidia® geforce rtx™ 4050 6gb,16 gb ddr4-3200 mhz ram (2 x 8 gb),512 gb pcie® gen4 nvme™ tlc m.2 ssd,"15.6"" diagonal, fhd, 144 hz, 9 ms response time, ips, micro-edge, anti-glare, 250 nits, 45% ntsc",não identificado,gamer,hp_victus15-fa1105ne_intel®core™i7-13700h_16gbddr4-3200mhzram(2x8gb)
HP,Victus 16-E1013NE,Victus 16-E1013NE,amd rayzen 7-6800h,nvidia® geforce rtx™ 3050 4gb,16 gb ddr5-4800 mhz ram (2 x 8 gb),512 gb pcie® nvme™ tlc m.2 ssd,"16.1"" diagonal, fhd, 144 hz, ips, micro-edge, anti-glare, 250 nits, 45% ntsc",não identificado,gamer,hp_victus16-e1013ne_amdrayzen7-6800h_16gbddr5-4800mhzram(2x8gb)
HP,Victus 16-E1002NE,Victus 16-E1002NE,amd rayzen 5-6600h,nvidia® geforce rtx™ 3050 4gb,16 gb ddr5-4800 mhz ram (2 x 8 gb),512 gb pcie® nvme™ tlc m.2 ssd,"16.1"" diagonal, fhd, 144 hz, ips, micro-edge, anti-glare, 250 nits, 45% ntsc",não identificado,gamer,hp_victus16-e1002ne_amdrayzen5-6600h_16gbddr5-4800mhzram(2x8gb)
Lenovo,Legion 5 15ACH6H,Legion 5 15ACH6H,amd ryzen 7 5800h,nvidia® geforce rtx™ 3070 8gb,16gb 2x 8gb so-dimm ddr4-3200,512gb ssd m.2 2280 pcie® 3.0x4 nvme®,"15.6"" fhd ips 300nits anti-glare, 100% srgb, 165hz, dolby® vision™, freesync™, g-sync®",não identificado,gamer,lenovo_legion515ach6h_amdryzen75800h_16gb2x8gbso-dimmddr4-3200
Lenovo,Legion 5 15IAH7,Legion 5 15IAH7,intel® core™ i7-12700h,nvidia® geforce rtx™ 3050 ti 4gb,16 gb 2x 8gb so-dimm ddr5-4800,512gb ssd m.2 2242 pcie® 4.0x4 nvme®,"15.6"" wqhd ips 300nits anti-glare, 100% srgb, 165hz, dolby® vision™, g-sync®",não identificado,gamer,lenovo_legion515iah7_intel®core™i7-12700h_16gb2x8gbso-dimmddr5-4800
Lenovo,IdeaPad Gaming 3 15ACH6,IdeaPad Gaming 3 15ACH6,amd ryzen 7-5800h,nvidia® geforce rtx™ 3060 6gb,16 gb 2x 8gb so-dimm ddr4-3200,512gb ssd m.2 2280 pcie® 3.0x4 nvme,"15.6"" fhd (1920x1080) ips 300nits anti-glare, 100% srgb, 165hz",não identificado,gamer,lenovo_ideapadgaming315ach6_amdryzen7-5800h_16gb2x8gbso-dimmddr4-3200
Lenovo,IdeaPad Gaming 3 15ACH6,IdeaPad Gaming 3 15ACH6,amd ryzen™ 7 5800h,nvidia® geforce rtx™ 3060 6gb,1x 8gb so-dimm ddr4-3200,512gb ssd m.2 2280 pcie® 3.0x4 nvme®,"15.6"" fhd (1920x1080) ips 250nits anti-glare, 45% ntsc, 120hz",não identificado,gamer,lenovo_ideapadgaming315ach6_amdryzen™75800h_1x8gbso-dimmddr4-3200
HP,Victus 16-E1027NE,Victus 16-E1027NE,amd rayzen 5-6600h,nvidia® geforce rtx™ 3050 4gb,16 gb ddr5-4800 mhz ram (2 x 8 gb),512 gb pcie® nvme™ tlc m.2 ssd,"16.1"" diagonal, fhd, 144 hz, ips, micro-edge, anti-glare, 250 nits, 45% ntsc",não identificado,gamer,hp_victus16-e1027ne_amdrayzen5-6600h_16gbddr5-4800mhzram(2x8gb)
HP,Victus 16-E1011NE,Victus 16-E1011NE,amd rayzen 7-6800h,nvidia® geforce rtx™ 3050 4gb,16gb ddr5-4800 mhz ram (2 x 8 gb),512 gb pcie® nvme™ tlc m.2 ssd,"16.1"" diagonal, fhd, 144 hz, ips, micro-edge, anti-glare, 250 nits, 45% ntsc",não identificado,gamer,hp_victus16-e1011ne_amdrayzen7-6800h_16gbddr5-4800mhzram(2x8gb)
HP,Victus 16-E1012NE,Victus 16-E1012NE,amd rayzen 7-6800h,nvidia® geforce rtx™ 3050 4gb,16 gb ddr5-4800 mhz ram (2 x 8 gb),512 gb pcie® nvme™ tlc m.2 ssd,"16.1"" diagonal, fhd, 144 hz, ips, micro-edge, anti-glare, 250 nits, 45% ntsc",não identificado,gamer,hp_victus16-e1012ne_amdrayzen7-6800h_16gbddr5-4800mhzram(2x8gb)
HP,Victus 16-R0044NE,Victus 16-R0044NE,intel® core™ i7-13700h,nvidia® geforce rtx™ 4050 6gb,16 gb ddr5-5200 mhz ram (2 x 8 gb),1 tb pcie® gen4 nvme™ tlc m.2 ssd,"40.9 cm (16.1"") diagonal, fhd, 144 hz, ips, micro-edge, anti-glare, 250 nits, 45% ntsc",não identificado,gamer,hp_victus16-r0044ne_intel®core™i7-13700h_16gbddr5-5200mhzram(2x8gb)
HP,Victus 16-E1026NE,Victus 16-E1026NE,amd rayzen 5-6600h,nvidia® geforce rtx™ 3050 4gb,16 gb ddr5-4800 mhz ram (2 x 8 gb),512 gb pcie® nvme™ tlc m.2 ssd,"16.1"" diagonal, fhd, 144 hz, ips, micro-edge, anti-glare, 250 nits, 45% ntsc",não identificado,gamer,hp_victus16-e1026ne_amdrayzen5-6600h_16gbddr5-4800mhzram(2x8gb)
HP,Victus 15-FA1106NE,Victus 15-FA1106NE,intel core i7-13700h,nvidia® geforce rtx™ 4050 6gb,16 gb ddr4-3200 mhz ram (2 x 8 gb),512 gb pcie® gen4 nvme™ tlc m.2 ssd,"15.6"" diagonal, fhd, 144 hz, 9 ms response time, ips, micro-edge, anti-glare, 250 nits, 45% ntsc",não identificado,gamer,hp_victus15-fa1106ne_intelcorei7-13700h_16gbddr4-3200mhzram(2x8gb)
HP,Victus 15-FA1104NE,Victus 15-FA1104NE,intel core i7-13700h,nvidia® geforce rtx™ 4050 6gb,16gb ddr4 3200mhz ram (2 x 8gb),512gb pcie® gen4 nvme™ tlc m.2 ssd,"39.6 cm (15.6"") diagonal fhd ips, 144hz, 9ms, micro-edge, anti-glare, 250 nits, 45% ntsc color",não identificado,gamer,hp_victus15-fa1104ne_intelcorei7-13700h_16gbddr43200mhzram(2x8gb)
HP,Victus 15-FB0072NIA,Victus 15-FB0072NIA,amd ryzen™ 5 5600h,amd radeon™ rx 6500m graphics,8 gb ddr4-3200 mhz ram (1 x 8 gb),512 gb pcie® gen4 nvme™ tlc m.2 ssd,"39.6 cm (15.6"") diagonal, fhd, 144 hz, 9 ms response time, ips, micro-edge, anti-glare, 250 nits, 45% ntsc",não identificado,gamer,hp_victus15-fb0072nia_amdryzen™55600h_8gbddr4-3200mhzram(1x8gb)
HP,Victus 15-FB0071NIA,Victus 15-FB0071NIA,amd ryzen 5-5600h,amd radeon™ rx 6500m graphics,8 gb ddr4-3200 mhz ram (1 x 8 gb),512 gb pcie® gen4 nvme™ tlc m.2 ssd,"39.6 cm (15.6"") diagonal, fhd, 144 hz, 9 ms response time, ips, micro-edge, anti-glare, 250 nits, 45% ntsc",não identificado,gamer,hp_victus15-fb0071nia_amdryzen5-5600h_8gbddr4-3200mhzram(1x8gb)
ASUS,ROG Strix Scar 17 G733ZW-KH096W,ROG Strix Scar 17 G733ZW-KH096W,intel core i9-12900h,nvidia® geforce rtx™ 3070 ti 8gb,32gb 16gb ddr5-4800 so-dimm x 2,1tb pcie® 4.0 nvme™ m.2 performance ssd,17.3-inch with 300 nits fhd (1920 x 1080) 16:9 anti-glare display srgb: 100% adobe: 75.35% refresh rate: 360hz response time: 3ms ips-level mux switch + optimus support dolby vision hdr : yes,não identificado,gamer,asus_rogstrixscar17g733zw-kh096w_intelcorei9-12900h_32gb16gbddr5-4800so-dimmx2
ASUS,Rog Zephyrus G14 GA402RJ-GRY07W,Rog Zephyrus G14 GA402RJ-GRY07W,amd rayzen 7-6800hs,amd radeon™ rx 6700s,16gb (8gb ddr5 on board+ 8gb ddr5-4800 so-dimm),1tb pcie 4.0 nvme m.2 ssd,"14.0 inch rog nebula display  qhd+ 16:10 (2560 x 1600, wqxga)  ips-level  anti-glare display  dci-p3:100%  refresh rate:120hz  response time:3ms  adaptive-sync  pantone validated  mux switch  support dolby vision hdr :yes",não identificado,gamer,asus_rogzephyrusg14ga402rj-gry07w_amdrayzen7-6800hs_16gb(8gbddr5onboard+8gbddr5-4800so-dimm)
ASUS,Rog Zephyrus G14 GA402RJ-WHT07W,Rog Zephyrus G14 GA402RJ-WHT07W,amd rayzen 7-6800hs,amd radeon™ rx 6700s,16gb (8gb ddr5 on board + 8gb ddr5-4800 so-dimm),1tb pcie® 4.0 nvme™ m.2 ssd,"14.0 inch rog nebula display  qhd+ 16:10 (2560 x 1600, wqxga)  ips-level  anti-glare display  dci-p3:100%  refresh rate:120hz  response time:3ms  adaptive-sync  pantone validated  mux switch  support dolby vision hdr :yes",não identificado,gamer,asus_rogzephyrusg14ga402rj-wht07w_amdrayzen7-6800hs_16gb(8gbddr5onboard+8gbddr5-4800so-dimm)
ASUS,ROG Zephyrus S17 GX703HS-KF035T,ROG Zephyrus S17 GX703HS-KF035T,intel core i9-11900h,nvidia® geforce rtx™ 3080 16gb,32gb 16gb ddr4 on board + 16gb ddr4-3200 so-dimm,1tb + 1tb + 1tb m.2 nvme™ pcie® 4.0 raid0 ssd,17.3-inch with 300 nits 4k uhd (3840 x 2160) 16:9 ips-level anti-glare display dci-p3: 100% refresh rate: 120hz response time: 3ms pantone validated optimus,não identificado,gamer,asus_rogzephyruss17gx703hs-kf035t_intelcorei9-11900h_32gb16gbddr4onboard+16gbddr4-3200so-dimm
HP,Victus 16-E1015NE,Victus 16-E1015NE,amd ryzen 7-6800h,nvidia® geforce rtx™ 3050 ti 4gb,16 gb ddr5-4800 mhz ram (2 x 8 gb),512gb pcie® nvme™ tlc m.2 ssd,"16.1"" diagonal, fhd, 144 hz, ips, micro-edge, anti-glare, 250 nits, 45% ntsc",não identificado,gamer,hp_victus16-e1015ne_amdryzen7-6800h_16gbddr5-4800mhzram(2x8gb)
HP,Victus 16-E1014NE,Victus 16-E1014NE,amd ryzen 7-6800h,nvidia® geforce rtx™ 3050 ti 4gb,16 gb ddr5-4800 mhz ram (2 x 8 gb),512 gb pcie® nvme™ tlc m.2 ssd,"16.1"" diagonal, fhd, 144 hz, ips, micro-edge, anti-glare, 250 nits, 45% ntsc",não identificado,gamer,hp_victus16-e1014ne_amdryzen7-6800h_16gbddr5-4800mhzram(2x8gb)
HP,Victus 16-D1016NE,Victus 16-D1016NE,intel core i7-12700h,nvidia® geforce rtx™ 3050 ti 4gb,16 gb ddr5-4800 mhz ram (2 x 8 gb),1 tb pcie® nvme™ tlc m.2 ssd,"16.1"" diagonal, fhd, 144 hz, ips, micro-edge, anti-glare, 250 nits, 45% ntsc",não identificado,gamer,hp_victus16-d1016ne_intelcorei7-12700h_16gbddr5-4800mhzram(2x8gb)
Acer,Nitro 5 AN515-58-526E,Nitro 5 AN515-58-526E,intel core i5-12500h,nvidia geforce rtx 3050 4gb,8gb ddr4 sdram 1 x 8gb,512gb ssd,"15.6"" inch fhd 144 hz lcd aspect ratio 16:9",não identificado,gamer,acer_nitro5an515-58-526e_intelcorei5-12500h_8gbddr4sdram1x8gb
Lenovo,IdeaPad Gaming 3 15IAH7,IdeaPad Gaming 3 15IAH7,intel core i5-12500h,nvidia® geforce rtx™ 3050 4gb,8gb 1x 8gb so-dimm ddr4-3200,512gb ssd m.2 2280 pcie® 3.0x4 nvme®,"15.6"" fhd ips 250nits anti-glare, 45% ntsc, 120hz",não identificado,gamer,lenovo_ideapadgaming315iah7_intelcorei5-12500h_8gb1x8gbso-dimmddr4-3200
ASUS,ROG Zephyrus G15 GA503RM-HQ007W,ROG Zephyrus G15 GA503RM-HQ007W,amd ryzen 7-6800hs,"nvidia geforce rtx™ 3060, 6gb",16gb ram,1tb pcie 4.0 nvme™ m.2 ssd,"15.6-inch wqhd (2560 x 1440) 16:9 - anti-glare display refresh rate: 165hz, ips-level  dci-p3: 100%  response time: 3ms  adaptive-sync  pantone validated  mux switch + optimus  support dolby vision hdr : yes",não identificado,gamer,asus_rogzephyrusg15ga503rm-hq007w_amdryzen7-6800hs_16gbram
ASUS,Rog Zephyrus G14 GA401QC-K2069T,Rog Zephyrus G14 GA401QC-K2069T,amd ryzen 9-5900hs,nvidia® geforce rtx™ 3050 4gb,16gb ddr4 on board,512 gb pcie ssd,14.0 inch wqhd 16:9 ips-level anti-glare display dci-p3: 100% refresh rate: 120hz pantone validated optimus,não identificado,gamer,asus_rogzephyrusg14ga401qc-k2069t_amdryzen9-5900hs_16gbddr4onboard
ASUS,TUF Gaming F17 FX706HM-HX090T,TUF Gaming F17 FX706HM-HX090T,intel core i7-11800h,nvidia® geforce rtx™ 3060 6gb,16gb ddr4-3200 so-dimm,1tb m.2 nvme™ pcie® 3.0 ssd,"17.3-inch, fhd 16:9, anti-glare display, srgb:62.5%, adobe:47.34%, dci-p3:refresh rate:144hz, value ips-level",não identificado,gamer,asus_tufgamingf17fx706hm-hx090t_intelcorei7-11800h_16gbddr4-3200so-dimm
ASUS,ROG Strix G15 G513QM-HQ415T,ROG Strix G15 G513QM-HQ415T,amd ryzen 7-5800h,nvidia® geforce rtx™ 3060 6gb,16 8gb ddr4-3200 so-dimm x 2,1tb pcie ssd,15.6-inch with 200 nits wqhd 16:9 ips-level anti-glare display dci-p3: 100.00% refresh rate: 165hz response time: 3ms optimus,não identificado,gamer,asus_rogstrixg15g513qm-hq415t_amdryzen7-5800h_168gbddr4-3200so-dimmx2
ASUS,ROG Zephyrus G14 GA401QM-K2012T,ROG Zephyrus G14 GA401QM-K2012T,amd ryzen 9-5900hs,nvidia® geforce rtx™ 3060 6gb,16gb ddr4,1tb pcie ssd,"14.0"" wqhd (2560 x 1440) 16:9 ips-level anti-glare display dci-p3: 100% refresh rate: 120hz pantone validated optimus",não identificado,gamer,asus_rogzephyrusg14ga401qm-k2012t_amdryzen9-5900hs_16gbddr4
ASUS,ROG Flow X13 GV301RC-LJ062W,ROG Flow X13 GV301RC-LJ062W,amd ryzen 7-6800hs,nvidia geforce rtx 3050 4gb,16gb 8gb*2 lpddr5 on board,512gb pcie® 4.0 nvme™ m.2 ssd (2230),"13.4-inch fhd+ 16:10 (1920 x 1200, wuxga) ips-level glossy display srgb: 100% adobe: 75% touch screen refresh rate: 120hz pantone validated support stylus: yes mux switch + optimus support dolby vision hdr : yes",não identificado,gamer,asus_rogflowx13gv301rc-lj062w_amdryzen7-6800hs_16gb8gb*2lpddr5onboard
ASUS,ROG Flow X13 GV301RE-LJ118W,ROG Flow X13 GV301RE-LJ118W,amd ryzen 7-6800hs,nvidia® geforce rtx™ 3050 ti 4gb,16gb 8gb*2 lpddr5 on board,512gb pcie® 4.0 nvme™ m.2 ssd (2230),"13.4-inch fhd+ 16:10 (1920 x 1200, wuxga) ips-level glossy display srgb: 100% adobe: 75% touch screen refresh rate: 120hz pantone validated support stylus: yes mux switch + optimus support dolby vision hdr : yes",não identificado,gamer,asus_rogflowx13gv301re-lj118w_amdryzen7-6800hs_16gb8gb*2lpddr5onboard
ASUS,ROG Flow Z13 GZ301ZC-LD110W,ROG Flow Z13 GZ301ZC-LD110W,intel core i7-12700h,nvidia® geforce rtx™ 3050,16gb 8gb*2 lpddr5,512gb pcie® 4.0 2230 nvme™ m.2 ssd,13.4-inch fhd+ 16:10 ( wuxga) glossy display srgb: 100 touch screen refresh rate: 120hz response time: 30ms ips-level pantone validated support stylus: yes mux switch + optimus support dolby vision hdr : yes,não identificado,gamer,asus_rogflowz13gz301zc-ld110w_intelcorei7-12700h_16gb8gb*2lpddr5
ASUS,ROG Flow Z13 GZ301ZE-LC180W,ROG Flow Z13 GZ301ZE-LC180W,intel core i9-12900h,nvidia® geforce rtx™ 3050ti 4gb,16gb 8gb*2 lpddr5 on board,1tb pcie® 4.0 nvme™ m.2 ssd (2230),"13.4-inch uhd+ 16:10 (3840 x 2400, wquxga) glossy display dci-p3: 85 touch screen response time: 30ms ips-level pantone validated support stylus: yes mux switch + optimus support dolby vision hdr : yes",não identificado,gamer,asus_rogflowz13gz301ze-lc180w_intelcorei9-12900h_16gb8gb*2lpddr5onboard
ASUS,Rog Strix Scar 15 G533ZW-LN086W,Rog Strix Scar 15 G533ZW-LN086W,intel core i9-12900h,nvidia® geforce rtx™ 3070ti 8gb,32gb 16gb ddr5-4800 so-dimm x 2,1tb pcie® 4.0 nvme™ m.2 performance ssd,15.6-inch wqhd 16:9 ips-level anti-glare display dci-p3: 100% refresh rate: 240hz response time: 3ms adaptive-sync mux switch + optimus support dolby vision hdr : yes,não identificado,gamer,asus_rogstrixscar15g533zw-ln086w_intelcorei9-12900h_32gb16gbddr5-4800so-dimmx2
ASUS,ROG Strix Scar 17 G733ZW-KH162W,ROG Strix Scar 17 G733ZW-KH162W,intel core i9-12900h,nvidia® geforce rtx™ 3070ti 8gb,32gb 16gb ddr5-4800 so-dimm x 2,2tb pcie® 4.0 nvme™ m.2 performance ssd,17.3-inch with 300 nits fhd 16:9 ips-level anti-glare display srgb: 100% adobe: 75.35% refresh rate: 360hz response time: 3ms mux switch + optimus support dolby vision hdr : yes,não identificado,gamer,asus_rogstrixscar17g733zw-kh162w_intelcorei9-12900h_32gb16gbddr5-4800so-dimmx2
ASUS,ROG Strix Scar 17 G733ZX-KH059W,ROG Strix Scar 17 G733ZX-KH059W,intel core i9-12900h,nvidia® geforce rtx™ 3080ti,32gb 16gb ddr5-4800 so-dimm x 2,1tb pcie® 4.0 nvme™ m.2 performance ssd,17.3-inch with 300 nits fhd 16:9 anti-glare display srgb: 100% adobe: 75.35% refresh rate: 360hz response time: 3ms ips-level mux switch + optimus support dolby vision hdr : yes,não identificado,gamer,asus_rogstrixscar17g733zx-kh059w_intelcorei9-12900h_32gb16gbddr5-4800so-dimmx2
ASUS,TUF Gaming A15 FA507NU-LP045W,TUF Gaming A15 FA507NU-LP045W,amd ryzen 7-7735hs,nvidia® geforce rtx™ 4050 6gb,"16gb ddr5-4800 so-dimm, max capacity:32gb, support dual channel memory",512gb pcie® 4.0 nvme™ m.2 ssd,"15.6-inch, fhd 16:9, value ips-level, anti-glare display, srgb:100%, adobe:75.35%, refresh rate:144hz, g-sync, mux switch + nvidia® advanced optimus",não identificado,gamer,"asus_tufgaminga15fa507nu-lp045w_amdryzen7-7735hs_16gbddr5-4800so-dimm,maxcapacity:32gb,supportdualchannelmemory"
HP,Victus 15-FB0028NR,Victus 15-FB0028NR,amd ryzen 7-5800h,nvidia® geforce rtx™ 3050 ti 4gb,16 gb ddr4-3200 mhz,512 gb pcie® gen4 nvme™ tlc m.2 ssd,"15.6-inch diagonal, fhd, 144 hz, ips, micro-edge, anti-glare, 250 nits, 45% ntsc",não identificado,gamer,hp_victus15-fb0028nr_amdryzen7-5800h_16gbddr4-3200mhz
HP,Victus 16-D1002NE,Victus 16-D1002NE,intel core i7-12700h,nvidia® geforce rtx™ 3050 4gb,16 gb ddr5-4800 mhz ram (2 x 8 gb),1 tb pcie® nvme™ tlc m.2 ssd,"16.1"" diagonal, fhd, 144 hz, 7 ms response time, ips, micro-edge, anti-glare, low blue light, 300 nits, 100% srgb",não identificado,gamer,hp_victus16-d1002ne_intelcorei7-12700h_16gbddr5-4800mhzram(2x8gb)
HP,Victus 15-FA0031NE,Victus 15-FA0031NE,intel core i7-12700h,nvidia® geforce rtx™ 3050 4gb,8 gb ddr4-3200 mhz ram (1 x 8 gb) transfer rates up to 3200 mt/s. 1 x 8 gb,512 gb pcie® nvme™ tlc m.2 ssd,"15.6"" diagonal, fhd, 144 hz, 9 ms response time, ips, micro-edge, anti-glare, 250 nits, 45% ntsc",não identificado,gamer,hp_victus15-fa0031ne_intelcorei7-12700h_8gbddr4-3200mhzram(1x8gb)transferratesupto3200mt/s.1x8gb
Lenovo,IdeaPad Gaming 3 15ACH6,IdeaPad Gaming 3 15ACH6,amd ryzen 7-5800h,nvidia® geforce rtx™ 3050 4gb,1x 16gb so-dimm ddr4-3200,512gb ssd m.2 2242 pcie® 3.0x4 nvme®,"15.6"" fhd (1920x1080) ips 250nits anti-glare, 45% ntsc, 120hz",não identificado,gamer,lenovo_ideapadgaming315ach6_amdryzen7-5800h_1x16gbso-dimmddr4-3200
HP,Victus 16-E0004NE,Victus 16-E0004NE,amd ryzen™ 5 5600h,nvidia® geforce® gtx 1650 4gb,8 gb ddr4-3200 mhz ram (2 x 4 gb) transfer rates up to 3200 mt/s. 2 x 4 gb,512 gb pcie® nvme™ tlc m.2 ssd,"16.1"" diagonal, fhd, ips, micro-edge, anti-glare, 250 nits, 45% ntsc",não identificado,gamer,hp_victus16-e0004ne_amdryzen™55600h_8gbddr4-3200mhzram(2x4gb)transferratesupto3200mt/s.2x4gb
MSI,GE76 Raider 12UHS,GE76 Raider 12UHS,intel core i9-12900hk,nvidia® geforce rtx™ 3080 ti 16gb,64gb 32gb*2 ddr5  (4800mhz),2tb nvme ssd gen4x4,"17.3"" fhd (1920*1080), 360hz, close to 100%srgb",não identificado,gamer,msi_ge76raider12uhs_intelcorei9-12900hk_64gb32gb*2ddr5(4800mhz)
MSI,Msi GS66 Stealth 11UG,Msi GS66 Stealth 11UG,intel core i7-11800h,nvidia geforce rtx 3070 8gb,16gb ram,1tb nvme pcie gen4 ssd,"15.6"" qhd (2560x1440), 240hz, ips-level",não identificado,gamer,msi_msigs66stealth11ug_intelcorei7-11800h_16gbram
MSI,Katana GF66 12UG,Katana GF66 12UG,intel core i7-12700h,nvidia geforce rtx 3070 8gb,16gb ram ddr4-3200,1tb nvme pcie ssd,"15.6"" fhd (1920x1080), 144hz, ips-level",não identificado,gamer,msi_katanagf6612ug_intelcorei7-12700h_16gbramddr4-3200
MSI,GF63 Thin 11UD,GF63 Thin 11UD,intel core i7-11800h,nvidia® geforce rtx™ 3050 ti 4gb,"8gb, 2x8gb, ddr4, 3200mhz",256gb nvme pcie ssd +1tb (sata) 5400rpm,"15.6"" fhd (1920*1080), 144hz 45%ntsc ips-level",não identificado,gamer,"msi_gf63thin11ud_intelcorei7-11800h_8gb,2x8gb,ddr4,3200mhz"
MSI,GF63 Thin 11SC,GF63 Thin 11SC,intel core i7-11800h,nvidia geforce gtx 1650 4gb,8gb ddr4-3200,256gb nvme pcie ssd +1tb (sata) 5400rpm,"15.6"" fhd, 60hz 45%ntsc ips-level",não identificado,gamer,msi_gf63thin11sc_intelcorei7-11800h_8gbddr4-3200
MSI,Vector GP76 12UGS,Vector GP76 12UGS,intel core i7-12700h,nvidia geforce rtx 3070ti 8gb,32gb 16gb*2 ddr5 (4800mhz),1tb nvme pcie ssd,"17.3"" qhd, 240hz dci-p3 100% typical",não identificado,gamer,msi_vectorgp7612ugs_intelcorei7-12700h_32gb16gb*2ddr5(4800mhz)
MSI,Vector GP66 12UH,Vector GP66 12UH,intel core i7-12700h,nvidia® geforce rtx™ 3080 8gb,32gb 16gb*2 ddr5 (4800mhz),1tb nvme pcie ssd,"15.6"" qhd, 165hz, ips-level",não identificado,gamer,msi_vectorgp6612uh_intelcorei7-12700h_32gb16gb*2ddr5(4800mhz)
Lenovo,Legion Pro 5 16IRX8,Legion Pro 5 16IRX8,intel core i7-13700hx,nvidia® geforce rtx™ 4060 8gb,"16gb, 2x 8gb so-dimm ddr5-4800",512gb ssd m.2 2280 pcie® 4.0x4 nvme®,"16"" wqxga ips 300nits anti-glare, 100% srgb, 165hz, dolby® vision™, g-sync®, low blue light",não identificado,gamer,"lenovo_legionpro516irx8_intelcorei7-13700hx_16gb,2x8gbso-dimmddr5-4800"
ASUS,ROG Zephyrus M16 GU603ZW-K8069W,ROG Zephyrus M16 GU603ZW-K8069W,intel core i9-12900h,nvidia® geforce rtx™ 3070ti 8gb,32gb  16gb ddr5 on board 16gb ddr5-4800 so-dimm,1tb pcie® 4.0 nvme™ m.2 performance ssd,"rog nebula display 16-inch qhd+ 16:10 (2560 x 1600, wqxga) ips-level anti-glare display dci-p3: 100% refresh rate: 165hz response time: 3ms adaptive-sync pantone validated mux switch + optimus support dolby vision hdr : yes",não identificado,gamer,asus_rogzephyrusm16gu603zw-k8069w_intelcorei9-12900h_32gb16gbddr5onboard16gbddr5-4800so-dimm
ASUS,ROG Strix G16 G614JZ-NN007W,ROG Strix G16 G614JZ-NN007W,intel core i7-13650hx,nvidia® geforce rtx™ 4080 12gb,16gb ddr5-4800 so-dimm,1 tb pcie® 4.0 nvme™ m.2 ssd,"16 -inch, fhd+ 16:10 (1920 x 1200, wuxga)  refresh rate: 165hz  response time (g2g): 7ms  viewing angle: 170  ips-level  brightness: 250nits  contrast: 1000:1  srgb %  100%  anti-glare display  adaptive-sync technology:g-sync  pantone validated  support d",não identificado,gamer,asus_rogstrixg16g614jz-nn007w_intelcorei7-13650hx_16gbddr5-4800so-dimm
ASUS,TUF Gaming A15 FA507RM-HQ098W,TUF Gaming A15 FA507RM-HQ098W,amd ryzen 7-6800h,nvidia® geforce rtx™ 3060 6gb,"16gb 8gb ddr5-4800 so-dimm x 2, max capacity:32gb, support dual channel memory",512gb pcie® 3.0 nvme™ m.2 ssd,"15.6-inch, fhd (1920 x 1080) 16:9, value ips-level, anti-glare display, srgb:62.5%, adobe:47.34%, refresh rate:144hz, adaptive-sync, mux switch + optimus",não identificado,gamer,"asus_tufgaminga15fa507rm-hq098w_amdryzen7-6800h_16gb8gbddr5-4800so-dimmx2,maxcapacity:32gb,supportdualchannelmemory"
ASUS,TUF Gaming A15 FA507XI-LP009W,TUF Gaming A15 FA507XI-LP009W,amd ryzen 9-7940hs,nvidia® geforce rtx™ 4070 8gb,16gb ddr5-4800,512gb pcie® 4.0 nvme™ m.2 ssd,"15.6-inch, fhd (1920 x 1080) 16:9, value ips-level, anti-glare display, srgb:100%, adobe:75.35%, refresh rate:144hz, g-sync, mux switch + nvidia® advanced optimus",não identificado,gamer,asus_tufgaminga15fa507xi-lp009w_amdryzen9-7940hs_16gbddr5-4800
ASUS,TUF Gaming A15 FA507RC-HN007W,TUF Gaming A15 FA507RC-HN007W,amd ryzen 7-6800h,nvidia® geforce rtx™ 3050 4gb,"16gb 2x8gb ddr5-4800 so-dimm , max capacity:32gb, support dual channel memory",512gb pcie® 3.0 nvme™ m.2 ssd,"15.6-inch, fhd (1920 x 1080) 16:9, value ips-level, anti-glare display, srgb:62.5%, adobe:47.34%, refresh rate:144hz, adaptive-sync, mux switch + optimus",não identificado,gamer,"asus_tufgaminga15fa507rc-hn007w_amdryzen7-6800h_16gb2x8gbddr5-4800so-dimm,maxcapacity:32gb,supportdualchannelmemory"
ASUS,TUF Gaming F15 FX507ZV4-LP007W,TUF Gaming F15 FX507ZV4-LP007W,intel core i7-12700h,nvidia® geforce rtx™ 4060 8gb,16gb ddr4-3200,512gb pcie® 4.0 nvme™ m.2 ssd,"15.6-inch, fhd (1920 x 1080) 16:9, value ips-level, anti-glare display, srgb:100%, adobe:75.35%, refresh rate:144hz, g-sync, mux switch + nvidia® advanced optimus",não identificado,gamer,asus_tufgamingf15fx507zv4-lp007w_intelcorei7-12700h_16gbddr4-3200
ASUS,ASUS TUF Gaming F15 FX507ZU4-LP007W,ASUS TUF Gaming F15 FX507ZU4-LP007W,intel core i7-12700h,nvidia® geforce rtx™ 4050 6gb,16gb ddr4-3200 so-dimm,512gb pcie® 4.0 nvme™ m.2 ssd,"15.6-inch, fhd (1920 x 1080) 16:9, value ips-level, anti-glare display, srgb:100%, adobe:75.35%, refresh rate:144hz, g-sync, mux switch + nvidia® advanced optimus",não identificado,gamer,asus_asustufgamingf15fx507zu4-lp007_intelcorei7-12700h_16gbddr4-3200so-dimm
ASUS,TUF Gaming F15 FX507VU4-LP121W,TUF Gaming F15 FX507VU4-LP121W,intel core i9-13900h,nvidia® geforce rtx™ 4050 6gb,16gb ddr4-3200 so-dimm,512gb pcie® 4.0 nvme™ m.2 ssd,"15.6-inch, fhd (1920 x 1080) 16:9, value ips-level, anti-glare display, srgb:100%, adobe:75.35%, refresh rate:144hz, g-sync, mux switch + nvidia® advanced optimus",não identificado,gamer,asus_tufgamingf15fx507vu4-lp121w_intelcorei9-13900h_16gbddr4-3200so-dimm
ASUS,TUF Dash F15 TUF516PE-AB73,TUF Dash F15 TUF516PE-AB73,intel core i7 11370h,nvidia geforce rtx 3050ti 4gb,8gb ram,512gb m.2 nvme™ pcie® 3.0 ssd,"15.6-inch, fhd (1920 x 1080) 16:9 anti-glare display srgb:62.5%, adobe:47.34% refresh rate:144hz value ips-level",não identificado,gamer,asus_tufdashf15tuf516pe-ab73_intelcorei711370h_8gbram
Lenovo,Legion 5 Pro 16ITH6,Legion 5 Pro 16ITH6,intel core i7-11800h,nvidia® geforce rtx™ 3050 ti 4gb,"16gb, 2x 8gb so-dimm ddr4-3200",512gb ssd m.2 2280 pcie® 3.0x4 nvme®,"16"" wqxga (2560x1600) ips 500nits anti-glare, 100% srgb, 165hz, displayhdr™ 400, dolby® vision™, g-sync®",não identificado,gamer,"lenovo_legion5pro16ith6_intelcorei7-11800h_16gb,2x8gbso-dimmddr4-3200"
ASUS,TUF Gaming F15 FX507VV4-LP105W,TUF Gaming F15 FX507VV4-LP105W,intel core i9-13900h,nvidia geforce rtx 4060 8gb,16gb ram,512gb pcie® 4.0 nvme™ m.2 ssd,"15.6-inch, fhd (1920 x 1080) 16:9, value ips-level, anti-glare display, srgb:100%, adobe:75.35%, refresh rate:144hz, g-sync, mux switch + nvidia® advanced optimus",não identificado,gamer,asus_tufgamingf15fx507vv4-lp105w_intelcorei9-13900h_16gbram
HP,Victus 16-E0005NE,Victus 16-E0005NE,amd rayzen 5-5600h,nvidia geforce gtx 1650 4gb,8 gb ddr4-3200 mhz ram (2 x 4 gb),512 gb pcie® nvme™ tlc m.2 ssd,"40.9 cm (16.1"") diagonal, fhd (1920 x 1080), ips, micro-edge, anti-glare, 250 nits, 45% ntsc",não identificado,gamer,hp_victus16-e0005ne_amdrayzen5-5600h_8gbddr4-3200mhzram(2x4gb)
ASUS,TUF Gaming F15 FX507ZC4-HN002W,TUF Gaming F15 FX507ZC4-HN002W,intel core i7-12700h,nvidia geforce rtx 3050 4gb,16gb ddr4,512gb pcie® nvme™ m.2 ssd,"15.6-inch, fhd 16:9, value ips-level, anti-glare display refresh rate:144hz, adaptive-sync, mux switch + optimus",não identificado,gamer,asus_tufgamingf15fx507zc4-hn002w_intelcorei7-12700h_16gbddr4
Lenovo,IdeaPad Pro 5 16IRH8,IdeaPad Pro 5 16IRH8,intel core i7-13700h,nvidia® geforce rtx™ 4050 6gb,16gb soldered lpddr5-5200,512gb ssd m.2 2242 pcie® 4.0x4 nvme®,"16"" 2.5k (2560x1600) ips 350nits anti-glare, 100% srgb, 120hz, eyesafe®, g-sync",não identificado,gamer,lenovo_ideapadpro516irh8_intelcorei7-13700h_16gbsolderedlpddr5-5200
Lenovo,IdeaPad Gaming 3 15IAH7,IdeaPad Gaming 3 15IAH7,intel core i7-12650h,nvidia® geforce rtx™ 3050 4gb,"16gb, 2x 8gb so-dimm ddr4-3200",512gb ssd m.2 2280 pcie® 3.0x4 nvme®,"15.6"" fhd ips 250nits anti-glare, 45% ntsc, 120hz",não identificado,gamer,"lenovo_ideapadgaming315iah7_intelcorei7-12650h_16gb,2x8gbso-dimmddr4-3200"
Lenovo,Legion 5 15ACH6H,Legion 5 15ACH6H,amd ryzen 5-5600h,nvidia® geforce rtx™ 3050 ti 4gb,1x 8gb so-dimm ddr4-3200,512gb ssd m.2 2280 pcie® 3.0x4 nvme®,"15.6"" fhd ips 250nits anti-glare, 45% ntsc, 120hz, freesync™",não identificado,gamer,lenovo_legion515ach6h_amdryzen5-5600h_1x8gbso-dimmddr4-3200
Lenovo,LOQ 15IRH8,LOQ 15IRH8,intel core i7-13620h,nvidia® geforce rtx™ 4050 6gb,"8gb, 1x 8gb so-dimm ddr5-5200",512gb ssd m.2 2242 pcie® 4.0x4 nvme®,"15.6"" fhd ips 350nits anti-glare, 45% ntsc, 144hz, g-sync®",não identificado,gamer,"lenovo_loq15irh8_intelcorei7-13620h_8gb,1x8gbso-dimmddr5-5200"
Lenovo,LOQ 15IRH8,LOQ 15IRH8,intel core i7-13620h,nvidia® geforce rtx™ 4050 6gb,16gb 2x 8gb so-dimm ddr5-5200,512gb ssd m.2 2242 pcie® 4.0x4 nvme®,"15.6"" fhd ips 350nits anti-glare, 45% ntsc, 144hz, g-sync®",não identificado,gamer,lenovo_loq15irh8_intelcorei7-13620h_16gb2x8gbso-dimmddr5-5200
Dell,G15 5515,G15 5515,amd ryzen 5-5600h,nvidia geforce rtx 3050 4gb,8gb ram,512gb ssd,15.6 inch fhd lcd 120hz,não identificado,gamer,dell_g155515_amdryzen5-5600h_8gbram
ASUS,ROG Strix SCAR 18 G834JY-N6033W,ROG Strix SCAR 18 G834JY-N6033W,intel core i9-13980hx,nvidia® geforce rtx™ 4090 16gb,32gb 16gb ddr5-4800 so-dimm x 2,2tb 1tb + 1tb pcie® 4.0 nvme™ m.2 performace ssd,"rog nebula display 18-inch qhd+ 16:10 , wqxga ips-level anti-glare display dci-p3: 100.00% refresh rate: 240hz response time: 3ms g-sync pantone validated mux switch + nvidia® advanced optimus support dolby vision hdr : yes",não identificado,gamer,asus_rogstrixscar18g834jy-n6033w_intelcorei9-13980hx_32gb16gbddr5-4800so-dimmx2
ASUS,TUF Dash F15 FX516PM-HN023T,TUF Dash F15 FX516PM-HN023T,intel core i7 11370h,nvidia geforce rtx3060 6gb,"16gb 8gb ddr4 on board, 8gb ddr4-3200 so-dimm, max capacity:24gb",512gb pcie® 3.0 nvme™ m.2 ssd,"15.6-inch, fhd (1920 x 1080) 16:9, value ips-level, anti-glare display, srgb:62.5%, adobe:47.34%, refresh rate:144hz, adaptive-sync, optimus",não identificado,gamer,"asus_tufdashf15fx516pm-hn023t_intelcorei711370h_16gb8gbddr4onboard,8gbddr4-3200so-dimm,maxcapacity:24gb"
ASUS,ROG Strix G15 G513IM-HN007W,ROG Strix G15 G513IM-HN007W,amd rayzen 7-4800h,nvidia® geforce rtx™ 3060,16gb ddr4,1tb pcie® 3.0 nvme™ m.2 ssd,15.6-inch fhd (1920 x 1080) 16:9 144hz,não identificado,gamer,asus_rogstrixg15g513im-hn007w_amdrayzen7-4800h_16gbddr4
MSI,GF63 Thin 10UC,GF63 Thin 10UC,intel core i5-10500h,nvidia® geforce rtx™ 3050 4gb,8gb ddr4-2666,1tb+256 ssd,"15.6"" fhd, ips-level",não identificado,gamer,msi_gf63thin10uc_intelcorei5-10500h_8gbddr4-2666
MSI,GF63 Thin 10UC,GF63 Thin 10UC,intel core i7-10750h,nvidia® geforce rtx™ 3050 4gb,16gb ddr4-2666,1tb+256 ssd,"15.6"" fhd, ips-level",não identificado,gamer,msi_gf63thin10uc_intelcorei7-10750h_16gbddr4-2666
MSI,GF63 Thin 11SC,GF63 Thin 11SC,intel core i5-11400h,nvidia geforce gtx 1650 4gb,8gb ddr4-3200,1tb hdd (sata) 5400rpm + 256gb nvme pcie ssd,"15.6"" fhd, ips-level",não identificado,gamer,msi_gf63thin11sc_intelcorei5-11400h_8gbddr4-3200
MSI,GF63 Thin 11UC,GF63 Thin 11UC,intel core i5-11400h,nvidia® geforce rtx™ 3050 4gb,8gb ddr4-3200,1tb hdd (sata) 5400rpm + 256gb nvme pcie ssd,"15.6"" fhd, ips-level",não identificado,gamer,msi_gf63thin11uc_intelcorei5-11400h_8gbddr4-3200
ASUS,ROG Flow Z13 GZ301ZE-LD165W,ROG Flow Z13 GZ301ZE-LD165W,intel core i9-12900h,nvidia® geforce rtx™ 3050ti,16gb 2x 8gb lpddr5 on board,1tb pcie® 4.0 nvme™ m.2 ssd (2230),"13.4-inch fhd+ 16:10, wuxga) ips-level glossy display srgb: 100 touch screen refresh rate: 120hz response time: 30ms pantone validated support stylus: yes mux switch + optimus support dolby vision hdr : yes",não identificado,gamer,asus_rogflowz13gz301ze-ld165w_intelcorei9-12900h_16gb2x8gblpddr5onboard
ASUS,Vivobook Pro 15 OLED D6500QH-OLED005W,Vivobook Pro 15 OLED D6500QH-OLED005W,amd ryzen™ 5 5600h,nvidia® geforce® gtx 1650 4gb gddr6,8gb ddr4,512gb m.2 nvme™ pcie® 3.0 ssd,15.6-inch 2.8k oled 16:9 aspect ratio 120hz refresh rate,não identificado,gamer,asus_vivobookpro15oledd6500qh-oled0_amdryzen™55600h_8gbddr4
ASUS,Vivobook Pro 16X OLED M7600QC-OLED007W,Vivobook Pro 16X OLED M7600QC-OLED007W,amd ryzen 7-5800h,nvidia® geforce® rtx™ 3050 laptop gpu 4gb gddr6,16gb ddr4,1tb m.2 nvme™ pcie® 3.0 ssd,16.0-inch 4k oled 16:10 aspect ratio 60hz refresh rate,não identificado,gamer,asus_vivobookpro16xoledm7600qc-oled_amdryzen7-5800h_16gbddr4
ASUS,ROG Flow X16 GV601RM-M007W,ROG Flow X16 GV601RM-M007W,amd ryzen 7-6800hs,nvidia® geforce rtx™ 3060,16gb 2x 8gb ddr5-4800 so-dimm,1tb pcie® 4.0 nvme™ m.2 performance ssd,"rog nebula display 16-inch qhd+ 16:10, wqxga) ips-level glossy display dci-p3: 100% touch screen refresh rate: 165hz response time: 3ms pantone validated support stylus: yes mux switch + optimus support dolby vision hdr : yes",não identificado,gamer,asus_rogflowx16gv601rm-m007w_amdryzen7-6800hs_16gb2x8gbddr5-4800so-dimm
ASUS,ROG Flow X16 GV601RW-M009W,ROG Flow X16 GV601RW-M009W,amd ryzen 9-6900hs,nvidia® geforce rtx™ 3070ti,32gb 16gb ddr5-4800 so-dimm x 2,1tb pcie® 4.0 nvme™ m.2 performance ssd,"rog nebula display 16-inch qhd+ 16:10 (2560 x 1600, wqxga) ips-level glossy display dci-p3: 100% touch screen refresh rate: 165hz response time: 3ms pantone validated support stylus: yes mux switch + optimus support dolby vision hdr : yes",não identificado,gamer,asus_rogflowx16gv601rw-m009w_amdryzen9-6900hs_32gb16gbddr5-4800so-dimmx2
ASUS,ProArt Studiobook 16 OLED H7600HM-OLED009W,ProArt Studiobook 16 OLED H7600HM-OLED009W,intel core i7-11800h,nvidia® geforce® rtx™ 3060 laptop gpu 6gb,32gb ddr4,1tb m.2 nvme™ pcie® 3.0 performance ssd,"16"" inch 4k oled 16:10 aspect ratio 60hz refresh rate",não identificado,gamer,asus_proartstudiobook16oledh7600hm-_intelcorei7-11800h_32gbddr4
ASUS,ProArt Studiobook 16 OLED H5600QM-OLED009W,ProArt Studiobook 16 OLED H5600QM-OLED009W,amd ryzen 9-5900hx,nvidia® geforce® rtx™ 3060 laptop gpu 6gb gddr6,32gb ddr4,1tb + 1tb m.2 nvme™ pcie® 3.0 performance ssd,4k oled 16:10 aspect ratio,não identificado,gamer,asus_proartstudiobook16oledh5600qm-_amdryzen9-5900hx_32gbddr4
ASUS,TUF Gaming F15 FX507ZR-HQ003W,TUF Gaming F15 FX507ZR-HQ003W,intel core i7-12700h,nvidia geforce rtx 3070 8gb,"16gb, 2x8gb, ddr5-4800 so-dimm",1tb m.2 nvme™ pcie® 3.0 ssd,"15.6-inch, fhd 16:9, anti-glare display, srgb:62.50%, adobe:47.34%, refresh rate:144hz, value ips-level, adaptive-sync, mux switch + optimus",não identificado,gamer,"asus_tufgamingf15fx507zr-hq003w_intelcorei7-12700h_16gb,2x8gb,ddr5-4800so-dimm"
ASUS,Zenbook Pro Duo 15 OLED UX582ZM-OLED009W,Zenbook Pro Duo 15 OLED UX582ZM-OLED009W,intel® core™ i9-12900h,nvidia® geforce® rtx™ 3060 6gb,lpddr5 32gb,1tb m.2 nvme™ pcie® 4.0 performance ssd,"15.6"" inch 4k oled 16:9 aspect ratio, 0.2ms response time, 60hz refresh rate, 550nits hdr peak brightness, 100% dci-p3 color gamut, 1,000,000:1, vesa certified display hdr true black 500, 1.07 billion colors, pantone validated, glossy display, 65% less ha",não identificado,gamer,asus_zenbookproduo15oledux582zm-ole_intel®core™i9-12900h_lpddr532gb
ASUS,ROG Strix G15 G513RM-LN007W,ROG Strix G15 G513RM-LN007W,amd ryzen 7-6800h,nvidia® geforce rtx™ 3060,16gb ddr5,1tb ssd pcie® 4.0 nvme™ m.2 ssd,"15.6-inch with 200 nits, wqhd 16:9 ips-level anti-glare display dci-p3: 100.00% refresh rate: 240hz response time: 3ms mux switch + optimus support dolby vision hdr : yes",não identificado,gamer,asus_rogstrixg15g513rm-ln007w_amdryzen7-6800h_16gbddr5
Acer,Nitro 5 AN515-58-74A0,Nitro 5 AN515-58-74A0,intel core i7-12700h,nvidia geforce rtx 3060 6gb,16 gb ddr4 3200mhz memory,512gb pcie nvme sed ssd,"15.6"" fhd ips 144hz slimbezel",não identificado,gamer,acer_nitro5an515-58-74a0_intelcorei7-12700h_16gbddr43200mhzmemory
Acer,Aspire 7 A715-51G-74HZ,Aspire 7 A715-51G-74HZ,intel core i7-1260p,nvidia geforce rtx 3050 4gb,16 gb ddr4 memory,512gb pcie nvme ssd,"15.6"" fhd ips slimbezel",não identificado,gamer,acer_aspire7a715-51g-74hz_intelcorei7-1260p_16gbddr4memory
Acer,Aspire 7 A715-51G-563H,Aspire 7 A715-51G-563H,intel core i5-1240p,nvidia geforce rtx 3050 4gb,8 gb ddr4 memory,512gb pcie nvme ssd,"15.6"" fhd ips slimbezel",não identificado,gamer,acer_aspire7a715-51g-563h_intelcorei5-1240p_8gbddr4memory
Acer,Predator Helios 300 PH315-55-7213,Predator Helios 300 PH315-55-7213,intel core 17-12700h,nvidia geforce rtx 3070 8gb,32gb ddr5 sdram 2 x 16gb,1tb pcie nvme ssd,"15.6"" qhd ips 165hz slimbezel",não identificado,gamer,acer_predatorhelios300ph315-55-7213_intelcore17-12700h_32gbddr5sdram2x16gb
Acer,Nitro 5 AN515-57-7447,Nitro 5 AN515-57-7447,intel core i7-11800h,nvidia geforce rtx 3060 6gb,24 gb ddr4 sdram 1 x 16gb 1 x 8gb,1tb pcie nvme ssd,"15.6"" fhd ips 144hz slimbezel",não identificado,gamer,acer_nitro5an515-57-7447_intelcorei7-11800h_24gbddr4sdram1x16gb1x8gb
ASUS,TUF Gaming F15 FX506HF-HN001W,TUF Gaming F15 FX506HF-HN001W,intel core i5-11400h,nvidia® geforce rtx™ 2050,8gb ddr4-3200 so-dimm,512gb pcie® 3.0 nvme™ m.2 ssd,15.6-inch fhd 16:9 144hz  ips-level 250nits contrast 1000:1 ntsc 45% srgb 62.5% adobe 47.34% adaptive-sync anti-glare display,não identificado,gamer,asus_tufgamingf15fx506hf-hn001w_intelcorei5-11400h_8gbddr4-3200so-dimm
ASUS,ROG Strix G15 G513RM-HF007W,ROG Strix G15 G513RM-HF007W,amd ryzen 7-6800h,nvidia® geforce rtx™ 3060,16gb 8gb ddr5-4800 so-dimm *2,1tb pcie® 4.0 nvme™ m.2 ssd,15.6-inch fhd 16:9 300hz 3ms ips-level 300nits anti-glare display adobe % 75.35% srgb % 100.00%,não identificado,gamer,asus_rogstrixg15g513rm-hf007w_amdryzen7-6800h_16gb8gbddr5-4800so-dimm*2
ASUS,Rog Zephyrus G15 GA503RW-LN054W,Rog Zephyrus G15 GA503RW-LN054W,amd ryzen 9-6900hs,nvidia® geforce rtx™ 3070 ti,32gb 16gb ddr5 on board 16gb ddr5-4800 so-dimm,1tb pcie® 4.0 nvme™ m.2 ssd,15.6-inch wqhd 16:9 ips-level anti-glare display dci-p3: 100% refresh rate: 240hz response time: 3ms adaptive-sync pantone validated mux switch + optimus support dolby vision hdr : yes,não identificado,gamer,asus_rogzephyrusg15ga503rw-ln054w_amdryzen9-6900hs_32gb16gbddr5onboard16gbddr5-4800so-dimm
ASUS,ROG Strix SCAR 18 G834JZ-N6022W,ROG Strix SCAR 18 G834JZ-N6022W,intel core i9-13980hx,nvidia geforce rtx 4080 12gb,32gb 16gb ddr5-4800 so-dimm *2,1tb pcie® 4.0 nvme™ m.2 performance ssd,"18-inch 16:10 (2560 x 1600, wqxga) 240hz 3ms ips-level brightness 500 contrast 1000:1 dci-p3 % 100.00% anti-glare display",não identificado,gamer,asus_rogstrixscar18g834jz-n6022w_intelcorei9-13980hx_32gb16gbddr5-4800so-dimm*2
MSI,GF63 Thin 10SCSR,GF63 Thin 10SCSR,intel core i5-10500h,nvidia geforce gtx 1650 4gb,8gb ram,1tb hdd+256gb ssd,"15.6"" fhd, ips-level",não identificado,gamer,msi_gf63thin10scsr_intelcorei5-10500h_8gbram
MSI,Katana GF66 11UE,Katana GF66 11UE,intel core i7-11800h,nvidia® geforce rtx™ 3060 6gb,16gb ddr4- 3200 ram,1tb ssd,"15.6"" fhd, 144hz, ips-level",não identificado,gamer,msi_katanagf6611ue_intelcorei7-11800h_16gbddr4-3200ram
ASUS,TUF Dash F15 FX517ZM-AS73,TUF Dash F15 FX517ZM-AS73,intel core i7-12650h,nvidia geforce rtx 3060,16gb ddr5 4800mhz ram,512gb m.2 nvme™ pcie® 3.0 ssd,"15.6'' inch, fhd 144hz",não identificado,gamer,asus_tufdashf15fx517zm-as73_intelcorei7-12650h_16gbddr54800mhzram
MSI,Katana GF66 12UGS,Katana GF66 12UGS,intel core i7-12700h,nvidia® geforce rtx™ 3070 ti,16gb ram ddr4-3200 2 slots,1tb ssd,"15.6"" fhd, 240hz, ips-level",não identificado,gamer,msi_katanagf6612ugs_intelcorei7-12700h_16gbramddr4-32002slots
MSI,GF63 Thin 10UD,GF63 Thin 10UD,intel core i7-10750h,nvidia® geforce rtx™ 3050ti 4gb,16gb ram,1tb hdd + 256gb nvme pcie ssd,"15.6"" fhd, 144hz, ips-level",não identificado,gamer,msi_gf63thin10ud_intelcorei7-10750h_16gbram
MSI,GF63 Thin 11UC,GF63 Thin 11UC,intel core i7-11800h,nvidia® geforce rtx™ 3050 4gb,16gb ddr4 3200mhz memory,1tb hdd (sata) 5400rpm + 256gb nvme pcie ssd,"15.6"" fhd, 144hz, ips-level",não identificado,gamer,msi_gf63thin11uc_intelcorei7-11800h_16gbddr43200mhzmemory
ASUS,ROG Flow X16 GV601RM-BLK57W,ROG Flow X16 GV601RM-BLK57W,amd ryzen 7-6800hs,nvidia® geforce rtx™ 3060 6gb,16gb 8gb ddr5-4800 so-dimm x 2,512gb pcie® 4.0 nvme™ m.2 performance ssd,"16-inch qhd+ 16:10 (2560 x 1600, wqxga) ips-level glossy screen dci-p3: 100% touch screen refresh rate: 165hz response time: 3ms adaptive-sync pantone validated support stylus: yes mux switch + optimus support dolby vision hdr : yes",não identificado,gamer,asus_rogflowx16gv601rm-blk57w_amdryzen7-6800hs_16gb8gbddr5-4800so-dimmx2
ASUS,TUF Gaming F15 FX507ZM-HQ013W,TUF Gaming F15 FX507ZM-HQ013W,intel core i7-12700h,"nvidia® geforce rtx™ 3060 laptop gpu, 1752mhz at 140w (1702mhz boost clock+50mhz oc, 115w+25w dynamic boost), 6gb gddr6",16gb,1tb ssd,"15.6-inch, fhd 16:9, anti-glare display, srgb:62.50%, adobe:47.34%, refresh rate:144hz, value ips-level, adaptive-sync, mux switch + optimus",não identificado,gamer,asus_tufgamingf15fx507zm-hq013w_intelcorei7-12700h_16gb
ASUS,ROG Flow X16 GV601RE-GRY57W,ROG Flow X16 GV601RE-GRY57W,amd ryzen 7-6800hs,nvidia® geforce rtx™ 3050 ti laptop gpu 4gb gddr6,16gb,512gb pcie® 4.0 nvme™ m.2 ssd,"qhd+ 16:10, wqxga, 165hz,",não identificado,gamer,asus_rogflowx16gv601re-gry57w_amdryzen7-6800hs_16gb
Lenovo,IdeaPad Gaming 3 15IHU6,IdeaPad Gaming 3 15IHU6,intel core i7-11370h,nvidia geforce rtx 3050ti 4gb,16gb,512gb ssd,"15.6 inch fhd ips 250nits anti-glare, 45% ntsc, 120hz",não identificado,gamer,lenovo_ideapadgaming315ihu6_intelcorei7-11370h_16gb
Acer,Aspire 5 A515-57G-57EU,Aspire 5 A515-57G-57EU,intel core i5-1240p,nvidia geforce rtx 2050 4gb,8gb,256gb ssd,15.6 inch fhd ips,não identificado,gamer,acer_aspire5a515-57g-57eu_intelcorei5-1240p_8gb
Acer,Aspire 5 A515-57G-70GT,Aspire 5 A515-57G-70GT,intel core i7-1260p,nvidia geforce rtx 2050 4gb,8gb,512gb ssd,15.6 inch fhd ips,não identificado,gamer,acer_aspire5a515-57g-70gt_intelcorei7-1260p_8gb
Acer,Acer Aspire 7 A715-43G-R380,Acer Aspire 7 A715-43G-R380,amd ryzen 5-5625u,nvidia geforce rtx3050 4gb,8gb,512gb ssd,"15.6"" inch fhd",não identificado,gamer,acer_aceraspire7a715-43g-r380_amdryzen5-5625u_8gb
Acer,Aspire 7 A715-43G-R3A6,Aspire 7 A715-43G-R3A6,amd ryzen 7-5825u,nvidia geforce rtx3050 4gb,16gb,512gb ssd,15.6 inch fhd 144hz,não identificado,gamer,acer_aspire7a715-43g-r3a6_amdryzen7-5825u_16gb
ASUS,TUF Dash F15 FX517ZC-HN002W,TUF Dash F15 FX517ZC-HN002W,intel core i7-12650h,nvidia geforce rtx 3050 4gb,16gb,512gb ssd,"15.6 inch fhd, 16:9, anti-glare display srgb:62.5%, adobe:47.34%, refresh rate:144hz, ips-level, adaptive-sync, mux switch + optimus",não identificado,gamer,asus_tufdashf15fx517zc-hn002w_intelcorei7-12650h_16gb
Lenovo,Lenovo Ideapad Gaming 3,Lenovo Ideapad Gaming 3,intel core i7-12650h,nvidia geforce rtx 3060 6gb,16gb,512gb ssd,"15.6"" fhd ips 250nits anti-glare, 45% ntsc, 120hz",não identificado,gamer,lenovo_lenovoideapadgaming3_intelcorei7-12650h_16gb
ASUS,TUF Gaming A15 FA506ICB-HN005W,TUF Gaming A15 FA506ICB-HN005W,amd ryzen 5-4600h,nvidia geforce rtx3050 4gb,8gb,512gb pcie® 3.0 nvme™ m.2 ssd,"15.6-inch, fhd 16:9, value ips-level, anti-glare display, srgb:62.5%, adobe:47.1%, refresh rate:144hz, optimus",não identificado,gamer,asus_tufgaminga15fa506icb-hn005w_amdryzen5-4600h_8gb
ASUS,TUF Gaming A15 FA506IHR-HN019W,TUF Gaming A15 FA506IHR-HN019W,amd ryzen 5-4600h,nvidia® geforce gtx™ 1650 4gb,"8gb ddr4-3200 so-dimm, max capacity:32gb",512gb m.2 nvme™ pcie® 3.0 ssd,"15.6-inch, fhd 16:9, anti-glare display, srgb:62.5%, adobe:47.34%, refresh rate:144hz, value ips-level, adaptive-sync, optimus",não identificado,gamer,"asus_tufgaminga15fa506ihr-hn019w_amdryzen5-4600h_8gbddr4-3200so-dimm,maxcapacity:32gb"
MSI,GF63 Thin 10SC,GF63 Thin 10SC,intel core i7-10750h,nvidia geforce gtx1650 4gb,"8gb (1x8gb) ddr4-2666 memory type, 2 slots number of so-dimm, slot max 64gb max capacity","256gb m.2 ssd combo slot (nvme pcie gen3 / sata) ssd + 1t x 2.5"" sata hdd hdd","15.6"" fhd ips-level",não identificado,gamer,"msi_gf63thin10sc_intelcorei7-10750h_8gb(1x8gb)ddr4-2666memorytype,2slotsnumberofso-dimm,slotmax64gbmaxcapacity"
HP,Victus 16-D1012NIA,Victus 16-D1012NIA,intel core i7-12700h,nvidia geforce rtx3060 6gb,16 gb ddr5-4800 mhz ram (2 x 8 gb),1 tb pcie® nvme™ tlc m.2 ssd,"40.9 cm (16.1"") diagonal, fhd, 144 hz, ips, micro-edge, anti-glare, 250 nits, 45% ntsc",não identificado,gamer,hp_victus16-d1012nia_intelcorei7-12700h_16gbddr5-4800mhzram(2x8gb)
HP,Victus 16-E0003NE,Victus 16-E0003NE,amd ryzen 5-5600h,nvidia® geforce® gtx 1650 laptop gpu (4gb gddr6 dedicated),8gb ddr4 3200mhz (2 x 4gb),512gb pcie® nvme™ tlc m.2 hard drive,"40.9 cm (16.1"") diagonal fhd ips micro-edge, anti-glare, 250 nits, ntsc 45% color",não identificado,gamer,hp_victus16-e0003ne_amdryzen5-5600h_8gbddr43200mhz(2x4gb)
Acer,Nitro 5 AN515 57 5700,Nitro 5 AN515 57 5700,intel core i5-11400h,nvidia geforce rtx3050ti 4gb gddr6 gpu boost clock up to 1485mhz maximum graphics power up to 75 w,16gb ddr4 sdram,512gb pci express,15.6 inch fhd,não identificado,gamer,acer_nitro5an515575700_intelcorei5-11400h_16gbddr4sdram
Dell,G15 5511,G15 5511,intel core i5-11400h,nvidia® geforce® rtx™ 3050,"8 gb, 2 x 4 gb, dual-channel ddr4, 3200 mhz","512 gb, m.2 2230, pcie nvme gen3 x4, ssd","15.6-inch, fhd, 120 hz, anti-glare, non-touch, 300 nits, wide-viewing angle (wva)",não identificado,gamer,"dell_g155511_intelcorei5-11400h_8gb,2x4gb,dual-channelddr4,3200mhz"
HP,OMEN 16-B0002TX,OMEN 16-B0002TX,intel core i5-11400h,nvidia® geforce rtx™ 3050 ti 4gb,16 gb ddr4-2933 mhz ram (2 x 8 gb),512 gb pcie® nvme™ tlc m.2 ssd,"16.1"" diagonal, fhd, ips, micro-edge, anti-glare, 300 nits, 100% srgb",não identificado,gamer,hp_omen16-b0002tx_intelcorei5-11400h_16gbddr4-2933mhzram(2x8gb)
HP,Victus 16-D0032NE,Victus 16-D0032NE,intel core i7-11800h,nvidia geforce rtx™ 3060 6gb,16gb ram,1tb ssd,"40.9 cm (16.1"") diagonal fhd, 144hz refresh rate, 7ms response time, ips, micro-edge, anti-glare, low blue light, 300 nits brightness, srgb 100 % 2 3 4",não identificado,gamer,hp_victus16-d0032ne_intelcorei7-11800h_16gbram
HP,Victus 15-FA0032DX,Victus 15-FA0032DX,intel core i7-12650h,nvidia geforce rtx 3050 ti 4gb,16 gb ddr4-3200 mhz ram (1 x 16 gb),512 gb pcie nvme m.2 ssd,"15.6 inch diagonal, fhd, 144 hz, 9 ms response time, ips, micro-edge, anti-glare",não identificado,gamer,hp_victus15-fa0032dx_intelcorei7-12650h_16gbddr4-3200mhzram(1x16gb)
ASUS,ROG Strix G15 G513RC-HN088W,ROG Strix G15 G513RC-HN088W,amd ryzen 7 6800h,nvidia® geforce rtx™ 3050 4gb,16gb ddr4 2x8gb ddr5-4800 so-dimm,512gb pcie® 4.0 nvme™ m.2 ssd,15.6-inch with 200 nits fhd 16:9 anti-glare display srgb: 62.5% adobe: 47.34% ips-level mux switch + optimus,não identificado,gamer,asus_rogstrixg15g513rc-hn088w_amdryzen76800h_16gbddr42x8gbddr5-4800so-dimm
Lenovo,Legion 5 Pro 16ACH6H,Legion 5 Pro 16ACH6H,amd ryzen 7-5800h,nvidia geforce rtx 3070 8gb,16gb 2x 8gb so-dimm ddr4-3200,512gb ssd m.2 2280 pcie 3.0x4 nvme,"16"" wqxga ips 500nits anti-glare, 100% srgb, 165hz, displayhdr 400, dolby vision, freesync, g-sync",não identificado,gamer,lenovo_legion5pro16ach6h_amdryzen7-5800h_16gb2x8gbso-dimmddr4-3200
Dell,G15 5511,G15 5511,intel core i5-11260h,nvidia geforce rtx 3050 4gb,"8gb, 2x4gb, ddr4, 3200mhz",512gb m.2 pcie nvme solid state drive,15.6 inch fhd 120hz 250 nits wva anti- glare led backlit narrow border display,não identificado,gamer,"dell_g155511_intelcorei5-11260h_8gb,2x4gb,ddr4,3200mhz"
ASUS,ROG Strix G15 G513IE-HN006W,ROG Strix G15 G513IE-HN006W,amd ryzen 7 4800h,nvidia® geforce rtx™ 3050 ti 4gb gddr6,16gb ram 8gb ddr4-3200 so-dimm x 2,1tb pcie® 3.0 nvme™ m.2 ssd,15.6-inch fhd 16:9 value ips-level anti-glare display srgb: 62.5% refresh rate: 144hz adaptive-sync optimus,não identificado,gamer,asus_rogstrixg15g513ie-hn006w_amdryzen74800h_16gbram8gbddr4-3200so-dimmx2
ASUS,Tuf Gaming F15 FX507ZM-HF007W,Tuf Gaming F15 FX507ZM-HF007W,intel core i7-12700h,nvidia geforce rtx 3060 6gb gddr6,16gb ram,512gb ssd,15.6'' inch fhd 300hz,não identificado,gamer,asus_tufgamingf15fx507zm-hf007w_intelcorei7-12700h_16gbram
ASUS,TUF GAMING F15 FX506HC-HN002W,TUF GAMING F15 FX506HC-HN002W,intel core i5-11400h,nvidia® geforce rtx™ 3050 4gb gddr6,8gb ram,512gb m.2 nvme™ pcie® 3.0 ssd,"15.6-inch, fhd 16:9, anti-glare display, srgb:62.5%, adobe:47.34%, refresh rate:144hz, value ips-level, adaptive-sync, optimus",não identificado,gamer,asus_tufgamingf15fx506hc-hn002w_intelcorei5-11400h_8gbram
Lenovo,Legion 5 15ACH6H,Legion 5 15ACH6H,amd ryzen 7-5800h,nvidia geforce rtx 3070 8gb,16gb 2x 8gb so-dimm ddr4-3200,1tb ssd m.2 2280 pcie 3.0x4 nvme,"15.6"" wqhd ips 300nits anti-glare, 100% srgb, 165hz, dolby vision, freesync, g-sync",não identificado,gamer,lenovo_legion515ach6h_amdryzen7-5800h_16gb2x8gbso-dimmddr4-3200
ASUS,Vivobook Pro 15 K3500PC-OLED007W,Vivobook Pro 15 K3500PC-OLED007W,intel core i7-11370h,nvidia® geforce® rtx™ 3050 4gb,16gb ddr4 on board,1tb m.2 nvme™ pcie® 3.0 ssd,"15.6-inch, fhd 16:9 aspect ratio, 0.2ms response time, 400nits, 600nits peak brightness, 100% dci-p3 color gamut, pantone validated, glossy display, screen-to-body ratio: 84 ％",não identificado,gamer,asus_vivobookpro15k3500pc-oled007w_intelcorei7-11370h_16gbddr4onboard
ASUS,TUF Dash F15 FX517ZC-HN051W,TUF Dash F15 FX517ZC-HN051W,intel core i5-12450h,nvidia® geforce rtx™ 3050 4gb,"8gb ddr5-4800 so-dimm, max capacity:32gb, support dual channel memory",512gb m.2 nvme™ pcie® 3.0 ssd,"15.6-inch, fhd 16:9, anti-glare display, dci-p3:100%, refresh rate:144hz, response time:3ms, ips-level, adaptive-sync, mux switch + optimus",não identificado,gamer,"asus_tufdashf15fx517zc-hn051w_intelcorei5-12450h_8gbddr5-4800so-dimm,maxcapacity:32gb,supportdualchannelmemory"
ASUS,TUF Dash F15 FX517ZE-HN040W,TUF Dash F15 FX517ZE-HN040W,intel core i7-12650h,nvidia® geforce rtx™ 3050 ti 4gb,16gb ram,512gb m.2 nvme™ pcie® 3.0 ssd,"15.6-inch, fhd 16:9, anti-glare display, srgb:62.5%, adobe:47.34%, refresh rate:144hz, value ips-level, adaptive-sync, mux switch + optimus",não identificado,gamer,asus_tufdashf15fx517ze-hn040w_intelcorei7-12650h_16gbram
ASUS,ROG Strix G15 G513RM-HF284W,ROG Strix G15 G513RM-HF284W,amd ryzen 7 6800h,nvidia® geforce rtx™ 3060 6gb,16gb ddr4,512gb pcie® 4.0 nvme™ m.2 ssd,15.6-inch with 200 nits fhd 16:9 anti-glare display srgb: 100.00% adobe: 75.35% refresh rate: 300hz response time: 3ms ips-level mux switch + optimus support dolby vision hdr : yes,não identificado,gamer,asus_rogstrixg15g513rm-hf284w_amdryzen76800h_16gbddr4
Lenovo,IdeaPad Gaming 3 15IHU6,IdeaPad Gaming 3 15IHU6,intel core i7-11370h,nvidia geforce rtx 3050,1x 8gb so-dimm ddr4-3200,"256gb ssd m.2 2242 pcie 3.0x4 nvme + 1tb hdd 5400rpm 2.5""","15.6"" fhd ips 250nits anti-glare, 45% ntsc, 120hz",não identificado,gamer,lenovo_ideapadgaming315ihu6_intelcorei7-11370h_1x8gbso-dimmddr4-3200
Acer,Swift X SFX14-41G-R1S6,Swift X SFX14-41G-R1S6,amd ryzen 7 5800u,nvidia geforce rtx 3050 ti 4gb,16gb lpddr4x,512gb nvme ssd,"14"" full hd ips widescreen led-backlit 100% srgb display with 300 nits brightness and 16:9 aspect ratio",não identificado,gamer,acer_swiftxsfx14-41g-r1s6_amdryzen75800u_16gblpddr4x
ASUS,TUF Dash F15 FX516PR-211.TM15,TUF Dash F15 FX516PR-211.TM15,intel core i7-11370h,"nvidia® geforce rtx™ 3070 laptop gpu,with rog boost up to 1390mhz at 80w (85w with dynamic boost),8gb gddr6",16gb (ddr4 3200mhz) on board,1tb m.2 nvme™ pcie® 3.0 ssd,"15.6-inch,fhd 16:9,anti-glare display srgb:100% adobe:75.35% refresh rate:240hz ips-level",não identificado,gamer,asus_tufdashf15fx516pr-211.tm15_intelcorei7-11370h_16gb(ddr43200mhz)onboard
ASUS,TUF Dash F15 FX517ZE-ES73,TUF Dash F15 FX517ZE-ES73,intel core i7-12650h,nvidia geforce rtx 3050 ti 4gb,16gb ddr5 4800mhz ram,512gb pcie nvme m.2 ssd,15.6” full hd ips 144hz,não identificado,gamer,asus_tufdashf15fx517ze-es73_intelcorei7-12650h_16gbddr54800mhzram
Dell,G15 5510,G15 5510,intel core i5-10500h,nvidia geforce gtx 1650 4gb,8gb ddr4 2933mhz,512gb m.2 pcie nvme solid state drive,15.6 inch fhd 120hz 250 nits wva anti-glare led backlit narrow border display,não identificado,gamer,dell_g155510_intelcorei5-10500h_8gbddr42933mhz
Dell,G15 5510,G15 5510,intel core i7-10870h,nvidia geforce rtx 3060 6gb,"16gb, 2x8gb, ddr4, 2933mhz",512gb m.2 pcie nvme solid state drive,15.6 inch fhd 165hz 300 nits wva anti-glare led backlit narrow border display,não identificado,gamer,"dell_g155510_intelcorei7-10870h_16gb,2x8gb,ddr4,2933mhz"
HP,Pavilion Gaming 15-DK2087NE,Pavilion Gaming 15-DK2087NE,intel® core™ i5-11300h,nvidia® geforce® gtx 1650 4gb,8gb ddr4-3200 mhz ram (2 x 4 gb),1tb 7200 rpm sata hdd +256gb pcie® nvme™ m.2 ssd,"15.6""inch diagonal, fhd, 144 hz, 7 ms response time, ips, micro-edge, anti-glare, 300 nits, 72% ntsc",não identificado,gamer,hp_paviliongaming15-dk2087ne_intel®core™i5-11300h_8gbddr4-3200mhzram(2x4gb)
Lenovo,IdeaPad Gaming 3 15IHU6,IdeaPad Gaming 3 15IHU6,intel core i5-11320h,nvidia geforce rtx 3050,1x 8gb so-dimm ddr4-3200,512gb ssd m.2 2242 pcie 3.0x4 nvme,"15.6"" fhd ips 250nits anti-glare, 45% ntsc, 120hz",não identificado,gamer,lenovo_ideapadgaming315ihu6_intelcorei5-11320h_1x8gbso-dimmddr4-3200
,F15 FX516PM-211.TF15,F15 FX516PM-211.TF15,intel core i7-11370h,nvidia geforce rtx3060 6gb,"16gb ddr4-3200 so-dimm,max capacity : 32gb",1tb ssd,"15.6-inch,fhd (1920 x 1080) 16:9,anti-glare display",não identificado,gamer,"nan_f15fx516pm-211.tf15_intelcorei7-11370h_16gbddr4-3200so-dimm,maxcapacity:32gb"
,ROG Strix Scar 17 SE. G733C-XS97,ROG Strix Scar 17 SE. G733C-XS97,intel core i9-12950hx,nvidia® geforce rtx™ 3080 ti 16gb,32gb ddr5-4800 so-dimm x 2,2tb pcie® 4.0 nvme™ m.2 performance ssd,17.3-inch wqhd 16:9 anti-glare display dci-p3: 100% refresh rate: 240hz response time: 3ms ips-level adaptive-sync mux switch + optimus support dolby vision hdr : yes,não identificado,gamer,nan_rogstrixscar17se.g733c-xs97_intelcorei9-12950hx_32gbddr5-4800so-dimmx2
,Rog Zephyrus DUO 16 GX650RX-XS97,Rog Zephyrus DUO 16 GX650RX-XS97,amd ryzen 9 6900hx,nvidia® geforce rtx™ 3080 ti laptop gpu 16gb,32gb ddr5 4800mhz memory,2tb m.2 nvme™ pcie® 4.0 performance ssd,"16"" inch qhd+ 165hz (3ms) rog nebula hdr mini led anti-glare display (100% dci-p3)",não identificado,gamer,nan_rogzephyrusduo16gx650rx-xs97_amdryzen96900hx_32gbddr54800mhzmemory
,TUF Gaming FX505D-HN536,TUF Gaming FX505D-HN536,amd ryzen 7 3750h,"nvidia® geforce® gtx 1650, 4gb","8gb ddr4-2400 so-dimm, max capacity : 32gb",512gb m.2 nvme™ pcie® 3.0 ssd,"15.6-inch, fhd 16:9, anti-glare display, srgb:62.50%, adobe:47.34%, refresh rate:144hz, value ips-level",não identificado,gamer,"nan_tufgamingfx505d-hn536_amdryzen73750h_8gbddr4-2400so-dimm,maxcapacity:32gb"
HP,Victus 15-FA0083NIA,Victus 15-FA0083NIA,intel core i7-12700h,nvidia® geforce rtx™ 3050 4gb,16 gb ddr4-3200 mhz ram (2 x 8 gb),512 gb pcie® nvme™ tlc m.2 ssd,"15.6"" diagonal, fhd, 144 hz, 9 ms response time, ips, micro-edge, anti-glare, 250 nits, 45% ntsc 3",não identificado,gamer,hp_victus15-fa0083nia_intelcorei7-12700h_16gbddr4-3200mhzram(2x8gb)
MSI,GP76 Vector 12UG,GP76 Vector 12UG,intel core i9-12900h,nvidia geforce rtx 3070 ti 8gb,32gb ddr4-3200 2 slots,1tb ssd nvme gen4,"17.3"" inch fhd, 360hz,",não identificado,gamer,msi_gp76vector12ug_intelcorei9-12900h_32gbddr4-32002slots
Dell,G15 5521 SE,G15 5521 SE,intel core i7-12700h,nvidia® geforce rtx™ 3060 6gb,32gb ram,1tb m.2 pcie solid state drive,"15.6"" qhd 240hz wva qhd display",não identificado,gamer,dell_g155521se_intelcorei7-12700h_32gbram
Dell,Dell G15 5520,Dell G15 5520,intel core i7-12700h,nvidia geforce rtx 3060 6gb,16gb 2x8gb ddr5 4800mhz,512gb ssd m.2 pcie nvme solid state drive,"15.6"" inch fhd 120hz 250nits wva anti-glare led backlit narrow border display",não identificado,gamer,dell_dellg155520_intelcorei7-12700h_16gb2x8gbddr54800mhz
Dell,G15 5511,G15 5511,intel core i7-11800h,nvidia geforce rtx 3050ti 4gb,"16 gb, 2 x 8 gb, dual-channel ddr4, 3200 mhz",512gb m.2 nvme™ pcie® 3.0 ssd,"15.6-inch, fhd 16:9, 120hz",não identificado,gamer,"dell_g155511_intelcorei7-11800h_16gb,2x8gb,dual-channelddr4,3200mhz"
Dell,Dell G15 5511,Dell G15 5511,intel core i5-11400h,nvidia geforce rtx 3050ti 4gb,"8 gb, 2 x 4 gb, dual-channel ddr4, 3200 mhz","512 gb, m.2 2230, pcie nvme gen3 x4, ssd","15.6-inch, fhd, 165 hz, anti-glare, non-touch, 100% srgb, 300 nits, wide-viewing angle (wva)",não identificado,gamer,"dell_dellg155511_intelcorei5-11400h_8gb,2x4gb,dual-channelddr4,3200mhz"
MSI,Crosshair 15 R6E B12UGZ,Crosshair 15 R6E B12UGZ,intel core i7-12700h,nvidia geforce rtx 3070 8gb gddr6,16gb ddr4 2x 8gb,1tb ssd,"15.6"" qhd, 165hz, ips-level anti-glare",não identificado,gamer,msi_crosshair15r6eb12ugz_intelcorei7-12700h_16gbddr42x8gb
Dell,,Intel Core I5-11260H,intel core i5-11260h,nvidia geforce rtx 3050,16gb ram,"512gb ssd m.2 2230, pcie nvme gen3 x 4","15.6-inch, fhd, 165 hz, anti-glare, non-touch, 100% srgb, 300 nits, wide-viewing angle (wva)",não identificado,gamer,dell__intelcorei5-11260h_16gbram
Lenovo,IdeaPad Gaming 3 15ACH6,IdeaPad Gaming 3 15ACH6,amd ryzen 5 5600h,nvidia geforce rtx 3050 ti 4gb,1x 8gb so-dimm ddr4-3200,512gb ssd m.2 2280 pcie 3.0x4 nvme,"15.6"" fhd ips 250nits anti-glare, 120hz, 45% ntsc, dc dimmer",não identificado,gamer,lenovo_ideapadgaming315ach6_amdryzen55600h_1x8gbso-dimmddr4-3200
HP,Pavilion Gaming 15-dk2099ne,Pavilion Gaming 15-dk2099ne,intel core i7-11370h,nvidia geforce rtx 3050ti 4gb,8 gb ddr4-3200 mhz ram,512 gb pcie® nvme™ m.2 ssd,"39.6 cm (15.6"") diagonal, fhd, 144 hz, 7 ms response time, ips, micro-edge, anti-glare, 300 nits, 72% ntsc",não identificado,gamer,hp_paviliongaming15-dk2099ne_intelcorei7-11370h_8gbddr4-3200mhzram
Lenovo,Legion 7 16ITHg6,Legion 7 16ITHg6,intel core i7-11800h,nvidia geforce rtx 3070,16gb 2x 8gb so-dimm ddr4-3200,1tb ssd m.2 2280 pcie 4.0x4 nvme,"16"" wqxga ips 500nits anti-glare, 165hz, 100% srgb, dolby vision, hdr 400, g-sync, dc dimmer",não identificado,gamer,lenovo_legion716ithg6_intelcorei7-11800h_16gb2x8gbso-dimmddr4-3200
Lenovo,IdeaPad Gaming 3 15ACH6,IdeaPad Gaming 3 15ACH6,amd ryzen 7 5800h,nvidia geforce rtx 3050 ti,16gb 2x 8gb so-dimm ddr4-3200,512gb ssd m.2 2280 pcie 3.0x4 nvme,"15.6"" fhd ips 250 nits anti-glare, 120hz, 45% ntsc, dc dimmer",não identificado,gamer,lenovo_ideapadgaming315ach6_amdryzen75800h_16gb2x8gbso-dimmddr4-3200
MSI,GS76 STEALTH 11UH,GS76 STEALTH 11UH,intel core i7-11800h,nvidia geforce rtx 3080,32gb ram,1tb ssd,"17.3"" fhd (1920x1080), 360hz, ips-level",não identificado,gamer,msi_gs76stealth11uh_intelcorei7-11800h_32gbram
Lenovo,IdeaPad Gaming 3 15IHU6,IdeaPad Gaming 3 15IHU6,intel core i5-11300h,nvidia geforce rtx 3050,1x 16gb so-dimm ddr4-3200,512gb ssd m.2 2242 pcie 3.0x4 nvme,"15.6"" fhd ips 250nits anti-glare, 120hz, 45% ntsc, dc dimmer",não identificado,gamer,lenovo_ideapadgaming315ihu6_intelcorei5-11300h_1x16gbso-dimmddr4-3200
Lenovo,Legion 7 16ACHg6,Legion 7 16ACHg6,amd ryzen 9 5900hx,nvidia geforce rtx 3080,32gb 2x 16gb so-dimm ddr4-3200,2x 1tb ssd m.2 2280 pcie 3.0x4 nvme,"16"" wqxga ips 500nits anti-glare, 165hz, 100% srgb, dolby vision, hdr 400, freesync, g-sync, dc dimmer",não identificado,gamer,lenovo_legion716achg6_amdryzen95900hx_32gb2x16gbso-dimmddr4-3200
Lenovo,IdeaPad Gaming 3 15ACH6,IdeaPad Gaming 3 15ACH6,amd ryzen 5 5600h,nvidia geforce rtx 3050,8gb 1x 8gb so-dimm ddr4-3200,512gb ssd m.2 2280 pcie 3.0x4 nvme,"15.6"" fhd ips 250nits anti-glare, 120hz, 45% ntsc, dc dimmer",não identificado,gamer,lenovo_ideapadgaming315ach6_amdryzen55600h_8gb1x8gbso-dimmddr4-3200
Lenovo,IdeaPad Gaming 3 15IHU6,IdeaPad Gaming 3 15IHU6,intel core i7-11370h,nvidia geforce rtx 3050 4gb,16gb 2x 8gb so-dimm ddr4-3200,"256gb ssd m.2 2242 pcie 3.0x4 nvme + 1tb hdd 5400rpm 2.5""","15.6"" fhd ips 250nits anti-glare, 120hz, 45% ntsc, dc dimmer",não identificado,gamer,lenovo_ideapadgaming315ihu6_intelcorei7-11370h_16gb2x8gbso-dimmddr4-3200
HP,Victus 15-FA0031DX,Victus 15-FA0031DX,intel core i5-12450h,nvidia® geforce® gtx 1650 laptop gpu (4 gb gddr6 dedicated),8 gb ddr4-3200 mhz ram (1 x 8 gb),512 gb pcie® nvme™ tlc m.2 ssd,"39.6 cm (15.6) diagonal, fhd, 144 hz, 9 ms response time, ips, micro-edge, anti-glare, 250 nits, 45% ntsc",não identificado,gamer,hp_victus15-fa0031dx_intelcorei5-12450h_8gbddr4-3200mhzram(1x8gb)
Dell,G15 5511,G15 5511,intel core i7-11800h,nvidia® geforce® rtx™ 3060 6gb,"16gb, 2x8gb, ddr4, 3200mhz",512gb m.2 pcie nvme solid state drive,15.6 inch fhd 120hz 250 nits wva anti-glare led backlit narrow border display,não identificado,gamer,"dell_g155511_intelcorei7-11800h_16gb,2x8gb,ddr4,3200mhz"
Dell,Alienware X15 R1,Alienware X15 R1,intel core i7-11800h,nvidia geforce rtx™ 3070 8gb,"16 gb, ddr4, 3200 mhz, integrated","512 gb, m.2, pcie nvme, ssd","15.6"", fhd, 360hz, non-touch, 1ms, advanced optimus, comfortview plus, nvidia g-sync",não identificado,gamer,"dell_alienwarex15r1_intelcorei7-11800h_16gb,ddr4,3200mhz,integrated"
Razer,BLADE 15,BLADE 15,intel core i7-10875h,nvidia geforce rtx 3080,32gb dual-channel ddr4-2933mhz (16gb x 2),1tb ssd m.2 nvme pcie 3.0 x4,"15.6"" 4k oled 60hz, touch, 100% srgb, 4.9 mm bezel, factory calibrated",não identificado,gamer,razer_blade15_intelcorei7-10875h_32gbdual-channelddr4-2933mhz(16gbx2)
Lenovo,IdeaPad Gaming 3 15ACH6,IdeaPad Gaming 3 15ACH6,amd ryzen 5 5600h,nvidia geforce gtx 1650,16gb 2x 8gb so-dimm ddr4-3200,"256gb ssd m.2 2242 pcie 3.0x4 nvme + 1tb hdd 5400rpm 2.5""","15.6"" fhd ips 250nits anti-glare, 120hz, 45% ntsc, dc dimmer",não identificado,gamer,lenovo_ideapadgaming315ach6_amdryzen55600h_16gb2x8gbso-dimmddr4-3200
Lenovo,Legion 5 15IMH6,Legion 5 15IMH6,intel core i7-10750h,nvidia geforce rtx 3050 ti,16gb 2x 8gb so-dimm ddr4-2933,512gb ssd m.2 2280 pcie 3.0x4 nvme,"15.6"" fhd ips 300nits anti-glare, 165hz, 100% srgb, dolby vision, g-sync, dc dimmer",não identificado,gamer,lenovo_legion515imh6_intelcorei7-10750h_16gb2x8gbso-dimmddr4-2933
HP,Pavilion 15-dk2108ne,Pavilion 15-dk2108ne,intel core i5-11300h,nvidia® geforce® gtx1650 4g,16 gb ddr4-3200 mhz ram (2 x 8 gb),1tb 7200 rpm sata hdd+256 gb pcie® nvme™ m.2 ssd,"15.6"" inch diagonal, fhd, 144 hz, 7 ms response time, ips, micro-edge, anti-glare, 300 nits, 72% ntsc",não identificado,gamer,hp_pavilion15-dk2108ne_intelcorei5-11300h_16gbddr4-3200mhzram(2x8gb)
HP,Pavilion Gaming I5-DK2041NE,Pavilion Gaming I5-DK2041NE,intel core i5-11300h,nvidia® geforce rtx™ 3050 4gb,8 gb ddr4-3200 mhz ram (2 x 4 gb),256 gb pcie® nvme™ m.2 ssd 1tb 7200 rpm sata hdd,"15.6""inch diagonal fhd 144 hz, 7 ms response time, ips, micro-edge, anti-glare, 300 nits, 72% ntsc",não identificado,gamer,hp_paviliongamingi5-dk2041ne_intelcorei5-11300h_8gbddr4-3200mhzram(2x4gb)
,ROG Strix G15 G513IE-HN003W,ROG Strix G15 G513IE-HN003W,amd ryzen 7 4800h,dia® geforce rtx™ 3050 ti 4gb,16gb ram,512gb m.2 nvme™ pcie ® 3.0 ssd,15.6 inch fhd 16:9 & 250 nits anti-glare display srgb: 62.5% refresh rate: 144hz ips-level screen adaptive-sync optimus,não identificado,gamer,nan_rogstrixg15g513ie-hn003w_amdryzen74800h_16gbram
,TUF Gaming F15 FX506HEB-HN154T,TUF Gaming F15 FX506HEB-HN154T,intel core i7-11800h,nvidia® geforce rtx™ 3050ti 4gb,16gb ddr4-3200 so-dimm x 2,1tb m.2 nvme™ pcie® 3.0 ssd,"15.6-inches fhd 16:9, anti-glare display, srgb:62.5%, adobe:47.34%, refresh rate:144hz, value ips-level, adaptive-sync, optimus",não identificado,gamer,nan_tufgamingf15fx506heb-hn154t_intelcorei7-11800h_16gbddr4-3200so-dimmx2
,TUF Dash F15 FX516PC-HN004T,TUF Dash F15 FX516PC-HN004T,intel core i7-11370h,nvidia® geforce rtx™ 3050 4gb,16gb ddr4,512 gb pcie® nvme™ m.2 ssd,"15.6-inch, fhd 16:9, anti-glare display, srgb:62.5%, adobe:47.34%, refresh rate:144hz, value ips-level, adaptive-sync, optimus srgb:62.5%, adobe:47.34%",não identificado,gamer,nan_tufdashf15fx516pc-hn004t_intelcorei7-11370h_16gbddr4
,Rog Strix Scar 15 G533QS-HF017T,Rog Strix Scar 15 G533QS-HF017T,amd ryzen™ 9 5900hx,nvidia® geforce rtx™ 3080 16gb,32gb ram,1tb pcie ssd,15.6-inch with 200 nits fhd 16:9 anti-glare display srgb: 100.00% adobe: 75.35% refresh rate: 300hz response time: 3ms ips-level optimus,não identificado,gamer,nan_rogstrixscar15g533qs-hf017t_amdryzen™95900hx_32gbram
,ROG Strix SCAR G533QS-HF255T,ROG Strix SCAR G533QS-HF255T,amd ryzen 9 5900hx,nvidia® geforce rtx™ 3080 16gb,32gb ram,1tb pcie ssd,15.6-inch with 200 nits fhd 16:9 anti-glare display srgb: 100.00% adobe: 75.35% refresh rate: 300hz response time: 3ms ips-level optimus,não identificado,gamer,nan_rogstrixscarg533qs-hf255t_amdryzen95900hx_32gbram
,ROG Zephyrus G14 GA401QM-HZ025T,ROG Zephyrus G14 GA401QM-HZ025T,amd ryzen™ 9 5900hs,nvidia® geforce rtx™ 3060 6gb,16gb ddr4 on board,1tb pcie ssd,14'' inch fhd 16:9 anti-glare display srgb: 100% adobe: 75.35% ips-level pantone validated optimus,não identificado,gamer,nan_rogzephyrusg14ga401qm-hz025t_amdryzen™95900hs_16gbddr4onboard
,ROG Zephyrus S17 GX703HS-KF061T,ROG Zephyrus S17 GX703HS-KF061T,intel core i9-11900h,nvidia® geforce rtx™ 3080 16gb,32gb 16gb ddr4 on board 16gb ddr4-3200 so-dimm,2tb pcie® 4.0 nvme™ m.2 performance ssd,17.3-inch with 300 nits 4k uhd 16:9 anti-glare display dci-p3: 100% refresh rate: 120hz response time: 3ms ips-level pantone validated optimus,não identificado,gamer,nan_rogzephyruss17gx703hs-kf061t_intelcorei9-11900h_32gb16gbddr4onboard16gbddr4-3200so-dimm
,ZenBook DUO UX582H-H2007W,ZenBook DUO UX582H-H2007W,intel core i9-11900h,nvidia® geforce® rtx™ 3080,"32gb ddr4 on board,",1tb m.2 nvme™ pcie® 4.0 performance ssd,"15.6-inch, 4k uhd 16:9 aspect ratio, 0.2ms response time, 440nits, 550nits peak brightness, 100% dci-p3 color gamut, pantone validated, glossy display, touch screen, with stylus support",não identificado,gamer,"nan_zenbookduoux582h-h2007w_intelcorei9-11900h_32gbddr4onboard,"
Lenovo,IdeaPad Gaming 3 15IHU6,IdeaPad Gaming 3 15IHU6,intel core i7-11370h,nvidia geforce rtx 3050ti 4gb,2x 8gb so-dimm ddr4-3200,"256gb ssd m.2 2242 pcie 3.0x4 nvme + 1tb hdd 5400rpm 2.5""","15.6"" fhd ips 250nits anti-glare, 120hz, 45% ntsc, dc dimmer",não identificado,gamer,lenovo_ideapadgaming315ihu6_intelcorei7-11370h_2x8gbso-dimmddr4-3200
Lenovo,LENOVO LEGION 5 Pro 16ITH6H,LENOVO LEGION 5 Pro 16ITH6H,intel core i7-11800h,nvidia geforce rtx3060 6gb,16 gb 2x 8gb so-dimm ddr4-3200,1tb ssd m.2 2280 pcie 4.0x4 nvme,"16"" inch wqxga ips 500nits anti-glare, 165hz, 100% srgb, dolby vision, hdr 400, g-sync, dc dimmer",não identificado,gamer,lenovo_lenovolegion5pro16ith6h_intelcorei7-11800h_16gb2x8gbso-dimmddr4-3200
Lenovo,IdeaPad GAMING 3 15IMH05,IdeaPad GAMING 3 15IMH05,intel core i5-10300h,nvidia® geforce® gtx 1650 ti 4gb,"8gb, 2x 4gb so-dimm ddr4-2933",512gb ssd m.2 2280 pcie 3.0x4 nvme,"15.6"" fhd ips, 60hz, 250 nits",não identificado,gamer,"lenovo_ideapadgaming315imh05_intelcorei5-10300h_8gb,2x4gbso-dimmddr4-2933"
Lenovo,IdeaPad Gaming 3 15ACH6,IdeaPad Gaming 3 15ACH6,amd ryzen 5-5600h,nvidia geforce rtx 3060,2 x 8gb so-dimm ddr4-3200,512gb ssd m.2 2280 pcie 3.0x4 nvme,"15.6"" fhd ips 300nits anti-glare, 165hz, 100% srgb, dc dimmer",não identificado,gamer,lenovo_ideapadgaming315ach6_amdryzen5-5600h_2x8gbso-dimmddr4-3200
,Tuf Dash F15,Tuf Dash F15,intel core i7-11370h,nvidia® geforce rtx™ 3050ti,16gb,512gb m.2 nvme™ pcie® 3.0 ssd,"15.6-inch, fhd 16:9, anti-glare display, srgb:62.5%, adobe:47.34%, refresh rate:144hz, value ips-level",não identificado,gamer,nan_tufdashf15_intelcorei7-11370h_16gb
Lenovo,Legion 7 16ACHg6,Legion 7 16ACHg6,amd ryzen 7 5800h,nvidia geforce rtx 3070,16gb 2x 8gb so-dimm ddr4-3200,1tb ssd m.2 2280 pcie 3.0x4 nvme,"16"" wqxga ips 500nits anti-glare, 165hz, 100% srgb, dolby vision, hdr 400, free-sync, g-sync, dc dimmer",não identificado,gamer,lenovo_legion716achg6_amdryzen75800h_16gb2x8gbso-dimmddr4-3200
Lenovo,Legion 7 16ITHg6,Legion 7 16ITHg6,intel core i7-11800h,nvidia geforce rtx 3080 16gb,32gb 2x 16gb so-dimm ddr4-3200,2tb ssd m.2 2280 pcie 4.0x4 nvme ssd 2tb,"16"" wqxga ips 500nits anti-glare, 165hz, 100% srgb, dolby vision, hdr 400, g-sync, dc dimmer",não identificado,gamer,lenovo_legion716ithg6_intelcorei7-11800h_32gb2x16gbso-dimmddr4-3200
,Tuf Gaming F15,Tuf Gaming F15,intel core i7-12700h,nvidia geforce rtx 3050,16gb,512gb m.2 nvme™ pcie® 3.0 ssd,"15.6"" inch, fhd (1920 x 1080) 16:9, anti-glare display, srgb:62.5%, adobe:47.34%, refresh rate:144hz, ips-level, adaptive-sync, mux switch + optimus",não identificado,gamer,nan_tufgamingf15_intelcorei7-12700h_16gb
,Tuf Gaming F17,Tuf Gaming F17,intel core i7-11800h,nvidia geforce rtx 3050ti 4gb,"16gb ddr4-3200 so-dimm , max capacity:32gb",512gb pcie® 3.0 nvme™ m.2 ssd,"17.3"" inch, fhd 16:9, anti-glare display, srgb:62.5%, adobe:47.34%, refresh rate:144hz, value ips-level, adaptive-sync, optimus",não identificado,gamer,"nan_tufgamingf17_intelcorei7-11800h_16gbddr4-3200so-dimm,maxcapacity:32gb"
MSI,Sword 15 A12UE-605US,Sword 15 A12UE-605US,intel core i7-12650h,nvidia geforce rtx 3060,16gb ram 2 x 8 gb ddr4 3200mhz,1tb ssd m.2 nvme,"15.6"" inch fhd, 144hz, ips-level,",não identificado,gamer,msi_sword15a12ue-605us_intelcorei7-12650h_16gbram2x8gbddr43200mhz
Dell,Dell G15-5510,Dell G15-5510,intel core i7-10870h,nvidia geforce rtx 3060 6gb gddr6,16gb ddr4 2933 mhz,512gb ssd,"15.6"", fhd 1920x1080, 120hz, non-touch, ag, wva, led-backlit, 250 nit, narrow border",não identificado,gamer,dell_dellg15-5510_intelcorei7-10870h_16gbddr42933mhz
,ROG Flow X13 GV301QE-K6054T,ROG Flow X13 GV301QE-K6054T,amd ryzen 9- 5900h,nvidia® geforce rtx™ 3050 ti,16gb 2 lpddr4x,512gb ssd,13.4-inch wuxga 16:10 glossy display srgb: 100% adobe: 75% dci-p3: 75% touch screen refresh rate: 120hz ips-level pantone validated support stylus: yes,não identificado,gamer,nan_rogflowx13gv301qe-k6054t_amdryzen9-5900h_16gb2lpddr4x
Lenovo,IdeaPad Gaming 3-15IHU6,IdeaPad Gaming 3-15IHU6,intel core i5-11300h,nvidia geforce gtx 1650 4gb,1x 8gb so-dimm ddr4,256gb ssd,"15.6"" ips 250nits anti-glare, 120hz, 45% ntsc, dc dimmer",não identificado,gamer,lenovo_ideapadgaming3-15ihu6_intelcorei5-11300h_1x8gbso-dimmddr4
MSI,GE66 RAIDER 11UH-202US,GE66 RAIDER 11UH-202US,intel core i9-11980hk,nvidia geforce rtx3080 16gb,32gb ddr4-3200 so-dimm x 2,1tb ssd,"15.6"" qhd , 240hz, ips-level",não identificado,gamer,msi_ge66raider11uh-202us_intelcorei9-11980hk_32gbddr4-3200so-dimmx2
Lenovo,Legion 5 15ITH6,Legion 5 15ITH6,intel core i7-11800h,nvidia geforce rtx 3050ti,16gb 2x 8gb so-dimm ddr4-3200,1tb ssd m.2 2280 pcie 4.0x4 nvme,"15.6"" fhd ips 300nits anti-glare, 165hz, 100% srgb, dolby vision, g-sync, dc dimmer",não identificado,gamer,lenovo_legion515ith6_intelcorei7-11800h_16gb2x8gbso-dimmddr4-3200
MSI,GE76 Raider 11UH,GE76 Raider 11UH,intel core i9-11980hk,nvidia geforce rtx 3080,"32gb, 2 x 16gb, 3200mhz ddr4",2tb ssd,"17.3"" inch fhd, 300hz, close to 100%srgb",não identificado,gamer,"msi_ge76raider11uh_intelcorei9-11980hk_32gb,2x16gb,3200mhzddr4"
,Tuf Gaming F15 FX506HC-UB74,Tuf Gaming F15 FX506HC-UB74,intel corei7-11800h,nvidia geforce rtx3050 4gb,16gb ddr4 3200 mhz,512gb ssd pcie nvme m.2,"15.6"" inch fhd 144 hz, 3ms",não identificado,gamer,nan_tufgamingf15fx506hc-ub74_intelcorei7-11800h_16gbddr43200mhz
,G713QE-HX093T,G713QE-HX093T,amd ryzen 7-5800h,nvidia® geforce rtx™ 3050 ti,16 gb ddr4 max capacity :  32gb,512 gb pcie ssd,17.3-inch with 300 nits fhd (1920 x 1080) 16:9 anti-glare display srgb: 0.625 adobe: 47.34% ips-level optimus,não identificado,gamer,nan_g713qe-hx093t_amdryzen7-5800h_16gbddr4maxcapacity:32gb
,G713QE-HX090T,G713QE-HX090T,amd ryzen 7-5800h,nvidia® geforce rtx™ 3050 ti,16 gb ddr4 max capacity :  32gb,512 gb pcie ssd,17.3-inch with 300 nits fhd (1920 x 1080) 16:9 anti-glare display srgb: 0.625 adobe: 47.34% ips-level optimus,não identificado,gamer,nan_g713qe-hx090t_amdryzen7-5800h_16gbddr4maxcapacity:32gb
,FX516PM-HN072W,FX516PM-HN072W,intel® core™ i7-11370h,nvidia® geforce rtx™ 3060,"16 gb, 8gb ddr4 on board, 8gb ddr4-3200 so-dimm, max capacity : 32gb",512gb m.2 nvme™ pcie® 3.0 ssd,"15.6-inch, fhd (1920 x 1080) 16:9, anti-glare display, srgb:62.5%, adobe:47.34%, refresh rate:144hz, value ips-level, adaptive-sync, optimus",não identificado,gamer,"nan_fx516pm-hn072w_intel®core™i7-11370h_16gb,8gbddr4onboard,8gbddr4-3200so-dimm,maxcapacity:32gb"
,GV301QC-K6123T,GV301QC-K6123T,amd ryzen 9-5900hs,nvidia geforce rtx 3050,32gb 16gb*2 lpddr4x on board,1tb pcie® 3.0 nvme™ m.2 ssd,"13.4-inch fhd+ 16:10, wuxga) ips-level glossy display srgb: 100% adobe: 75% dci-p3: 75% touch screen refresh rate: 120hz pantone validated support stylus: yes optimus",não identificado,gamer,nan_gv301qc-k6123t_amdryzen9-5900hs_32gb16gb*2lpddr4xonboard
,GA401QM-K2012TS,GA401QM-K2012TS,amd ryzen 9-5900hs,nvidia geforce rtx 3060,16 gb,1tb pcie ssd,"14"" fhd",não identificado,gamer,nan_ga401qm-k2012ts_amdryzen9-5900hs_16gb
,GU603HM-211.ZM16,GU603HM-211.ZM16,intel core i9-11900h,nvidia® geforce rtx™ 3060,"16 gb, 8gb ddr4 on board 8gb ddr4-3200 so-dimm max capacity :  40gb",1tb m.2 nvme™ pcie® 3.0 ssd,16-inch 2k (2560 x 1600) 16:10 anti-glare display dci-p3: 100% refresh rate: 165hz response time: 3ms ips-level adaptive-sync pantone validated optimus,não identificado,gamer,"nan_gu603hm-211.zm16_intelcorei9-11900h_16gb,8gbddr4onboard8gbddr4-3200so-dimmmaxcapacity:40gb"
,GA503QS-212.R93080,GA503QS-212.R93080,amd ryzen 9-5900hs,nvidia geforce rtx 3080,16 gb,1tb pcie ssd,"15.6"" inch fhd",não identificado,gamer,nan_ga503qs-212.r93080_amdryzen9-5900hs_16gb
Razer,BLADE 15,BLADE 15,intel core i9-11900h,nvidia® geforce rtx™3080 16 gb,32 gb ddr4 3200 mhz dual-channel memory (slotted),1 tb ssd (m.2 nvme pcie 4.0 x4) + open m.2 pcie 4.0 x4 slot for easy expansion,"15.6"" oled uhd 60 hz, 100% dci-p3, 1 ms, hdr, touch, glossy,",não identificado,gamer,razer_blade15_intelcorei9-11900h_32gbddr43200mhzdual-channelmemory(slotted)
Lenovo,Lenovo 5 15ITL05,Lenovo 5 15ITL05,intel core i7-11800h,nvidia geforce rtx 3050 ti 4gb,2x 8gb so-dimm ddr4-3200,512gb ssd m.2 2280,"15.6"" fhd  ips 300nits anti-glare, 165hz, 100% srgb, dolby vision, g-sync, dc dimmer",não identificado,gamer,lenovo_lenovo515itl05_intelcorei7-11800h_2x8gbso-dimmddr4-3200
Lenovo,IdeaPad Gaming 3 15ARH05,IdeaPad Gaming 3 15ARH05,amd ryzen 7 4800h,nvidia geforce gtx 1650,16gb-2x 8gb so-dimm ddr4-3200,"256gb ssd m.2 2242 pcie 3.0x4 nvme + 1tb hdd 5400rpm 2.5""","15.6"" fhd ips 250nits anti-glare, 120hz",não identificado,gamer,lenovo_ideapadgaming315arh05_amdryzen74800h_16gb-2x8gbso-dimmddr4-3200
MSI,GP66 Leopard 11UH,GP66 Leopard 11UH,intel core i7-11800h,nvidia geforce rtx 3080 8gb,16gb ddr4-3200 so-dimm x 2,1tb ssd,"15.6"" fhd 240hz, ips-level",não identificado,gamer,msi_gp66leopard11uh_intelcorei7-11800h_16gbddr4-3200so-dimmx2
MSI,GS66 Stealth 11UG,GS66 Stealth 11UG,intel core i7-11800h,nvidia geforce rtx 3070 8gb,16gb ram,1tb ssd,não identificado,não identificado,gamer,msi_gs66stealth11ug_intelcorei7-11800h_16gbram
MSI,Vector GP66,Vector GP66,intel core i9-12900h,nvidia geforce rtx 3070ti 8gb,"32gb 2 x 16, ddr4-3200 2 slots max 64gb,","1tb ssd, 2x m.2 ssd slot (nvme pcie gen4)","15.6"" inch fhd, 360hz, ips-level, anti glare,",não identificado,gamer,"msi_vectorgp66_intelcorei9-12900h_32gb2x16,ddr4-32002slotsmax64gb,"
MSI,GS66 STEALTH 11UH,GS66 STEALTH 11UH,intel core i9-11900h,nvidia geforce rtx 3080 8gb,32gb ram,1tb ssd,"15.6"" fhd  360hz, ips-level",não identificado,gamer,msi_gs66stealth11uh_intelcorei9-11900h_32gbram
MSI,GS66 Stealth 11UG,GS66 Stealth 11UG,intel core i7-11800h,nvidia geforce rtx 3070 max-q 8gb,"8gb, 2 x 4gb, 3200mhz ddr4",1tb ssd,"15.6"" fhd 300hz, close to 100%srgb",não identificado,gamer,"msi_gs66stealth11ug_intelcorei7-11800h_8gb,2x4gb,3200mhzddr4"
MSI,GP66 Leopard 11UG,GP66 Leopard 11UG,intel core i7 11800h,nvidia geforce rtx 3070 8gb,"8gb, 2 x 4gb, 3200mhz ddr4",1tb ssd,"15.6"" fhd, 144hz 72%ntsc ips-level, close to 100%srgb",não identificado,gamer,"msi_gp66leopard11ug_intelcorei711800h_8gb,2x4gb,3200mhzddr4"
MSI,GE76 Raider 11UH,GE76 Raider 11UH,intel core i9-11980hk,nvidia geforce rtx 3080,"64gb, 2 x 32gb, 3200mhz ddr4",2tb ssd,"17.3"" inch fhd, 300hz, close to 100%srgb",não identificado,gamer,"msi_ge76raider11uh_intelcorei9-11980hk_64gb,2x32gb,3200mhzddr4"
HP,Victus 16-D0023DX,Victus 16-D0023DX,intel core i5-11400h,nvidia geforce rtx 3050 4gb,"8gb, ddr4-2933 mhz ram (2 x 4 gb)","256gb ssd, pcie® nvme™ tlc m.2","16.1"" inch fhd, ips, micro-edge, anti-glare, 250 nits, 45% ntsc",não identificado,gamer,"hp_victus16-d0023dx_intelcorei5-11400h_8gb,ddr4-2933mhzram(2x4gb)"
,D3500QC-OLED007T,D3500QC-OLED007T,amd ryzen 7-5800h,nvidia® geforce® rtx™ 3050,"16gb ddr4 on board, memory max up to:16gb","512gb ssd, m.2 nvme™ pcie® 3.0","15.6"" inch fhd, oled 16:9 aspect ratio, 0.2ms response time, 600nits peak brightness, 100% dci-p3 color gamut, 1,000,000:1, vesa certified display hdr true black 600, 1.07 billion colors, pantone validated, glossy display, 70% less harmful blue light, sgs",não identificado,gamer,"nan_d3500qc-oled007t_amdryzen7-5800h_16gbddr4onboard,memorymaxupto:16gb"
,GV301QC-K6024T,GV301QC-K6024T,amd ryzen 9-5900hs,nvidia geforce rtx 3050,"16gb, 2 x 8gb, lpddr4x on board",1tb m.2 2230 nvme™ pcie® 3.0 ssd,"13.4:"" inch wuxga, glossy display srgb: 116% adobe: 86% dci-p3: 85% touch screen ips-level pantone validated optimus",não identificado,gamer,"nan_gv301qc-k6024t_amdryzen9-5900hs_16gb,2x8gb,lpddr4x on board"
Lenovo,IDEAPAD GAMING 3,IDEAPAD GAMING 3,amd ryzen™ 7-5800h,nvidia geforce rtx 3050,1x 8gb so-dimm ddr4-3200,512gb m.2 nvme™ pcie® 3.0 ssd,"15.6"" inch fhd, ips 250nits anti-glare, 120hz, 45% ntsc, dc dimmer",não identificado,gamer,lenovo_ideapadgaming3_amdryzen™7-5800h_1x8gbso-dimmddr4-3200
,FX506HM-HN004T,FX506HM-HN004T,intel core i7-11800h,nvidia geforce rtx 3060 6gb,"8gb, 2 x 4gb, ddr4-3200 so-dimm","512gb ssd, m.2 nvme™ pcie® 3.0","15.6"" inch fhd",não identificado,gamer,"nan_fx506hm-hn004t_intelcorei7-11800h_8gb,2x4gb,ddr4-3200so-dimm"
,G713QR-K4170T,G713QR-K4170T,amd ryzen 9-5900hx,nvidia geforce rtx 3070,"32gb, 2 x 16gb, ddr4-3200 so-dimm","1tb ssd, m.2 nvme™ pcie® 3.0",17.3-inch with 300 nits wqhd (2560 x 1440) 16:9 anti-glare display dci-p3: 100.00% refresh rate: 165hz response time: 3ms ips-level optimus,não identificado,gamer,"nan_g713qr-k4170t_amdryzen9-5900hx_32gb,2x16gb,ddr4-3200so-dimm"
,G513QR-HF168T,G513QR-HF168T,amd ryzen 9-5900hx,nvidia geforce rtx 3070,"16gb, 2 x 8gb ddr4-3200 so-dimm",1tb pcie ssd,"15.6"" inch fhd, 200 nits, anti-glare display srgb: 62.5% adobe: 47.34% ips-level optimus",não identificado,gamer,"nan_g513qr-hf168t_amdryzen9-5900hx_16gb,2x8gbddr4-3200so-dimm"
,FX516PM-HN024W,FX516PM-HN024W,intel core i7-11370h,nvidia geforce rtx 3060 6gb,"16gb, 8gb ddr4 on board + 8gb ddr4-3200 so-dimm,","1tb ssd, m.2 nvme™ pcie® 3.0","15.6"" inch fhd,",não identificado,gamer,"nan_fx516pm-hn024w_intelcorei7-11370h_16gb,8gb ddr4 on board+8gbddr4-3200so-dimm,"
,FX506HEB-BQ229T,FX506HEB-BQ229T,intel® core™ i7-11800h,nvidia® geforce rtx™ 3050 ti laptop gpu,16gb ddr4-3200,512gb m.2 nvme™ pcie® 3.0 ssd,"15.6"" inch fhd, 16:9, 60hz",não identificado,gamer,nan_fx506heb-bq229t_intel®core™i7-11800h_16gbddr4-3200
,Rog Zephyrus S17 GX703HS-K4048T,Rog Zephyrus S17 GX703HS-K4048T,intel® core™ i9-11900h,nvidia® geforce rtx™ 3080 16gb,"32gb, 16gb ddr4 on board + 16gb ddr4-3200",2tb m.2 nvme™ pcie® 4.0 ssd,"17.3"" inch, wqhd 16:9, 165hz",não identificado,gamer,"nan_rogzephyruss17gx703hs-k4048t_intel®core™i9-11900h_32gb,16gb ddr4 on board+16gbddr4-3200"
MSI,Katana GF66 11UE,Katana GF66 11UE,intel® core™ i7-11800h,nvidia® geforce rtx™ 3060,16 gb ddr4-3200 so-dimm,1 tb ssd,"15.6"" inch fhd, 144hz, ips-level",não identificado,gamer,msi_katanagf6611ue_intel®core™i7-11800h_16gbddr4-3200so-dimm
MSI,Katana GF66,Katana GF66,intel core i7-11800h,nvidia geforce rtx 3060,8gb ram,512gb ssd,"15.6"" inch fhd",não identificado,gamer,msi_katanagf66_intelcorei7-11800h_8gbram
,ROG Strix SCAR 15 G533 G533QS-HF242T,ROG Strix SCAR 15 G533  G533QS-HF242T,amd ryzen 9-5900hx,nvidia geforce rtx™ 3080,32gb ddr4-3200 so-dimm x 2,1tb pcie ssd,15.6-inch with 200 nits wqhd (2560 x 1440) 16:9 anti-glare display dci-p3: 100.00% refresh rate: 165hz response time: 3ms ips-level,não identificado,gamer,nan_rogstrixscar15g533g533qs-hf242_amdryzen9-5900hx_32gbddr4-3200so-dimmx2
,FX706HC-212.TI53050,FX706HC-212.TI53050,intel® core™ i5-11260h,nvidia® geforce rtx™ 3050,8gb ddr4,512gb m.2 nvme™ pcie® 3.0 ssd,17.3-inch fhd 144hz,não identificado,gamer,nan_fx706hc-212.ti53050_intel®core™i5-11260h_8gbddr4
,F15 FX506HM-HN002T,F15 FX506HM-HN002T,intel core i7-11800h,nvidia® geforce rtx™ 3060,16 ( 8gb ddr4 on board + 8gb ddr4-3200 so-dimm),1tb ssd,"15.6-inch, fhd (1920 x 1080) 16:9, anti-glare display, srgb:100.00%, adobe:75.35%, refresh rate:240hz, ips-level, optimus srgb:62.5%, adobe:47.34%, dci-p3:n/a",não identificado,gamer,nan_f15fx506hm-hn002t_intelcorei7-11800h_16(8gb ddr4 on board+8gbddr4-3200so-dimm)
,GU603HR-K8008T,GU603HR-K8008T,intel® core™ i9-11900h,nvidia® geforce rtx™ 3070,32gb ddr4-3200,1tb m.2 nvme™ pcie® 3.0 ssd,"15.6-inch, fhd (1920 x 1080) 16:9, anti-glare display, srgb:62.5%, adobe:47.34%, refresh rate:144hz, value ips-level, optimus",não identificado,gamer,nan_gu603hr-k8008t_intel®core™i9-11900h_32gbddr4-3200
MSI,GE66 RAIDER 11UH-227US,GE66 RAIDER 11UH-227US,intel core i9-11980hk,nvidia geforce rtx 3080,32gb ddr4-3200 so-dimm x 2,2tb nvme ssd,"15.6"" uhd, anti-glare wide view angle 4k thin bezel, adobe 100%",não identificado,gamer,msi_ge66raider11uh-227us_intelcorei9-11980hk_32gbddr4-3200so-dimmx2
,GA503QS-HQ004T,GA503QS-HQ004T,amd ryzen 9 5900hs,nvidia® geforce rtx™ 3080,16gb ddr4 on board + 16gb ddr4-3200 so-dimm,1tb m.2 nvme™ pcie® 3.0 ssd,"15.6-inch, fhd (1920 x 1080) 16:9, anti-glare display, srgb:62.5%, adobe:47.34%, refresh rate:144hz, value ips-level, optimus",não identificado,gamer,nan_ga503qs-hq004t_amdryzen95900hs_16gb ddr4 on board+16gbddr4-3200so-dimm
,FX516PM-HN023W,FX516PM-HN023W,intel® core™ i7-11370h,nvidia® geforce rtx™ 3060 laptop gpu,"8gb ddr4 on board, 8gb ddr4-3200 so-dimm",512gb m.2 nvme™ pcie® 3.0 ssd,"15.6-inch, fhd (1920 x 1080) 16:9, anti-glare display, srgb:62.5%, adobe:47.34%, refresh rate:144hz, value ips-level, optimus",não identificado,gamer,"nan_fx516pm-hn023w_intel®core™i7-11370h_8gbddr4onboard,8gbddr4-3200so-dimm"
,FX516PC-HN558T,FX516PC-HN558T,intel® core™ i5-11300h,nvidia® geforce rtx™ 3050 laptop gpu,8gb ddr4 on board,512gb m.2 nvme™ pcie® 3.0 ssd,15.6-inch,não identificado,gamer,nan_fx516pc-hn558t_intel®core™i5-11300h_8gb ddr4 on board
,FX516PC-HN001T,FX516PC-HN001T,intel® core™ i7-11370h,nvidia® geforce rtx™ 3050,8gb ddr4-3200 so-dimm *2,512gb m.2 nvme™ pcie® 3.0 ssd,"memory 8gb ddr4 on board, max capacity : 32gb  storage 512gb m.2 nvme™ pcie® 3.0 ssd  i/o ports 1x 3.5mm combo audio jack 1x hdmi 2.0b 3x usb 3.2 gen 1 type-a 1x rj45 lan port 1x thunderbolt™ 4 support displayport™ / power delivery  keyboard and touchpad",não identificado,gamer,nan_fx516pc-hn001t_intel®core™i7-11370h_8gbddr4-3200so-dimm*2
,A15 FA506IC-HN018T,A15 FA506IC-HN018T,amd ryzen™ 7-4800h,nvidia® geforce rtx™ 3050,16gb ddr4-3200 so-dimm,512gb m.2 nvme™ pcie® 3.0 ssd,"15.6-inch, fhd (1920 x 1080) 16:9, anti-glare display, srgb:62.5%, adobe:47.34%, dci-p3:refresh rate:144hz, value ips-level",não identificado,gamer,nan_a15fa506ic-hn018t_amdryzen™7-4800h_16gbddr4-3200so-dimm
Dell,G15 5515,G15 5515,amd ryzen 7 5800h,nvidia® geforce rtx™ 3050 ti 4gb gddr6,8gb ddr4-3200 so-dimm,512gb m.2 pcie nvme solid state drive,15.6 inch fhd 120hz 250 nits wva anti- glare led backlit narrow border display,não identificado,gamer,dell_g155515_amdryzen75800h_8gbddr4-3200so-dimm
Lenovo,IDEAPAD GAMING 3,IDEAPAD GAMING 3,intel® core™ i7-10750h,nvidia® geforce® gtx 1650ti,16 gb ddr4-2666 sdram,512gb,"15.6"" fhd ips 250nits anti-glare, 120hz",não identificado,gamer,lenovo_ideapadgaming3_intel®core™i7-10750h_16gbddr4-2666sdram
Dell,Dell G15 5511,Dell G15 5511,intel core i7-11800h,"nvidia® geforce® rtx™ 3060, 6 gb, gddr6","16 gb, 2 x 8 gb, dual-channel ddr4, 3200 mhz","512, m.2 2280, pcie nvme gen3 x4, ssd","15.6"" fhd",não identificado,gamer,"dell_dellg155511_intelcorei7-11800h_16gb,2x8gb,dual-channelddr4,3200mhz"
Lenovo,IdeaPad Gaming 3 15IHU6,IdeaPad Gaming 3 15IHU6,intel® core™ i5-11300h,nvidia® geforce® rtx 3050ti,1x 16gb so-dimm ddr4-3200,512gb ssd m.2 2242 pcie® 3.0x4 nvme,"15.6"" fhd ips 250nits anti-glare, 45% ntsc, 120hz",não identificado,gamer,lenovo_ideapadgaming315ihu6_intel®core™i5-11300h_1x16gbso-dimmddr4-3200
HP,15-ec1011nia,15-ec1011nia,amd ryzen™ 7 4800h,nvidia geforce gtx 1650 ti 4 gb,8 gb ram,1tb hdd + 256gb ssd,"39.6 cm (15.6"") diagonal fhd sva anti-glare micro-edge wled-backlit",não identificado,gamer,hp_15-ec1011nia_amdryzen™74800h_8gbram
MSI,Creator 15M A10SE,Creator 15M A10SE,intel core i7-10875h,nvidia geforce rtx 2060,32gb (16gbx2) up to ddr4-3200 memory type 2 slots number of so-dimm slot max 64gb max capacity,1tb ssd m.2 ssd combo slot (nvme pcie gen3 / sata),"15.6"" inch uhd 4k, ips-level 144 hz",não identificado,gamer,msi_creator15ma10se_intelcorei7-10875h_32gb(16gbx2)uptoddr4-3200memorytype2slotsnumberofso-dimmslotmax64gbmaxcapacity
Lenovo,IdeaPad GAMING 3 15IMH05,IdeaPad GAMING 3 15IMH05,intel® core™ i7-10750h,nvidia geforce gtx 1650ti 4 gb,2x 8gb so-dimm ddr4-2933,"256gb ssd m.2 2242 pcie 3.0x4 nvme + 1tb hdd 5400rpm 2.5""","15.6"" fhd ips 250nits anti-glare",não identificado,gamer,lenovo_ideapadgaming315imh05_intel®core™i7-10750h_2x8gbso-dimmddr4-2933
ASUS,ProArt P16 H7606WI-ME139W,ProArt P16 H7606WI-ME139W,amd ryzen™ ai 9 hx 370,nvidia® geforce rtx™ 4070,64gb lpddr5x on board,2tb m.2 nvme™ pcie® 4.0 ssd,"16.0-inch, 4k oled 16:10 aspect ratio, 0.2ms response time, 60hz refresh rate, 400nits, 500nits hdr peak brightness, 100% dci-p3 color gamut, 1,000,000:1, vesa certified display hdr true black 500, 1.07 billion colors, pantone validated, glossy display, 7",não identificado,gamer,asus_proartp16h7606wi-me139w_amdryzen™ai9hx370_64gblpddr5xonboard
ASUS,ROG Flow X13 GV301RA-LI064W,ROG Flow X13 GV301RA-LI064W,amd ryzen 7-6800h,amd radeon graphics,16gb lpddr5,512gb pcie® 4.0 nvme™ m.2 ssd,"13.4-inch uhd+ 16:10 (3840 x 2400, wquxga)+ 60hz",não identificado,gamer,asus_rogflowx13gv301ra-li064w_amdryzen7-6800h_16gblpddr5
HP,Envy 16-h1023dx,Envy 16-h1023dx,intel® core™ i9-13900h,nvidia® geforce rtx™ 4060,16 gb ddr5-5200 mt/s (2 x 8 gb) transfer rates up to 5200 mt/s. 2 x 8 gb,1 tb pcie® gen4 nvme™ tlc m.2 ssd,16 gb ddr5-5200 mt/s (2 x 8 gb) transfer rates up to 5200 mt/s. 2 x 8 gb,não identificado,gamer,hp_envy16-h1023dx_intel®core™i9-13900h_16gbddr5-5200mt/s(2x8gb)transferratesupto5200mt/s.2x8gb
Acer,Aspire 7 A715-76G-598U,Aspire 7 A715-76G-598U,intel® core™ i5-12450h,nvidia® geforce rtx™ 2050,8gb ddr4 sdram,512 gb pcie nvme m.2 ssd,"15.6"" inch fhd lcd 144 hz aspect ratio 16:9",não identificado,gamer,acer_aspire7a715-76g-598u_intel®core™i5-12450h_8gbddr4sdram
HP,ProBook 460 G11,ProBook 460 G11,intel core ultra 7 155h,nvidia geforce rtx 2050 4gb,8 gb ddr5-5600 mt/s (1 x 8 gb),512 gb pcie® nvme™ ssd,"16"" diagonal, wuxga (1920 x 1200), ips, anti-glare, 300 nits, 45% ntsc",não identificado,gamer,hp_probook460g11_intelcoreultra7155h_8gbddr5-5600mt/s(1x8gb)
HP,ProBook 450 G10,ProBook 450 G10,intel core i5-1335u,nvidia geforce rtx 2050 4gb,16gb ddr4-3200 mt/s (1 x 16 gb),512 gb pcie® nvme™ ssd,"15.6"" diagonal, fhd, touch, ips, narrow bezel, 250 nits, 45% ntsc",não identificado,gamer,hp_probook450g10_intelcorei5-1335u_16gbddr4-3200mt/s(1x16gb)
HP,ProBook 460 G11,ProBook 460 G11,intel® core™ ultra 7 155h,nvidia® geforce rtx™ 2050 4gb,16 gb ddr5-5600 mt/s (1 x 16 gb),512gb pcie® nvme™ ssd,"16"" diagonal, wuxga (1920 x 1200), ips, anti-glare, 300 nits, 45% ntsc",não identificado,gamer,hp_probook460g11_intel®core™ultra7155h_16gbddr5-5600mt/s(1x16gb)
HP,ProBook 450 G10,ProBook 450 G10,intel core i5-1335u,nvidia geforce rtx 2050 4gb,16 gb ddr4-3200 mt/s (1 x 16 gb) transfer rates up to 3200 mt/s.,1 tb pcie® gen4 nvme™ tlc m.2 ssd,"39.6 cm (15.6"") diagonal, fhd (1920 x 1080), ips, narrow bezel, anti-glare, 250 nits, 45% ntsc",não identificado,gamer,hp_probook450g10_intelcorei5-1335u_16gbddr4-3200mt/s(1x16gb)transferratesupto3200mt/s.
HP,ProBook 450 G10,ProBook 450 G10,intel® core™ i7-1355u,nvidia® geforce rtx™ 2050,8 gb ddr4-3200 mhz ram (1 x 8 gb),512 gb pcie® nvme™ ssd,"15.6"" diagonal, fhd, ips, narrow bezel, anti-glare, 250 nits, 45% ntsc",não identificado,gamer,hp_probook450g10_intel®core™i7-1355u_8gbddr4-3200mhzram(1x8gb)
HP,ProBook 450 G10,ProBook 450 G10,intel core i5-1335u,nvidia® geforce rtx™ 2050 4gb,8 gb ddr4-3200 mhz ram (1 x 8 gb),512 gb pcie® nvme™ ssd,"15.6"" diagonal, fhd, ips, narrow bezel, anti-glare, 250 nits, 45% ntsc",não identificado,gamer,hp_probook450g10_intelcorei5-1335u_8gbddr4-3200mhzram(1x8gb)
ASUS,Vivobook Pro 15 OLED N6506CU-MA014W,Vivobook Pro 15 OLED N6506CU-MA014W,intel core ultra 9 285h,nvidia geforce rtx 4050 6gb,24gb 8gb ddr5 on board 16gb ddr5 so-dimm,2tb m.2 nvme™ pcie® 4.0 ssd,"15.6-inch, 3k oled 16:9 aspect ratio, 0.2ms response time, 120hz refresh rate, 400nits, 500nits hdr peak brightness, 100% dci-p3 color gamut, 1,000,000:1, vesa certified display hdr true black 600, 1.07 billion colors, pantone validated, glossy display, 7",não identificado,gamer,asus_vivobookpro15oledn6506cu-ma014_intelcoreultra9285h_24gb8gbddr5onboard16gbddr5so-dimm
ASUS,ROG Flow X13 GV301QC-K6029T,ROG Flow X13 GV301QC-K6029T,amd ryzen 9-5980hs,nvidia® geforce rtx™ 3050,32gb 16gb*2 lpddr4x on board,1tb m.2 2230 nvme™ pcie® 3.0 ssd,13.4-inch wuxga (1920 x 1200) 16:10 glossy display srgb: 100% adobe: 75% dci-p3: 75% touch screen refresh rate: 120hz ips-level pantone validated support stylus: yes optimus,não identificado,gamer,asus_rogflowx13gv301qc-k6029t_amdryzen9-5980hs_32gb16gb*2lpddr4xonboard
ASUS,ROG Flow Z13 GZ301ZE-LC178W,ROG Flow Z13 GZ301ZE-LC178W,intel core i9-12900h,nvidia geforce rtx 3050ti 4gb,"16gb, 2x8gb, lpddr5 on board",1tb pcie® 4.0 nvme™ m.2 ssd,"13.4-inch uhd+ 16:10, wquxga) glossy display dci-p3: 85 touch screen response time: 30ms ips-level pantone validated support stylus: yes mux switch + optimus support dolby vision hdr : yes",não identificado,gamer,"asus_rogflowz13gz301ze-lc178w_intelcorei9-12900h_16gb,2x8gb,lpddr5onboard"
,M7600QC-OLED007T,M7600QC-OLED007T,amd ryzen™ 7-5800h,nvidia® geforce® rtx™ 3050,"16gb ddr4 on board, memory max up to:32gb","1tb ssd, m.2 nvme™ pcie® 3.0","16"" inch oled 4k, 16:10 aspect ratio, 0.2ms response time, 400nits, 550nits peak brightness, 100% dci-p3 color gamut, 1,000,000:1, vesa certified display hdr true black 500, 1.07 billion colors, pantone validated, glossy display, 70% less harmful blue lig",não identificado,gamer,"nan_m7600qc-oled007t_amdryzen™7-5800h_16gbddr4onboard,memorymaxupto:32gb"
,GA401QM-K2040T,GA401QM-K2040T,amd ryzen™ 9-5900hs,nvidia® geforce rtx™ 3060,"16gb, 8gb ddr4 on board + 8gb ddr4-3200 so-dimm",1tb m.2 nvme™ pcie® 3.0 ssd,14''inch wqhd (2560 x 1440) 16:9 anti-glare display dci-p3: 100% refresh rate: 120hz ips-level pantone validated optimus,não identificado,gamer,"nan_ga401qm-k2040t_amdryzen™9-5900hs_16gb,8gb ddr4 on board+8gbddr4-3200so-dimm"
lenovo,Lenovo Legion Pro 5 16IAX10 83F3007CIN Gaming,Lenovo Legion Pro 5 16IAX10 83F3007CIN Gaming,255hx,rtx 5060,32,1024,16,não identificado,gamer,lenovo_lenovolegionpro516iax1083f3007_255hx_32
hp,HP Victus 15-fa2303tx Gaming,HP Victus 15-fa2303tx Gaming,14450hx,rtx 3050,24,512,15,não identificado,gamer,hp_hpvictus15-fa2303txgaming_14450hx_24
hp,HP Victus 15-fa1082wm Gaming,HP Victus 15-fa1082wm Gaming,13420h,rtx 4050,16,512,15,não identificado,gamer,hp_hpvictus15-fa1082wmgaming_13420h_16
msi,MSI VenturePro A15 A3HWEG-011IN,MSI VenturePro A15 A3HWEG-011IN,350,rtx 5050,16,1024,16,não identificado,gamer,msi_msiventureproa15a3hweg-011in_350_16
dell,Dell 16 Alienware CAN16250CTO03MINO Gaming,Dell 16 Alienware CAN16250CTO03MINO Gaming,275hx,rtx 5090,64,2048,16,não identificado,gamer,dell_dell16alienwarecan16250cto03mi_275hx_64
dell,Dell 16 Alienware CAN16250CTO02MINO Gaming,Dell 16 Alienware CAN16250CTO02MINO Gaming,275hx,rtx 5080,32,2048,16,não identificado,gamer,dell_dell16alienwarecan16250cto02mi_275hx_32
lenovo,Lenovo LOQ 15IRX9 83DV018LIN Gaming,Lenovo LOQ 15IRX9 83DV018LIN Gaming,13650hx,rtx 4060,24,512,15,não identificado,gamer,lenovo_lenovoloq15irx983dv018lingamin_13650hx_24
msi,MSI Katana 15 B14WFK-102IN Gaming,MSI Katana 15 B14WFK-102IN Gaming,14650hx,rtx 5060,16,1024,15,não identificado,gamer,msi_msikatana15b14wfk-102ingaming_14650hx_16
lenovo,Lenovo LOQ 15AHP10 83JG008KIN Gaming,Lenovo LOQ 15AHP10 83JG008KIN Gaming,250,rtx 5050,16,1024,15,não identificado,gamer,lenovo_lenovoloq15ahp1083jg008kingami_250_16
lenovo,Lenovo LOQ 83JC00MVIN Gaming,Lenovo LOQ 83JC00MVIN Gaming,7435hs,rtx 4050,16,512,15,não identificado,gamer,lenovo_lenovoloq83jc00mvingaming_7435hs_16
hp,HP Omen 16-ap0182AX Gaming,HP Omen 16-ap0182AX Gaming,8940hx,rtx 5070,24,1024,16,não identificado,gamer,hp_hpomen16-ap0182axgaming_8940hx_24
lenovo,Lenovo LOQ 2024 15IRX9 83DV01A8IN Gaming,Lenovo LOQ 2024 15IRX9 83DV01A8IN Gaming,13450hx,rtx 4050,16,512,15,2024,gamer,lenovo_lenovoloq202415irx983dv01a8ing_13450hx_16
hp,HP ZBook Power G11 A8WN2PT,HP ZBook Power G11 A8WN2PT,155h,rtx 500 ada,32,1024,16,não identificado,gamer,hp_hpzbookpowerg11a8wn2pt_155h_32
hp,HP ZBook Power G11 A8WM9PT,HP ZBook Power G11 A8WM9PT,155h,rtx 2000 ada,32,1024,16,não identificado,gamer,hp_hpzbookpowerg11a8wm9pt_155h_32
hp,HP ZBook Power G11 A8WM1PT,HP ZBook Power G11 A8WM1PT,185h,rtx 1000 ada,32,1024,16,não identificado,gamer,hp_hpzbookpowerg11a8wm1pt_185h_32
msi,MSI Vector A18 HX A9WIG-088IN Gaming,MSI Vector A18 HX A9WIG-088IN Gaming,9955hx,rtx 5080,32,2048,18,não identificado,gamer,msi_msivectora18hxa9wig-088ingamin_9955hx_32
acer,Acer Aspire 7 A715-79G UN.U35SI.002 Gaming,Acer Aspire 7 A715-79G UN.U35SI.002 Gaming,210h,rtx 4050,16,512,15,não identificado,gamer,acer_aceraspire7a715-79gun.u35si.00_210h_16
hp,HP Victus 15-fa2197TX Gaming,HP Victus 15-fa2197TX Gaming,13420h,rtx 3050,16,512,15,não identificado,gamer,hp_hpvictus15-fa2197txgaming_13420h_16
hp,HP Victus 15-fa2375TX Gaming,HP Victus 15-fa2375TX Gaming,13420h,rtx 4050,16,512,15,não identificado,gamer,hp_hpvictus15-fa2375txgaming_13420h_16
msi,MSI Katana 15 B13VEK-2432IN Gaming,MSI Katana 15 B13VEK-2432IN Gaming,13620h,rtx 4050,16,1024,15,não identificado,gamer,msi_msikatana15b13vek-2432ingaming_13620h_16
lenovo,Lenovo LOQ 2024 15IRX9 83DV01AAIN Gaming,Lenovo LOQ 2024 15IRX9 83DV01AAIN Gaming,13450hx,rtx 4050,16,512,15,2024,gamer,lenovo_lenovoloq202415irx983dv01aaing_13450hx_16
lenovo,Lenovo LOQ 15IRX9 83DV018FIN AI Gaming,Lenovo LOQ 15IRX9 83DV018FIN AI Gaming,13450hx,rtx 3050a,24,512,15,não identificado,gamer,lenovo_lenovoloq15irx983dv018finaigam_13450hx_24
hp,HP ZBook Fury 16 G10 8Y522EC Mobile Workstation,HP ZBook Fury 16 G10 8Y522EC Mobile Workstation,13850hx,rtx a1000,32,512,16,não identificado,gamer,hp_hpzbookfury16g108y522ecmobilew_13850hx_32
msi,MSI Cyborg 15 B2RWFKG-215IN Gaming,MSI Cyborg 15 B2RWFKG-215IN Gaming,240h,rtx 5060,16,1024,15,não identificado,gamer,msi_msicyborg15b2rwfkg-215ingaming_240h_16
lenovo,Lenovo LOQ 2025 15IRX10 83JE00U4IN Gaming,Lenovo LOQ 2025 15IRX10 83JE00U4IN Gaming,13700hx,rtx 5060,16,1024,15,2025,gamer,lenovo_lenovoloq202515irx1083je00u4in_13700hx_16
hp,HP Victus 15-fa1010ca Gaming,HP Victus 15-fa1010ca Gaming,13420h,rtx 2050,8,512,15,não identificado,gamer,hp_hpvictus15-fa1010cagaming_13420h_8
alienware,Alienware 16 Aurora OAN1625000801MINO Gaming,Alienware 16 Aurora OAN1625000801MINO Gaming,240h,rtx 5050,16,1024,16,não identificado,gamer,alienware_alienware16auroraoan1625000801_240h_16
hp,HP Victus 15-fb3189AX Gaming,HP Victus 15-fb3189AX Gaming,7445h,rtx 2050,16,512,15,não identificado,gamer,hp_hpvictus15-fb3189axgaming_7445h_16
msi,MSI Cyborg 15 B2RWEKG-217IN Gaming,MSI Cyborg 15 B2RWEKG-217IN Gaming,210h,rtx 5050,16,512,15,não identificado,gamer,msi_msicyborg15b2rwekg-217ingaming_210h_16
msi,MSI Thin 15 B13UDX-126IN Gaming,MSI Thin 15 B13UDX-126IN Gaming,13620h,rtx 3050,16,1024,15,não identificado,gamer,msi_msithin15b13udx-126ingaming_13620h_16
hp,HP Victus 15-fa2103tx Gaming,HP Victus 15-fa2103tx Gaming,13620h,rtx 4050,16,512,15,não identificado,gamer,hp_hpvictus15-fa2103txgaming_13620h_16
hp,HP ZBook Firefly 16 G11,HP ZBook Firefly 16 G11,125h,rtx a500,16,1024,16,não identificado,gamer,hp_hpzbookfirefly16g11_125h_16
msi,MSI Thin 15 B13UDX-3090IN Gaming,MSI Thin 15 B13UDX-3090IN Gaming,13420h,rtx 3050,16,1024,15,não identificado,gamer,msi_msithin15b13udx-3090ingaming_13420h_16
msi,MSI Thin 15 B13UDX-128IN Gaming,MSI Thin 15 B13UDX-128IN Gaming,13420h,rtx 3050,16,1024,15,não identificado,gamer,msi_msithin15b13udx-128ingaming_13420h_16
lenovo,Lenovo LOQ 83JE00U7IN Gaming,Lenovo LOQ 83JE00U7IN Gaming,14700hx,rtx 5050,16,1024,15,não identificado,gamer,lenovo_lenovoloq83je00u7ingaming_14700hx_16
msi,MSI Katana 15 HX B14WFK-261IN Gaming,MSI Katana 15 HX B14WFK-261IN Gaming,14900hx,rtx 5060,16,1024,15,não identificado,gamer,msi_msikatana15hxb14wfk-261ingamin_14900hx_16
acer,Acer Aspire 7 A715-79G UN.U35SI.001 Gaming,Acer Aspire 7 A715-79G UN.U35SI.001 Gaming,13620h,rtx 4050,16,1024,15,não identificado,gamer,acer_aceraspire7a715-79gun.u35si.00_13620h_16
asus,Asus TUF Gaming A16 2025 FA607NUG-RL191WS Gaming,Asus TUF Gaming A16 2025 FA607NUG-RL191WS Gaming,7445hs,rtx 4050,32,1024,16,2025,gamer,asus_asustufgaminga162025fa607nug-r_7445hs_32
lenovo,Lenovo LOQ 2025 15IRX10 83JE00U5IN Gaming,Lenovo LOQ 2025 15IRX10 83JE00U5IN Gaming,14700hx,rtx 5060,16,1024,15,2025,gamer,lenovo_lenovoloq202515irx1083je00u5in_14700hx_16
asus,Asus TUF Gaming A15 FA506NCG-HN200WS,Asus TUF Gaming A15 FA506NCG-HN200WS,7445hs,rtx 3050,16,512,15,não identificado,gamer,asus_asustufgaminga15fa506ncg-hn200_7445hs_16
acer,Acer Nitro V ANV15-52 NH.QZ9SI.002 Gaming,Acer Nitro V ANV15-52 NH.QZ9SI.002 Gaming,13420h,rtx 5050,16,512,15,não identificado,gamer,acer_acernitrovanv15-52nh.qz9si.002_13420h_16
lenovo,Lenovo LOQ 15IRX10 83JE00U6IN Gaming,Lenovo LOQ 15IRX10 83JE00U6IN Gaming,14700hx,rtx 5050,16,1024,15,não identificado,gamer,lenovo_lenovoloq15irx1083je00u6ingami_14700hx_16
msi,MSI Summit Pro 16 AI A2HVETG-064IN Gaming,MSI Summit Pro 16 AI A2HVETG-064IN Gaming,285h,rtx 4050,32,1024,16,não identificado,gamer,msi_msisummitpro16aia2hvetg-064ing_285h_32
hp,HP Victus 15-fb3120AX Gaming,HP Victus 15-fb3120AX Gaming,7445h,rtx 3050,16,512,15,não identificado,gamer,hp_hpvictus15-fb3120axgaming_7445h_16
hp,HP Omen 16-am0277TX Gaming,HP Omen 16-am0277TX  Gaming,240h,rtx 5050,24,1024,16,não identificado,gamer,hp_hpomen16-am0277txgaming_240h_24
acer,Acer Predator Helios Neo 16 AI PHN16-73 Gaming,Acer Predator Helios Neo 16 AI PHN16-73 Gaming,275hx,rtx 5070,32,2048,16,não identificado,gamer,acer_acerpredatorheliosneo16aiphn16_275hx_32
msi,MSI Thin A15 B7UC-104IN Gaming,MSI Thin A15 B7UC-104IN Gaming,7535hs,rtx 3050,16,512,15,não identificado,gamer,msi_msithina15b7uc-104ingaming_7535hs_16
hp,HP Omen 16-ae0003TX Gaming,HP Omen 16-ae0003TX Gaming,14700hx,rtx 4070,24,1024,16,não identificado,gamer,hp_hpomen16-ae0003txgaming_14700hx_24
asus,Asus TUF Gaming F16 FX677VB-RL097WS,Asus TUF Gaming F16 FX677VB-RL097WS,210h,rtx 3050a,32,1024,16,não identificado,gamer,asus_asustufgamingf16fx677vb-rl097w_210h_32
hp,HP Omen 16-ap0183AX Gaming,HP Omen 16-ap0183AX Gaming,350,rtx 5060,24,1024,16,não identificado,gamer,hp_hpomen16-ap0183axgaming_350_24
acer,Acer Nitro Lite NL16-71G 2025 Gaming,Acer Nitro Lite NL16-71G 2025 Gaming,13620h,rtx 4050,16,512,16,2025,gamer,acer_acernitrolitenl16-71g2025gamin_13620h_16
msi,MSI Thin A15 B7UC-103IN Gaming,MSI Thin A15 B7UC-103IN Gaming,7735hs,rtx 3050,16,512,15,não identificado,gamer,msi_msithina15b7uc-103ingaming_7735hs_16
hp,HP Omen 16-an0012TX Gaming,HP Omen 16-an0012TX Gaming,285h,rtx 5070,32,1024,16,não identificado,gamer,hp_hpomen16-an0012txgaming_285h_32
hp,HP Omen 16-an0015TX Gaming,HP Omen 16-an0015TX Gaming,255h,rtx 5060,24,1024,16,não identificado,gamer,hp_hpomen16-an0015txgaming_255h_24
hp,HP Omen 16-am0239TX Gaming,HP Omen 16-am0239TX Gaming,14650hx,rtx 5060,24,1024,16,não identificado,gamer,hp_hpomen16-am0239txgaming_14650hx_24
gigabyte,Gigabyte G6 MF-H2IN894KH,Gigabyte G6 MF-H2IN894KH,13620h,rtx 4050,16,1024,16,não identificado,gamer,gigabyte_gigabyteg6mf-h2in894kh_13620h_16
hp,HP Omen 16-am0279TX Gaming,HP Omen 16-am0279TX Gaming,14900hx,rtx 5060,24,1024,16,não identificado,gamer,hp_hpomen16-am0279txgaming_14900hx_24
hp,HP Omen 16-ap0181AX Gaming,HP Omen 16-ap0181AX Gaming,8940hx,rtx 5060,24,1024,16,não identificado,gamer,hp_hpomen16-ap0181axgaming_8940hx_24
gigabyte,Gigabyte G6 KF-H3IN894KH,Gigabyte G6 KF-H3IN894KH,13620h,rtx 4060,16,1024,16,não identificado,gamer,gigabyte_gigabyteg6kf-h3in894kh_13620h_16
msi,MSI Thin 15 B13UC-3231IN Gaming,MSI Thin 15 B13UC-3231IN Gaming,13420h,rtx 3050,16,512,15,não identificado,gamer,msi_msithin15b13uc-3231ingaming_13420h_16
asus,Asus TUF Gaming A15 FA506NCG-HN199W,Asus TUF Gaming A15 FA506NCG-HN199W,7445hs,rtx 3050,16,512,15,não identificado,gamer,asus_asustufgaminga15fa506ncg-hn199_7445hs_16
msi,MSI Katana 15 HX B14WEK-642IN Gaming,MSI Katana 15 HX B14WEK-642IN Gaming,14450hx,rtx 5050,16,512,15,não identificado,gamer,msi_msikatana15hxb14wek-642ingamin_14450hx_16
msi,MSI Katana 15 HX B14WFK-641IN Gaming,MSI Katana 15 HX B14WFK-641IN Gaming,14450hx,rtx 5060,16,1024,15,não identificado,gamer,msi_msikatana15hxb14wfk-641ingamin_14450hx_16
msi,MSI Thin A15 B7UC-611IN Gaming,MSI Thin A15 B7UC-611IN  Gaming,7535hs,rtx 3050,16,512,15,não identificado,gamer,msi_msithina15b7uc-611ingaming_7535hs_16
msi,MSI Thin A15 B7UC-610IN Gaming,MSI Thin A15 B7UC-610IN Gaming,7735hs,rtx 3050,16,512,15,não identificado,gamer,msi_msithina15b7uc-610ingaming_7735hs_16
hp,HP Victus 15-fb3118AX Gaming,HP Victus 15-fb3118AX Gaming,7445h,rtx 4050,16,512,15,não identificado,gamer,hp_hpvictus15-fb3118axgaming_7445h_16
lenovo,Lenovo Thinkpad P16v 21KX002GUS,Lenovo Thinkpad P16v 21KX002GUS,185h,rtx 3000 ada generation,32,1024,16,não identificado,gamer,lenovo_lenovothinkpadp16v21kx002gus_185h_32
msi,MSI Thin 15 B13UDX-3223I Gaming,MSI Thin 15 B13UDX-3223I Gaming,13420h,rtx 3050,16,512,15,não identificado,gamer,msi_msithin15b13udx-3223igaming_13420h_16
hp,HP Victus 15-fb3123AX Gaming,HP Victus 15-fb3123AX  Gaming,7445h,rtx 2050,16,512,15,não identificado,gamer,hp_hpvictus15-fb3123axgaming_7445h_16
asus,Asus TUF Gaming A16 FA607NUG-RL189WS Gaming,Asus TUF Gaming A16 FA607NUG-RL189WS Gaming,7445hs,rtx 4050,16,1024,16,não identificado,gamer,asus_asustufgaminga16fa607nug-rl189_7445hs_16
hp,HP Victus 15-fb3125AX Gaming,HP Victus 15-fb3125AX Gaming,7445h,rtx 3050,16,512,15,não identificado,gamer,hp_hpvictus15-fb3125axgaming_7445h_16
hp,HP Victus 15-fb3122AX Gaming,HP Victus 15-fb3122AX Gaming,7445h,rtx 2050,16,512,15,não identificado,gamer,hp_hpvictus15-fb3122axgaming_7445h_16
msi,MSI Thin 15 B13UC-125IN Gaming,MSI Thin 15 B13UC-125IN Gaming,13420h,rtx 3050,16,512,15,não identificado,gamer,msi_msithin15b13uc-125ingaming_13420h_16
msi,MSI Thin 15 B13UC-124IN Gaming,MSI Thin 15 B13UC-124IN Gaming,13620h,rtx 3050,16,512,15,não identificado,gamer,msi_msithin15b13uc-124ingaming_13620h_16
msi,MSI Crosshair 17 HX AI D2XWGKG-031IN Gaming,MSI Crosshair 17 HX AI D2XWGKG-031IN Gaming,275hx,rtx 5070,32,1024,17,não identificado,gamer,msi_msicrosshair17hxaid2xwgkg-031i_275hx_32
acer,Acer Nitro V ANV15-52 NH.QZ9SI.001 Gaming,Acer Nitro V ANV15-52 NH.QZ9SI.001 Gaming,13620h,rtx 5050,16,512,15,não identificado,gamer,acer_acernitrovanv15-52nh.qz9si.001_13620h_16
msi,MSI Stealth 18 HX AI A2XWHG-043IN Gaming,MSI Stealth 18 HX AI A2XWHG-043IN Gaming,275hx,rtx 5070 ti,32,2048,18,não identificado,gamer,msi_msistealth18hxaia2xwhg-043inga_275hx_32
alienware,Alienware 16 Area-51 Gaming,Alienware 16 Area-51 Gaming (275HXHX / 32GB / 1024GB / RTX 5070 Ti / Windows),275hx,rtx 5070 ti,32,1024,16,não identificado,gamer,alienware_alienware16area-51gaming_275hx_32
alienware,Alienware 18 Area-51 Gaming,Alienware 18 Area-51 Gaming (275HXHX / 32GB / 1024GB / RTX 5070 Ti / Windows),275hx,rtx 5070 ti,32,1024,18,não identificado,gamer,alienware_alienware18area-51gaming_275hx_32
lenovo,Lenovo LOQ 15ARP9 83JC00K1IN Gaming,Lenovo LOQ 15ARP9 83JC00K1IN Gaming,7235hs,rtx 3050,24,512,15,não identificado,gamer,lenovo_lenovoloq15arp983jc00k1ingamin_7235hs_24
msi,MSI Katana 15 HX B14WEK-266IN Gaming,MSI Katana 15 HX B14WEK-266IN Gaming,14650hx,rtx 5050,16,512,15,não identificado,gamer,msi_msikatana15hxb14wek-266ingamin_14650hx_16
msi,MSI Katana 15 HX B14WFK-262IN Gaming,MSI Katana 15 HX B14WFK-262IN Gaming,14650hx,rtx 5060,16,1024,15,não identificado,gamer,msi_msikatana15hxb14wfk-262ingamin_14650hx_16
msi,MSI Katana 15 HX B14WGK-256IN Gaming,MSI Katana 15 HX B14WGK-256IN Gaming,14650hx,rtx 5070,16,1024,15,não identificado,gamer,msi_msikatana15hxb14wgk-256ingamin_14650hx_16
hp,HP Victus 15-fa2191TX Gaming,HP Victus 15-fa2191TX Gaming,13420h,rtx 3050a,16,512,15,não identificado,gamer,hp_hpvictus15-fa2191txgaming_13420h_16
msi,MSI Crosshair A16 D8WFKG-036IN Gaming,MSI Crosshair A16 D8WFKG-036IN Gaming,8840hx,rtx 5060,16,1024,16,não identificado,gamer,msi_msicrosshaira16d8wfkg-036ingam_8840hx_16
hp,HP Victus 15-fb3124AX Gaming,HP Victus 15-fb3124AX  Gaming,7445h,rtx 4050,16,512,15,não identificado,gamer,hp_hpvictus15-fb3124axgaming_7445h_16
msi,MSI Vector 17 HX AI A2XWHG-085IN Gaming,MSI Vector 17 HX AI A2XWHG-085IN Gaming,275hx,rtx 5070 ti,32,2048,17,não identificado,gamer,msi_msivector17hxaia2xwhg-085ingam_275hx_32
hp,HP Victus 15-fa2192TX Gaming,HP Victus 15-fa2192TX  Gaming,13420h,rtx 3050,16,512,15,não identificado,gamer,hp_hpvictus15-fa2192txgaming_13420h_16
msi,MSI Katana 15 B2RVEK-2427IN Gaming,MSI Katana 15 B2RVEK-2427IN Gaming,240h,rtx 4050,16,1024,15,não identificado,gamer,msi_msikatana15b2rvek-2427ingaming_240h_16
lenovo,Lenovo LOQ ‎‎15IAX9E 83LK00AUIN ‎AI Gaming,Lenovo LOQ ‎‎15IAX9E 83LK00AUIN ‎AI Gaming,12450hx,rtx 3050a,12,512,15,não identificado,gamer,lenovo_lenovoloq‎‎15iax9e83lk00auin‎a_12450hx_12
asus,Asus TUF Gaming A15 FA506NCG-HN251WS,Asus TUF Gaming A15 FA506NCG-HN251WS,7445hs,rtx 3050,16,1024,15,não identificado,gamer,asus_asustufgaminga15fa506ncg-hn251_7445hs_16
hp,HP Omen 16-ap0165AX Gaming,HP Omen 16-ap0165AX Gaming,350,rtx 5050,24,1024,16,não identificado,gamer,hp_hpomen16-ap0165axgaming_350_24
msi,MSI Raider 18 HX AI A2XWJG-253IN Gaming,MSI Raider 18 HX AI A2XWJG-253IN Gaming,14900hx,rtx 5090,64,4096,18,não identificado,gamer,msi_msiraider18hxaia2xwjg-253ingam_14900hx_64
acer,Acer Predator Helios Neo16S NH.QXASI.002 PHN16S-71 Gaming,Acer Predator Helios Neo16S NH.QXASI.002 PHN16S-71 Gaming,275hx,rtx 5070,16,1024,16,não identificado,gamer,acer_acerpredatorheliosneo16snh.qxa_275hx_16
acer,Acer Aspire 7 A715-79G UN.U2KSI.001 Gaming,Acer Aspire 7 A715-79G UN.U2KSI.001 Gaming,13620h,rtx 3050,16,512,15,não identificado,gamer,acer_aceraspire7a715-79gun.u2ksi.00_13620h_16
acer,Acer Predator Helios Neo16S PHN16S-71 NH.QXASI.001 Gaming,Acer Predator Helios Neo16S PHN16S-71 NH.QXASI.001  Gaming,255hx,rtx 5070,16,1024,16,não identificado,gamer,acer_acerpredatorheliosneo16sphn16s_255hx_16
msi,MSI Crosshair A16 HX D8WGKG-046IN Gaming,MSI Crosshair A16 HX D8WGKG-046IN Gaming,8940hx,rtx 5070,16,1024,16,não identificado,gamer,msi_msicrosshaira16hxd8wgkg-046ing_8940hx_16
hp,HP Victus 16-r1707TX Gaming,HP Victus 16-r1707TX Gaming,14450hx,rtx 3050,16,512,16,não identificado,gamer,hp_hpvictus16-r1707txgaming_14450hx_16
hp,HP Omen 16-ae0002TX Gaming,HP Omen 16-ae0002TX Gaming,14650hx,rtx 4060,16,1024,16,não identificado,gamer,hp_hpomen16-ae0002txgaming_14650hx_16
msi,MSI Katana 15 B13UDXK Gaming,MSI Katana 15 B13UDXK Gaming,13420h,rtx 3050,16,1024,15,não identificado,gamer,msi_msikatana15b13udxkgaming_13420h_16
msi,MSI Crosshair 16 HX AI D2XWFKG Gaming,MSI Crosshair 16 HX AI D2XWFKG Gaming,275hx,rtx 5060,16,1024,16,não identificado,gamer,msi_msicrosshair16hxaid2xwfkggamin_275hx_16
msi,MSI Crosshair A16 HX D8WFKG-035IN Gaming,MSI Crosshair A16 HX D8WFKG-035IN Gaming,8940hx,rtx 5060,16,1024,16,não identificado,gamer,msi_msicrosshaira16hxd8wfkg-035ing_8940hx_16
msi,MSI Vector 16 HX AI A2XWIG-226IN Gaming,MSI Vector 16 HX AI A2XWIG-226IN Gaming,275hx,rtx 5080,32,1024,16,não identificado,gamer,msi_msivector16hxaia2xwig-226ingam_275hx_32
hp,HP Victus 15-fb3185AX Gaming,HP Victus 15-fb3185AX Gaming,260,rtx 5050,24,1024,15,não identificado,gamer,hp_hpvictus15-fb3185axgaming_260_24
lenovo,Lenovo Thinkpad P16v 21KXS05300,Lenovo Thinkpad P16v 21KXS05300,185h,rtx 3000,32,1024,16,não identificado,gamer,lenovo_lenovothinkpadp16v21kxs05300_185h_32
lenovo,Lenovo Thinkpad P16v 21KXS05400,Lenovo Thinkpad P16v 21KXS05400,155h,rtx 1000,32,1024,16,não identificado,gamer,lenovo_lenovothinkpadp16v21kxs05400_155h_32
asus,Asus Gaming V16 2025 V3607VH-RP038WS,Asus Gaming V16 2025 V3607VH-RP038WS,240h,rtx 5050,16,512,16,2025,gamer,asus_asusgamingv162025v3607vh-rp038_240h_16
asus,Asus Gaming V16 2025 V3607VH-RP037WS,Asus Gaming V16 2025 V3607VH-RP037WS,210h,rtx 5050,16,512,16,2025,gamer,asus_asusgamingv162025v3607vh-rp037_210h_16
acer,Acer 2025 Predator Helios Neo16S AI PHN16S-71 Gaming,Acer 2025 Predator Helios Neo16S AI PHN16S-71 Gaming,255hx,rtx 5050,16,1024,16,2025,gamer,acer_acer2025predatorheliosneo16sai_255hx_16
acer,Acer Predator Helios Neo16S AI PHN16S-71 Gaming,Acer Predator Helios Neo16S AI PHN16S-71 Gaming,255hx,rtx 5060,16,1024,16,não identificado,gamer,acer_acerpredatorheliosneo16saiphn1_255hx_16
acer,Acer Nitro Lite NL16-71G NH.D5ASI.001 Gaming,Acer Nitro Lite NL16-71G NH.D5ASI.001 Gaming,13420h,rtx 4050,8,512,16,não identificado,gamer,acer_acernitrolitenl16-71gnh.d5asi._13420h_8
acer,Acer Nitro Lite NL16-71G NH.D5ASI.002 Gaming,Acer Nitro Lite NL16-71G NH.D5ASI.002 Gaming,13620h,rtx 4050,8,512,16,não identificado,gamer,acer_acernitrolitenl16-71gnh.d5asi._13620h_8
lenovo,Lenovo Legion Pro 7 2025 16IAX10H 83F500D7IN AI Gaming,Lenovo Legion Pro 7 2025 16IAX10H 83F500D7IN AI Gaming,275hx,rtx 5070 ti,32,1024,16,2025,gamer,lenovo_lenovolegionpro7202516iax10h83_275hx_32
acer,Acer Nitro Lite NL16-71G NH.D59SI.001 Gaming,Acer Nitro Lite NL16-71G NH.D59SI.001 Gaming,13420h,rtx 3050,8,512,16,não identificado,gamer,acer_acernitrolitenl16-71gnh.d59si._13420h_8
acer,Acer Nitro Lite NL16-71G NH.D59SI.002 Gaming,Acer Nitro Lite NL16-71G NH.D59SI.002 Gaming,13620h,rtx 3050,16,512,16,não identificado,gamer,acer_acernitrolitenl16-71gnh.d59si._13620h_16
hp,HP Victus 15-fa2104TX Gaming,HP Victus 15-fa2104TX  Gaming,13620h,rtx 4050,16,512,15,não identificado,gamer,hp_hpvictus15-fa2104txgaming_13620h_16
msi,MSI Katana 17 HX B14WGK-085IN Gaming,MSI Katana 17 HX B14WGK-085IN Gaming,14900hx,rtx 5070,16,1024,17,não identificado,gamer,msi_msikatana17hxb14wgk-085ingamin_14900hx_16
msi,MSI Crosshair 16 HX AI D2XWFKG-068IN Gaming,MSI Crosshair 16 HX AI D2XWFKG-068IN Gaming,255hx,rtx 5060,16,1024,16,não identificado,gamer,msi_msicrosshair16hxaid2xwfkg-068i_255hx_16
msi,MSI Crosshair 16 HX AI D2XWGKG-065IN Gaming,MSI Crosshair 16 HX AI D2XWGKG-065IN Gaming,275hx,rtx 5070,16,1024,16,não identificado,gamer,msi_msicrosshair16hxaid2xwgkg-065i_275hx_16
msi,MSI Katana 15 HX B14WEK-438IN Gaming,MSI Katana 15 HX B14WEK-438IN Gaming,14450hx,rtx 5050,16,512,15,não identificado,gamer,msi_msikatana15hxb14wek-438ingamin_14450hx_16
asus,Asus Vivobook 16X K3605VC-RP492WS,Asus Vivobook 16X K3605VC-RP492WS,13620h,rtx 3050,16,512,16,não identificado,gamer,asus_asusvivobook16xk3605vc-rp492ws_13620h_16
hp,HP Omen 16-am0241TX Gaming,HP Omen 16-am0241TX Gaming,14650hx,rtx 5050,24,1024,16,não identificado,gamer,hp_hpomen16-am0241txgaming_14650hx_24
lenovo,Lenovo Thinkpad P16v 21KXS05500,Lenovo Thinkpad P16v 21KXS05500,155h,rtx 500,32,1024,16,não identificado,gamer,lenovo_lenovothinkpadp16v21kxs05500_155h_32
lenovo,Lenovo IdeaPad Pro 5 83JK000AIN Gaming,Lenovo IdeaPad Pro 5 83JK000AIN Gaming,285h,arc graphics,32,1024,16,não identificado,gamer,lenovo_lenovoideapadpro583jk000aingam_285h_32
msi,MSI Vector 17 HX AI A2XWHG-206IN Gaming,MSI Vector 17 HX AI A2XWHG-206IN Gaming,275hx,rtx 5070 ti,32,2048,17,não identificado,gamer,msi_msivector17hxaia2xwhg-206ingam_275hx_32
asus,Asus Gaming V16 V3607VM-RP057WS,Asus Gaming V16 V3607VM-RP057WS,240h,rtx 5060,16,512,16,não identificado,gamer,asus_asusgamingv16v3607vm-rp057ws_240h_16
alienware,Alienware 16 Aurora Gaming,Alienware 16 Aurora Gaming,240h,rtx 5060,16,1024,16,não identificado,gamer,alienware_alienware16auroragaming_240h_16
msi,MSI Vector 16 HX AI A2XWHG-443IN Gaming,MSI Vector 16 HX AI A2XWHG-443IN Gaming,255hx,rtx 5070 ti,16,1024,16,não identificado,gamer,msi_msivector16hxaia2xwhg-443ingam_255hx_16
hp,HP Victus 15-fb3134AX Gaming,HP Victus 15-fb3134AX Gaming,7445h,rtx 3050,16,512,15,não identificado,gamer,hp_hpvictus15-fb3134axgaming_7445h_16
lenovo,Lenovo LOQ 15IRX9 83DV014SIN AI Gaming,Lenovo LOQ 15IRX9 83DV014SIN AI Gaming,13450hx,rtx 3050a,24,512,15,não identificado,gamer,lenovo_lenovoloq15irx983dv014sinaigam_13450hx_24
hp,HP Victus 15-fa2309TX Gaming,HP Victus 15-fa2309TX Gaming,13620h,rtx 5050,24,1024,15,não identificado,gamer,hp_hpvictus15-fa2309txgaming_13620h_24
lenovo,Lenovo LOQ 15IAX9E 83LK006AIN Gaming,Lenovo LOQ 15IAX9E 83LK006AIN Gaming,12450hx,rtx 3050,12,512,15,não identificado,gamer,lenovo_lenovoloq15iax9e83lk006aingami_12450hx_12
lenovo,Lenovo Thinkpad P16s 21KSS0AK00,Lenovo Thinkpad P16s 21KSS0AK00,155h,rtx 500,32,1024,16,não identificado,gamer,lenovo_lenovothinkpadp16s21kss0ak00_155h_32
hp,HP Victus 15-fa2190TX Gaming,HP Victus 15-fa2190TX Gaming,13420h,rtx 3050,16,512,15,não identificado,gamer,hp_hpvictus15-fa2190txgaming_13420h_16
hp,HP Victus 16-r1705TX Gaming,HP Victus 16-r1705TX Gaming,14450hx,rtx 3050,16,512,16,não identificado,gamer,hp_hpvictus16-r1705txgaming_14450hx_16
asus,Asus ROG Strix G16,Asus ROG Strix G16 (2025) G615JHR-S5005WS Gaming,14650hx,rtx 5050,16,1024,16,2025,gamer,asus_asusrogstrixg16_14650hx_16
asus,Asus TUF Gaming F16 FX608JH-RV057WS,Asus TUF Gaming F16 FX608JH-RV057WS,13450hx,rtx 5050,16,1024,16,não identificado,gamer,asus_asustufgamingf16fx608jh-rv057w_13450hx_16
asus,Asus ROG Strix G16 G614PH-RV033WS Gaming,Asus ROG Strix G16 G614PH-RV033WS Gaming,8940hx,rtx 5050,16,1024,16,não identificado,gamer,asus_asusrogstrixg16g614ph-rv033wsg_8940hx_16
hp,HP Victus 15-fb3004AX Gaming,HP Victus 15-fb3004AX Gaming,8645hs,rtx 2050,16,512,15,não identificado,gamer,hp_hpvictus15-fb3004axgaming_8645hs_16
lenovo,Lenovo LOQ 2024 15IRX9 83DV00X6IN Gaming,Lenovo LOQ 2024 15IRX9 83DV00X6IN Gaming,13450hx,rtx 3050,24,512,15,2024,gamer,lenovo_lenovoloq202415irx983dv00x6ing_13450hx_24
lenovo,Lenovo LOQ ‎15ARP9 83JC00GDIN AI Gaming,Lenovo LOQ ‎15ARP9 83JC00GDIN AI Gaming,7435hs,rtx 3050a,24,512,15,não identificado,gamer,lenovo_lenovoloq‎15arp983jc00gdinaiga_7435hs_24
lenovo,Lenovo LOQ ‎15ARP9 83JC00HNIN AI Gaming,Lenovo LOQ ‎15ARP9 83JC00HNIN AI Gaming,7235hs,rtx 3050a,12,512,15,não identificado,gamer,lenovo_lenovoloq‎15arp983jc00hninaiga_7235hs_12
asus,Asus ROG Strix G16 G615LW-RV148WS Gaming,Asus ROG Strix G16 G615LW-RV148WS Gaming,275hx,rtx 5080,32,1024,16,não identificado,gamer,asus_asusrogstrixg16g615lw-rv148wsg_275hx_32
msi,MSI Vector A18 HX A9WHG-033IN Gaming,MSI Vector A18 HX A9WHG-033IN Gaming,9955hx,rtx 5070 ti,32,2048,18,não identificado,gamer,msi_msivectora18hxa9whg-033ingamin_9955hx_32
msi,MSI Prestige Pro 16 AI B2HVEG-253IN,MSI Prestige Pro 16 AI B2HVEG-253IN,255h,rtx 4050,32,1024,16,não identificado,gamer,msi_msiprestigepro16aib2hveg-253in_255h_32
lenovo,Lenovo LOQ 15ARP9 83JC00EEIN Gaming,Lenovo LOQ 15ARP9 83JC00EEIN Gaming,7235hs,rtx 3050,12,512,15,não identificado,gamer,lenovo_lenovoloq15arp983jc00eeingamin_7235hs_12
asus,Asus ROG Strix G16 G615LM-S5128WS Gaming,Asus ROG Strix G16 G615LM-S5128WS Gaming,275hx,rtx 5060,16,1024,16,não identificado,gamer,asus_asusrogstrixg16g615lm-s5128wsg_275hx_16
asus,Asus TUF Gaming A15 FA506NCR-HN275WS,Asus TUF Gaming A15 FA506NCR-HN275WS,7435hs,rtx 3050,16,512,15,não identificado,gamer,asus_asustufgaminga15fa506ncr-hn275_7435hs_16
asus,Asus TUF Gaming F16 FX677VU-RL055WS,Asus TUF Gaming F16 FX677VU-RL055WS,210h,rtx 4050,16,512,16,não identificado,gamer,asus_asustufgamingf16fx677vu-rl055w_210h_16
asus,Asus ROG Zephyrus G14,Asus ROG Zephyrus G14 (2025) GA403UM-QS007WS Gaming,270,rtx 5060,16,1024,14,2025,gamer,asus_asusrogzephyrusg14_270_16
asus,Asus ROG Strix G16 G615LP-S5022WS Gaming,Asus ROG Strix G16 G615LP-S5022WS Gaming,275hx,rtx 5070,32,1024,16,não identificado,gamer,asus_asusrogstrixg16g615lp-s5022wsg_275hx_32
asus,Asus ROG Strix G16 G614PM-S5046WS Gaming,Asus ROG Strix G16 G614PM-S5046WS Gaming,8940hx,rtx 5060,16,1024,16,não identificado,gamer,asus_asusrogstrixg16g614pm-s5046wsg_8940hx_16
asus,Asus TUF Gaming A16 FA608PP-QT014WS,Asus TUF Gaming A16 FA608PP-QT014WS,8940hx,rtx 5070,16,1024,16,não identificado,gamer,asus_asustufgaminga16fa608pp-qt014w_8940hx_16
asus,Asus TUF Gaming F16 FX688JPR-QT043WS,Asus TUF Gaming F16 FX688JPR-QT043WS,14650hx,rtx 5070,32,1024,16,não identificado,gamer,asus_asustufgamingf16fx688jpr-qt043_14650hx_32
asus,Asus TUF Gaming F16 FX608JMR-RV049WS,Asus TUF Gaming F16 FX608JMR-RV049WS,14650hx,rtx 5060,16,1024,16,não identificado,gamer,asus_asustufgamingf16fx608jmr-rv049_14650hx_16
lenovo,Lenovo LOQ ‎15IRX9 83DV00X8IN Gaming,Lenovo LOQ ‎15IRX9 83DV00X8IN Gaming,13650hx,rtx 4060,24,512,15,não identificado,gamer,lenovo_lenovoloq‎15irx983dv00x8ingami_13650hx_24
lenovo,Lenovo LOQ 2024 15ARP9 83JC00GCIN Gaming,Lenovo LOQ 2024 15ARP9 83JC00GCIN Gaming,7235hs,rtx 3050a,24,512,15,2024,gamer,lenovo_lenovoloq202415arp983jc00gcing_7235hs_24
lenovo,Lenovo LOQ ‎‎15IAX9E 83LK0032IN ‎AI Gaming,Lenovo LOQ ‎‎15IAX9E 83LK0032IN ‎AI Gaming,12450hx,rtx 2050,12,512,15,não identificado,gamer,lenovo_lenovoloq‎‎15iax9e83lk0032in‎a_12450hx_12
lenovo,Lenovo LOQ ‎15IAX9E 83LK0031IN Gaming,Lenovo LOQ ‎15IAX9E 83LK0031IN Gaming,12450hx,rtx 2050,12,512,15,não identificado,gamer,lenovo_lenovoloq‎15iax9e83lk0031ingam_12450hx_12
lenovo,Lenovo Thinkpad P14s 21G2S08D00,Lenovo Thinkpad P14s 21G2S08D00,155h,rtx 500 ada,16,1024,14,não identificado,gamer,lenovo_lenovothinkpadp14s21g2s08d00_155h_16
hp,HP Victus 15-fb0185AX Gaming,HP Victus 15-fb0185AX Gaming,5600h,rx 6500m,8,512,15,não identificado,gamer,hp_hpvictus15-fb0185axgaming_5600h_8
hp,HP Victus 15-fa2077TX Gaming,HP Victus 15-fa2077TX Gaming,13620h,rtx 3050,16,512,15,não identificado,gamer,hp_hpvictus15-fa2077txgaming_13620h_16
msi,MSI VenturePro 15 AI A1UDXG-009IN,MSI VenturePro 15 AI A1UDXG-009IN,125h,rtx 3050,16,1024,15,não identificado,gamer,msi_msiventurepro15aia1udxg-009in_125h_16
msi,MSI VenturePro 15 AI A1VEG-008IN,MSI VenturePro 15 AI A1VEG-008IN,155h,rtx 4050,16,1024,15,não identificado,gamer,msi_msiventurepro15aia1veg-008in_155h_16
alienware,Alienware M18 R2 Gaming,Alienware M18 R2 Gaming,14900hx,rtx 4080,32,1024,18,não identificado,gamer,alienware_alienwarem18r2gaming_14900hx_32
msi,MSI Thin A15 B7UC-284IN Gaming,MSI Thin A15 B7UC-284IN Gaming,7535hs,rtx 3050,16,512,15,não identificado,gamer,msi_msithina15b7uc-284ingaming_7535hs_16
asus,Asus ROG Zephyrus G14 GA403WR-QS123WS Gaming,Asus ROG Zephyrus G14 GA403WR-QS123WS Gaming,370,rtx 5070 ti,32,2048,14,não identificado,gamer,asus_asusrogzephyrusg14ga403wr-qs12_370_32
asus,Asus ROG Strix G16 G614PR-RV032WS Gaming,Asus ROG Strix G16 G614PR-RV032WS Gaming,8940hx,rtx 5070 ti,16,1024,16,não identificado,gamer,asus_asusrogstrixg16g614pr-rv032wsg_8940hx_16
asus,Asus ROG Strix G16 G615LR-S5190WS Gaming,Asus ROG Strix G16 G615LR-S5190WS Gaming,275hx,rtx 5070 ti,32,1024,16,não identificado,gamer,asus_asusrogstrixg16g615lr-s5190wsg_275hx_32
asus,Asus ROG Flow Z13 2025 GZ302EA-RU420WS Gaming,Asus ROG Flow Z13 2025 GZ302EA-RU420WS Gaming,390,rtx 4060,16,1024,13,2025,gamer,asus_asusrogflowz132025gz302ea-ru42_390_16
asus,Asus ROG Zephyrus G16 GU605CW-QR133WS Gaming,Asus ROG Zephyrus G16 GU605CW-QR133WS Gaming,285h,rtx 5080,32,2048,16,não identificado,gamer,asus_asusrogzephyrusg16gu605cw-qr13_285h_32
asus,Asus ROG Strix SCAR 18 2025 G835LX-SA187WS Gaming,Asus ROG Strix SCAR 18 2025 G835LX-SA187WS Gaming,275hx,rtx 5090,64,2048,18,2025,gamer,asus_asusrogstrixscar182025g835lx-s_275hx_64
asus,Asus ROG Strix SCAR 16 2025 G635LW-RW157WS Gaming,Asus ROG Strix SCAR 16 2025 G635LW-RW157WS Gaming,275hx,rtx 5080,32,2048,16,2025,gamer,asus_asusrogstrixscar162025g635lw-r_275hx_32
msi,MSI Thin A15 B7UC-285IN Gaming,MSI Thin A15 B7UC-285IN Gaming,7535hs,rtx 2050,16,512,15,não identificado,gamer,msi_msithina15b7uc-285ingaming_7535hs_16
asus,Asus TUF Gaming A15 FA566NCR-HN117W,Asus TUF Gaming A15 FA566NCR-HN117W,7435hs,rtx 3050,16,1024,15,não identificado,gamer,asus_asustufgaminga15fa566ncr-hn117_7435hs_16
asus,Asus TUF Gaming F16 FX677VU-RL155WS,Asus TUF Gaming F16 FX677VU-RL155WS,13620h,rtx 4050,16,512,16,não identificado,gamer,asus_asustufgamingf16fx677vu-rl155w_13620h_16
msi,MSI Raider 18 HX AI A2XWIG-255IN Gaming,MSI Raider 18 HX AI A2XWIG-255IN Gaming,14900hx,rtx 5080,64,4096,18,não identificado,gamer,msi_msiraider18hxaia2xwig-255ingam_14900hx_64
hp,HP Omen 16-wf0262TX Gaming,HP Omen 16-wf0262TX Gaming,13700hx,rtx 4070,16,1024,16,não identificado,gamer,hp_hpomen16-wf0262txgaming_13700hx_16
msi,MSI Thin 15 B13UCX-2472IN Gaming,MSI Thin 15 B13UCX-2472IN Gaming,13420h,rtx 2050,16,512,15,não identificado,gamer,msi_msithin15b13ucx-2472ingaming_13420h_16
msi,MSI Titan 18 HX AI A2XWJG-486IN Gaming,MSI Titan 18 HX AI A2XWJG-486IN Gaming,285hx,rtx 5090,64,6144,18,não identificado,gamer,msi_msititan18hxaia2xwjg-486ingami_285hx_64
msi,MSI Vector 16 HX A2XWHG-227IN Gaming,MSI Vector 16 HX A2XWHG-227IN Gaming,255hx,rtx 5070 ti,32,1024,16,não identificado,gamer,msi_msivector16hxa2xwhg-227ingamin_255hx_32
hp,HP Victus 15-fb3011AX Gaming,HP Victus 15-fb3011AX Gaming,5600h,rtx 3050,16,512,15,não identificado,gamer,hp_hpvictus15-fb3011axgaming_5600h_16
hp,HP Victus 15-fa2701TX Gaming,HP Victus 15-fa2701TX Gaming,13420h,rtx 4050,16,512,15,não identificado,gamer,hp_hpvictus15-fa2701txgaming_13420h_16
dell,Dell XPS 14 9440 AI,Dell XPS 14 9440 AI,155h,rtx 4060,32,1024,14,não identificado,gamer,dell_dellxps149440ai_155h_32
hp,HP Omen 16 Max 16-ah0076TX Gaming,HP Omen 16 Max 16-ah0076TX Gaming,275hx,rtx 5080,32,1024,16,não identificado,gamer,hp_hpomen16max16-ah0076txgaming_275hx_32
hp,HP Victus 15-fb3012AX Gaming,HP Victus 15-fb3012AX Gaming,8645hs,rtx 3050,16,512,15,não identificado,gamer,hp_hpvictus15-fb3012axgaming_8645hs_16
lenovo,Lenovo LOQ 15IAX9 83LK0068IN Gaming,Lenovo LOQ 15IAX9 83LK0068IN Gaming,12650hx,rtx 4050,12,512,15,não identificado,gamer,lenovo_lenovoloq15iax983lk0068ingamin_12650hx_12
msi,MSI Katana 15 B13VEK-2220IN Gaming,MSI Katana 15 B13VEK-2220IN Gaming,13700h,rtx 4050,16,1024,15,não identificado,gamer,msi_msikatana15b13vek-2220ingaming_13700h_16
lenovo,Lenovo IdeaPad Pro 5 83D2004XIN Gaming,Lenovo IdeaPad Pro 5 83D2004XIN Gaming,185h,arc graphics,32,1024,14,não identificado,gamer,lenovo_lenovoideapadpro583d2004xingam_185h_32
dell,Dell 16 Alienware X16 R2 Gaming,Dell 16 Alienware X16 R2 Gaming,185h,rtx 4070,32,1024,16,não identificado,gamer,dell_dell16alienwarex16r2gaming_185h_32
hp,HP Victus ‎15-fb0180AX Gaming,HP Victus ‎15-fb0180AX Gaming,5600h,rtx 3050,8,512,15,não identificado,gamer,hp_hpvictus‎15-fb0180axgaming_5600h_8
msi,MSI Katana A15 AI B8VE-481IN Gaming,MSI Katana A15 AI B8VE-481IN Gaming,8840h,rtx 4050,16,512,15,não identificado,gamer,msi_msikatanaa15aib8ve-481ingaming_8840h_16
msi,MSI Cyborg 15 A12UCX-1469IN Gaming,MSI Cyborg 15 A12UCX-1469IN Gaming,12450h,rtx 2050,16,512,15,não identificado,gamer,msi_msicyborg15a12ucx-1469ingaming_12450h_16
asus,Asus ROG Strix G16 G614JU-N4200WS Gaming,Asus ROG Strix G16 G614JU-N4200WS Gaming,13650hx,rtx 4050,16,1024,16,não identificado,gamer,asus_asusrogstrixg16g614ju-n4200wsg_13650hx_16
lenovo,Lenovo LOQ 2024 15ARP9 83JC00EFIN Gaming,Lenovo LOQ 2024 15ARP9 83JC00EFIN Gaming,7235hs,rtx 3050,24,512,15,2024,gamer,lenovo_lenovoloq202415arp983jc00efing_7235hs_24
asus,Asus TUF Gaming A15 FA566NCR-HN254WS,Asus TUF Gaming A15 FA566NCR-HN254WS,7435hs,rtx 3050,16,512,15,não identificado,gamer,asus_asustufgaminga15fa566ncr-hn254_7435hs_16
asus,Asus TUF Gaming F16 FX607VB-RL087WS,Asus TUF Gaming F16 FX607VB-RL087WS,210h,rtx 3050a,16,512,16,não identificado,gamer,asus_asustufgamingf16fx607vb-rl087w_210h_16
asus,Asus TUF Gaming F16 FX607VB-RL076WS,Asus TUF Gaming F16 FX607VB-RL076WS,210h,rtx 3050a,16,512,16,não identificado,gamer,asus_asustufgamingf16fx607vb-rl076w_210h_16
asus,Asus TUF Gaming A14 FA401WV-RG475WS Gaming,Asus TUF Gaming A14 FA401WV-RG475WS Gaming,hx370,rtx 4060,16,1024,14,não identificado,gamer,asus_asustufgaminga14fa401wv-rg475w_hx370_16
lenovo,Lenovo Legion 5 15IRX9 83JJ0010IN Gaming,Lenovo Legion 5 15IRX9 83JJ0010IN Gaming,13650hx,rtx 4060,24,512,15,não identificado,gamer,lenovo_lenovolegion515irx983jj0010ing_13650hx_24
acer,Acer ALG ‎AL15G-53 15 Gaming,Acer ALG ‎AL15G-53 15 Gaming,13420h,rtx 3050,16,512,15,não identificado,gamer,acer_aceralg‎al15g-5315gaming_13420h_16
acer,Acer ALG 15 ‎AL15G-53 Gaming,Acer ALG 15 ‎AL15G-53 Gaming,13420h,rtx 3050,16,1024,15,não identificado,gamer,acer_aceralg15‎al15g-53gaming_13420h_16
acer,Acer 16 Predator Helios 16 ‎PH16-72 Gaming,Acer 16 Predator Helios 16 ‎PH16-72 Gaming,14700hx,rtx 4070,16,1024,16,não identificado,gamer,acer_acer16predatorhelios16‎ph16-72_14700hx_16
lenovo,Lenovo LOQ 2024 15IRX9 83DV00X4IN Gaming,Lenovo LOQ 2024 15IRX9 83DV00X4IN Gaming,13450hx,rtx 4050,16,512,15,2024,gamer,lenovo_lenovoloq202415irx983dv00x4ing_13450hx_16
hp,HP Victus 15-fb2703tx Gaming,HP Victus 15-fb2703tx Gaming,13420h,rtx 2050,16,512,15,não identificado,gamer,hp_hpvictus15-fb2703txgaming_13420h_16
hp,HP Victus 15-FA1415TX Gaming,HP Victus 15-FA1415TX  Gaming,12650h,rtx 3050a,16,512,15,não identificado,gamer,hp_hpvictus15-fa1415txgaming_12650h_16
lenovo,Lenovo LOQ ‎15IRX9 83DV00XEIN Gaming,Lenovo LOQ ‎15IRX9 83DV00XEIN Gaming,13650hx,rtx 3050,16,512,15,não identificado,gamer,lenovo_lenovoloq‎15irx983dv00xeingami_13650hx_16
lenovo,Lenovo LOQ 15IAX9 83GS00LJIN Gaming,Lenovo LOQ 15IAX9 83GS00LJIN Gaming,12450hx,rtx 2050,12,512,15,não identificado,gamer,lenovo_lenovoloq15iax983gs00ljingamin_12450hx_12
lenovo,Lenovo LOQ 15IAX9 83GS00LLIN Gaming,Lenovo LOQ 15IAX9 83GS00LLIN Gaming,12450hx,rtx 3050,16,512,15,não identificado,gamer,lenovo_lenovoloq15iax983gs00llingamin_12450hx_16
asus,Asus Vivobook 16X K3605VC-RP413WS,Asus Vivobook 16X K3605VC-RP413WS,13420h,rtx 3050,16,512,16,não identificado,gamer,asus_asusvivobook16xk3605vc-rp413ws_13420h_16
hp,HP Victus 15-fb3003AX Gaming,HP Victus 15-fb3003AX Gaming,8645hs,rtx 2050,16,512,15,não identificado,gamer,hp_hpvictus15-fb3003axgaming_8645hs_16
hp,HP Victus 15-fa2700TX Gaming,HP Victus 15-fa2700TX  Gaming,13420h,rtx 3050,16,512,15,não identificado,gamer,hp_hpvictus15-fa2700txgaming_13420h_16
hp,HP Victus 15-fa2703TX Gaming,HP Victus 15-fa2703TX Gaming,13420h,rtx 2050,16,512,15,não identificado,gamer,hp_hpvictus15-fa2703txgaming_13420h_16
asus,Asus Gaming V16 2025 V3607VU-RP550WS,Asus Gaming V16 2025 V3607VU-RP550WS,210h,rtx 4050,16,512,16,2025,gamer,asus_asusgamingv162025v3607vu-rp550_210h_16
asus,Asus Gaming V16 V3607VU-RP275WS,Asus Gaming V16 V3607VU-RP275WS,240h,rtx 4050,16,512,16,não identificado,gamer,asus_asusgamingv16v3607vu-rp275ws_240h_16
hp,HP Victus 15-fb3025AX Gaming,HP Victus 15-fb3025AX Gaming,8945hs,rtx 4060,16,1024,15,não identificado,gamer,hp_hpvictus15-fb3025axgaming_8945hs_16
hp,HP Victus FA1198TX Gaming,HP Victus FA1198TX Gaming,13420h,rtx 3050,16,512,15,não identificado,gamer,hp_hpvictusfa1198txgaming_13420h_16
lenovo,Lenovo ThinkPad T15g 20YSS01J00,Lenovo ThinkPad T15g 20YSS01J00,11950h,rtx 3070,16,512,15,não identificado,gamer,lenovo_lenovothinkpadt15g20yss01j00_11950h_16
msi,MSI Thin 15 B12UC-2240IN Gaming,MSI Thin 15 B12UC-2240IN Gaming,12650h,rtx 3050,16,512,15,não identificado,gamer,msi_msithin15b12uc-2240ingaming_12650h_16
msi,MSI Thin 15 B12UC-2242IN Gaming,MSI Thin 15 B12UC-2242IN Gaming,12650h,rtx 2050,16,512,15,não identificado,gamer,msi_msithin15b12uc-2242ingaming_12650h_16
asus,Asus ROG Strix SCAR 16,Asus ROG Strix SCAR 16 (2025) G635LX-RW158WS Gaming,275hx,rtx 5090,32,2048,16,2025,gamer,asus_asusrogstrixscar16_275hx_32
lenovo,Lenovo LOQ ‎15IRX9 83DV00XCIN Gaming,Lenovo LOQ ‎15IRX9 83DV00XCIN Gaming,13450hx,rtx 3050,16,512,15,não identificado,gamer,lenovo_lenovoloq‎15irx983dv00xcingami_13450hx_16
msi,MSI Thin 15 B12UC-2239IN Gaming,MSI Thin 15 B12UC-2239IN Gaming,12650h,rtx 3050,16,1024,15,não identificado,gamer,msi_msithin15b12uc-2239ingaming_12650h_16
hp,HP ZBook Firefly 16 G11 A1VX6PT,HP ZBook Firefly 16 G11 A1VX6PT,155h,rtx a500,16,1024,16,não identificado,gamer,hp_hpzbookfirefly16g11a1vx6pt_155h_16
hp,HP ZBook Firefly 14 G11 A1VL0PT,HP ZBook Firefly 14 G11 A1VL0PT,155h,rtx a500,16,1024,14,não identificado,gamer,hp_hpzbookfirefly14g11a1vl0pt_155h_16
hp,HP Omen 16-wf1171TX Gaming,HP Omen 16-wf1171TX Gaming,14650hx,rtx 4050,16,1024,16,não identificado,gamer,hp_hpomen16-wf1171txgaming_14650hx_16
hp,HP Victus 16-wf1150TX Gaming,HP Victus 16-wf1150TX Gaming,14650hx,rtx 4060,16,1024,16,não identificado,gamer,hp_hpvictus16-wf1150txgaming_14650hx_16
acer,Acer Nitro V ANV15-41 NH.QPFSI.006 Gaming,Acer Nitro V ANV15-41 NH.QPFSI.006 Gaming,6600h,rtx 3050,16,512,16,não identificado,gamer,acer_acernitrovanv15-41nh.qpfsi.006_6600h_16
dell,Dell Alienware X16 R2 Gaming,Dell Alienware X16 R2 Gaming,185h,rtx 4090,32,1024,16,não identificado,gamer,dell_dellalienwarex16r2gaming_185h_32
dell,Dell Alienware X16 R2 2024 Gaming,Dell Alienware X16 R2 2024 Gaming,185h,rtx 4080,32,1024,16,2024,gamer,dell_dellalienwarex16r22024gaming_185h_32
acer,Acer Aspire Lite AL15-53 UN.34ESI.00D Gaming,Acer Aspire Lite AL15-53 UN.34ESI.00D Gaming,1305u,uhd graphics,16,512,15,não identificado,gamer,acer_aceraspireliteal15-53un.34esi._1305u_16
msi,MSI Stealth 16 AI Plus A3HVFG-075IN Gaming,MSI Stealth 16 AI Plus A3HVFG-075IN Gaming,365,rtx 4060,32,1024,16,não identificado,gamer,msi_msistealth16aiplusa3hvfg-075in_365_32
hp,HP Victus 15-fa1346TX Gaming,HP Victus 15-fa1346TX Gaming,13420h,rtx 2050,16,512,15,não identificado,gamer,hp_hpvictus15-fa1346txgaming_13420h_16
hp,HP ZBook Firefly 16 G10 8F6J8PA,HP ZBook Firefly 16 G10 8F6J8PA,1335u,rtx a500,16,512,16,não identificado,gamer,hp_hpzbookfirefly16g108f6j8pa_1335u_16
hp,HP ZBook Firefly 14 G10 8F6D3PA Workstation,HP ZBook Firefly 14 G10 8F6D3PA Workstation,1335u,rtx a500,16,512,14,não identificado,gamer,hp_hpzbookfirefly14g108f6d3pawork_1335u_16
gigabyte,Gigabyte G5 MF5-H2IN354SH Gaming,Gigabyte G5 MF5-H2IN354SH Gaming,13620h,rtx 4050,16,1024,15,não identificado,gamer,gigabyte_gigabyteg5mf5-h2in354shgaming_13620h_16
gigabyte,Gigabyte G5 MF5-52IN353SH Gaming,Gigabyte G5 MF5-52IN353SH Gaming,13500h,rtx 4050,16,512,15,não identificado,gamer,gigabyte_gigabyteg5mf5-52in353shgaming_13500h_16
lenovo,Lenovo Legion 5 15IRX9 83JJ000DIN Gaming,Lenovo Legion 5 15IRX9 83JJ000DIN Gaming,13650hx,rtx 4060,24,512,15,não identificado,gamer,lenovo_lenovolegion515irx983jj000ding_13650hx_24
acer,Acer Nitro V 16 ANV16-71 NH.QTNSI.002 Gaming,Acer Nitro V 16 ANV16-71 NH.QTNSI.002 Gaming,14650hx,rtx 4050,16,512,16,não identificado,gamer,acer_acernitrov16anv16-71nh.qtnsi.0_14650hx_16
acer,Acer Predator Helios Neo 14 PHN14-51 Gaming,Acer Predator Helios Neo 14 PHN14-51 Gaming,155h,rtx 4050,16,1024,14,não identificado,gamer,acer_acerpredatorheliosneo14phn14-5_155h_16
asus,Asus TUF Gaming A15 FA566NCR-HN054WS,Asus TUF Gaming A15 FA566NCR-HN054WS,7435hs,rtx 3050,16,512,15,não identificado,gamer,asus_asustufgaminga15fa566ncr-hn054_7435hs_16
msi,MSI Crosshair 16 HX D14VFKG-452IN Gaming,MSI Crosshair 16 HX D14VFKG-452IN Gaming,14650hx,rtx 4060,16,1024,16,não identificado,gamer,msi_msicrosshair16hxd14vfkg-452ing_14650hx_16
asus,Asus Vivobook 16X K3605ZC-RP628WS,Asus Vivobook 16X K3605ZC-RP628WS,12700h,rtx 3050,16,512,16,não identificado,gamer,asus_asusvivobook16xk3605zc-rp628ws_12700h_16
asus,Asus TUF Gaming A15 FA566NFR-HN045WS,Asus TUF Gaming A15 FA566NFR-HN045WS,7435hs,rtx 2050,16,512,15,não identificado,gamer,asus_asustufgaminga15fa566nfr-hn045_7435hs_16
acer,Acer ALG ‎AL15G-53 Gaming,Acer ALG ‎AL15G-53 Gaming,13620h,rtx 3050,16,512,15,não identificado,gamer,acer_aceralg‎al15g-53gaming_13620h_16
asus,Asus Vivobook 16X K3605ZC-RP587WS,Asus Vivobook 16X K3605ZC-RP587WS,12500h,rtx 3050,16,512,16,não identificado,gamer,asus_asusvivobook16xk3605zc-rp587ws_12500h_16
asus,Asus TUF Gaming A15 2024 FA507UV-LP137WS Gaming,Asus TUF Gaming A15 2024 FA507UV-LP137WS Gaming,8945h,rtx 4060,16,1024,15,2024,gamer,asus_asustufgaminga152024fa507uv-lp_8945h_16
msi,MSI Raider A18 HX A7VHG-017IN Gaming,MSI Raider A18 HX A7VHG-017IN Gaming,7945hx,rtx 4080,32,1024,18,não identificado,gamer,msi_msiraidera18hxa7vhg-017ingamin_7945hx_32
asus,Asus ROG Zephyrus G16 OLED GA605WI-QR067WS Gaming,Asus ROG Zephyrus G16 OLED GA605WI-QR067WS Gaming,370,rtx 4070,32,2048,16,não identificado,gamer,asus_asusrogzephyrusg16oledga605wi-_370_32
msi,MSI Creator Z17 HX Studio A14VGT-405IN Creator,MSI Creator Z17 HX Studio A14VGT-405IN Creator,14700hx,rtx 4070,32,2048,17,não identificado,gamer,msi_msicreatorz17hxstudioa14vgt-40_14700hx_32
hp,HP ZBook Power G11 A8WM4PT,HP ZBook Power G11 A8WM4PT,185h,rtx 2000 ada,32,1024,16,não identificado,gamer,hp_hpzbookpowerg11a8wm4pt_185h_32
hp,HP ZBook Power G11 A8WN1PT,HP ZBook Power G11 A8WN1PT,155h,rtx a1000,16,1024,16,não identificado,gamer,hp_hpzbookpowerg11a8wn1pt_155h_16
hp,HP Victus 15-FA1400TX Gaming,HP Victus 15-FA1400TX Gaming,12450h,rtx 3050,16,512,15,não identificado,gamer,hp_hpvictus15-fa1400txgaming_12450h_16
hp,HP Victus 15-FA1411TX Gaming,HP Victus 15-FA1411TX Gaming,12650h,rtx 3050,16,512,15,não identificado,gamer,hp_hpvictus15-fa1411txgaming_12650h_16
asus,Asus TUF Gaming A15 FA507NUR-LP082W Gaming,Asus TUF Gaming A15 FA507NUR-LP082W Gaming,7435hs,rtx 4050,16,512,15,não identificado,gamer,asus_asustufgaminga15fa507nur-lp082_7435hs_16
acer,Acer Aspire 7 A715-79G UN.34NSI.002 Gaming,Acer Aspire 7 A715-79G UN.34NSI.002 Gaming,13420h,rtx 2050,16,512,15,não identificado,gamer,acer_aceraspire7a715-79gun.34nsi.00_13420h_16
acer,Acer Aspire 7 A715-79G UN.34PSI.001 Gaming,Acer Aspire 7 A715-79G UN.34PSI.001 Gaming,13420h,rtx 3050,16,512,15,não identificado,gamer,acer_aceraspire7a715-79gun.34psi.00_13420h_16
gigabyte,Gigabyte G6X 9MG-42IN854SH Gaming,Gigabyte G6X 9MG-42IN854SH Gaming,13650hx,rtx 4050,16,1024,16,não identificado,gamer,gigabyte_gigabyteg6x9mg-42in854shgaming_13650hx_16
msi,MSI Modern 15 B13VE-2089IN,MSI Modern 15 B13VE-2089IN,13620h,rtx 4050,16,512,15,não identificado,gamer,msi_msimodern15b13ve-2089in_13620h_16
lenovo,Lenovo LOQ 2024 83GS0098IN Gaming,Lenovo LOQ 2024 83GS0098IN Gaming,12450hx,rtx 3050,24,512,15,2024,gamer,lenovo_lenovoloq202483gs0098ingaming_12450hx_24
asus,Asus TUF Gaming A15 FA506NCR-HN075WS,Asus TUF Gaming A15 FA506NCR-HN075WS,7435hs,rtx 3050,16,512,15,não identificado,gamer,asus_asustufgaminga15fa506ncr-hn075_7435hs_16
hp,HP Victus Special Edition 15-fa1379TX Gaming,HP Victus Special Edition 15-fa1379TX Gaming,12450h,rtx 3050a,16,512,15,não identificado,gamer,hp_hpvictusspecialedition15-fa137_12450h_16
acer,Acer Predator Helios 16 NH.QNXSI.004 Gaming,Acer Predator Helios 16 NH.QNXSI.004 Gaming,14700hx,rtx 4070,16,1024,16,não identificado,gamer,acer_acerpredatorhelios16nh.qnxsi.0_14700hx_16
lenovo,Lenovo Yoga Pro 9 ‎16IMH9 83DN004VIN,Lenovo Yoga Pro 9 ‎16IMH9 83DN004VIN,185h,rtx 4050,32,1024,16,não identificado,gamer,lenovo_lenovoyogapro9‎16imh983dn004vi_185h_32
acer,Acer Nitro V ANV15-41 UN.QPFSI.002 Gaming,Acer Nitro V ANV15-41 UN.QPFSI.002 Gaming,7535hs,rtx 3050,16,512,15,não identificado,gamer,acer_acernitrovanv15-41un.qpfsi.002_7535hs_16
hp,HP Victus Special Edition 15-fa1382TX Gaming,HP Victus Special Edition 15-fa1382TX Gaming,12650h,rtx 3050a,16,512,15,não identificado,gamer,hp_hpvictusspecialedition15-fa138_12650h_16
lenovo,Lenovo LOQ 2024 15IAX9 83GS00CKIN Gaming,Lenovo LOQ 2024 15IAX9 83GS00CKIN Gaming,12450hx,rtx 2050,24,512,15,2024,gamer,lenovo_lenovoloq202415iax983gs00cking_12450hx_24
asus,Asus TUF Gaming A15 FA566NCR-HN075W,Asus TUF Gaming A15 FA566NCR-HN075W,7435hs,rtx 3050,16,512,15,não identificado,gamer,asus_asustufgaminga15fa566ncr-hn075_7435hs_16
asus,Asus TUF Gaming F15 FX577ZC-HN193W Gaming,Asus TUF Gaming F15 FX577ZC-HN193W Gaming,12700h,rtx 3050,16,512,15,não identificado,gamer,asus_asustufgamingf15fx577zc-hn193w_12700h_16
asus,Asus TUF Gaming A15 FA566NFR-HN259W,Asus TUF Gaming A15 FA566NFR-HN259W,7435hs,rtx 2050,16,512,15,não identificado,gamer,asus_asustufgaminga15fa566nfr-hn259_7435hs_16
asus,Asus TUF Gaming A15 FA566NFR-HN260W,Asus TUF Gaming A15 FA566NFR-HN260W,7435hs,rtx 2050,8,512,15,não identificado,gamer,asus_asustufgaminga15fa566nfr-hn260_7435hs_8
hp,HP Victus 15-fa0333TX Gaming,HP Victus 15-fa0333TX Gaming,12450h,rtx 3050,16,512,15,não identificado,gamer,hp_hpvictus15-fa0333txgaming_12450h_16
hp,HP Victus 15-fa1388TX Gaming,HP Victus 15-fa1388TX Gaming,12450h,rtx 3050a,16,1024,15,não identificado,gamer,hp_hpvictus15-fa1388txgaming_12450h_16
asus,Asus TUF Gaming A15 FA566NC-HN083WS,Asus TUF Gaming A15 FA566NC-HN083WS,7535hs,rtx 3050,16,512,15,não identificado,gamer,asus_asustufgaminga15fa566nc-hn083w_7535hs_16
acer,Acer Aspire 3D 15 SpatialLabs Edition 3D,Acer Aspire 3D 15 SpatialLabs Edition 3D,13420h,rtx 2050,16,512,15,não identificado,gamer,acer_aceraspire3d15spatiallabsediti_13420h_16
acer,Acer Aspire 3D 15 SpatialLabs Edition A3D15-71GM 3D,Acer Aspire 3D 15 SpatialLabs Edition  A3D15-71GM 3D,13620h,rtx 4050,16,1024,15,não identificado,gamer,acer_aceraspire3d15spatiallabsediti_13620h_16
acer,Acer Aspire Lite UN.34ESI.005 Gaming,Acer Aspire Lite UN.34ESI.005 Gaming,1305u,uhd graphics,8,512,15,não identificado,gamer,acer_aceraspireliteun.34esi.005gami_1305u_8
lenovo,Lenovo Ideapad Gaming 3 15ARH7 82SB00QSIN,Lenovo Ideapad Gaming 3 15ARH7 82SB00QSIN,7735hs,rtx 3050,16,512,15,não identificado,gamer,lenovo_lenovoideapadgaming315arh782sb_7735hs_16
colorful,Colorful Evol P15 23-HE55D16512A-W-IND Gaming,Colorful Evol P15 23-HE55D16512A-W-IND Gaming,12450h,rtx 4050,16,512,15,não identificado,gamer,colorful_colorfulevolp1523-he55d16512a-_12450h_16
colorful,Colorful Evol P15 Gaming,Colorful Evol P15 Gaming,13620h,rtx 4060,16,512,15,não identificado,gamer,colorful_colorfulevolp15gaming_13620h_16
lenovo,Lenovo Yoga Pro 7 14IMH9 83E2005EIN,Lenovo Yoga Pro 7 14IMH9 83E2005EIN,155h,rtx 4050,16,1024,14,não identificado,gamer,lenovo_lenovoyogapro714imh983e2005ein_155h_16
lenovo,Lenovo LOQ 15ARP9 83JC0031IN Gaming,Lenovo LOQ 15ARP9 83JC0031IN Gaming,7235hs,rtx 3050,12,512,15,não identificado,gamer,lenovo_lenovoloq15arp983jc0031ingamin_7235hs_12
lenovo,Lenovo LOQ 15ARP9 83JC0046IN Gaming,Lenovo LOQ 15ARP9 83JC0046IN Gaming,7435hs,rtx 4060,24,512,15,não identificado,gamer,lenovo_lenovoloq15arp983jc0046ingamin_7435hs_24
gigabyte,Gigabyte G5 MF5-52IN354SH,Gigabyte G5 MF5-52IN354SH,13500h,rtx 4050,16,512,15,não identificado,gamer,gigabyte_gigabyteg5mf5-52in354sh_13500h_16
gigabyte,Gigabyte G6 MF-H2IN853SH,Gigabyte G6 MF-H2IN853SH,13620h,rtx 4050,16,512,16,não identificado,gamer,gigabyte_gigabyteg6mf-h2in853sh_13620h_16
msi,MSI Katana A17 AI B8VE-884IN Gaming,MSI Katana A17 AI B8VE-884IN Gaming,8945hs,rtx 4050,16,1024,17,não identificado,gamer,msi_msikatanaa17aib8ve-884ingaming_8945hs_16
lenovo,Lenovo LOQ 15ARP9 83JC0045IN Gaming,Lenovo LOQ 15ARP9 83JC0045IN Gaming,7435hs,rtx 4050,24,512,15,não identificado,gamer,lenovo_lenovoloq15arp983jc0045ingamin_7435hs_24
lenovo,Lenovo LOQ 15ARP9 83JC0078IN Gaming,Lenovo LOQ 15ARP9 83JC0078IN Gaming,7235hs,rtx 3050,24,512,15,não identificado,gamer,lenovo_lenovoloq15arp983jc0078ingamin_7235hs_24
asus,Asus TUF Gaming F15 FX507VU-LP210W Gaming,Asus TUF Gaming F15 FX507VU-LP210W Gaming,13620h,rtx 4050,16,512,15,não identificado,gamer,asus_asustufgamingf15fx507vu-lp210w_13620h_16
lenovo,Lenovo Ideapad Gaming 3 15ARH7 82SB00QKIN,Lenovo Ideapad Gaming 3 15ARH7 82SB00QKIN,7535hs,rtx 3050,16,512,15,não identificado,gamer,lenovo_lenovoideapadgaming315arh782sb_7535hs_16
asus,Asus TUF Gaming A15 FA506NCR-HN054W,Asus TUF Gaming A15 FA506NCR-HN054W,7435hs,rtx 3050,16,512,15,não identificado,gamer,asus_asustufgaminga15fa506ncr-hn054_7435hs_16
asus,Asus TUF Gaming A15 FA506NC-HN083W,Asus TUF Gaming A15 FA506NC-HN083W,7535hs,rtx 3050,16,512,15,não identificado,gamer,asus_asustufgaminga15fa506nc-hn083w_7535hs_16
HP,HP Pavilion 15-ec2004AX Gaming,HP Pavilion 15-ec2004AX Gaming Laptop,amd ryzen 5 5600h,não identificado,8,512,15.6,não identificado,gamer,hp_hppavilion15-ec2004axgaming_amdryzen55600h_8
Lenovo,Lenovo IdeaPad Gaming 3 82K101ECIN,Lenovo IdeaPad Gaming 3 82K101ECIN Laptop,11th gen core i5,não identificado,8,256,15.6,não identificado,gamer,lenovo_lenovoideapadgaming382k101ecin_11thgencorei5_8
Asus,Asus TUF Gaming A15 FA506IHRZ-HN111W,Asus TUF Gaming A15 FA506IHRZ-HN111W Laptop,amd ryzen 5 4600h,não identificado,8,512,15.6,não identificado,gamer,asus_asustufgaminga15fa506ihrz-hn11_amdryzen54600h_8
HP,HP Victus 15-fb0040AX Gaming,HP Victus 15-fb0040AX Gaming Laptop,amd ryzen 5 5600h,não identificado,8,512,15.6,não identificado,gamer,hp_hpvictus15-fb0040axgaming_amdryzen55600h_8
HP,HP Victus 15-fa0165TX,HP Victus 15-fa0165TX Laptop,12th gen core i5,não identificado,8,512,15.6,não identificado,gamer,hp_hpvictus15-fa0165tx_12thgencorei5_8
Asus,Asus TUF Gaming A17 FA706IHRB-HX041W Gaming,Asus TUF Gaming A17 FA706IHRB-HX041W Gaming Laptop,amd ryzen 5 4600h,não identificado,8,512,17.3,não identificado,gamer,asus_asustufgaminga17fa706ihrb-hx04_amdryzen54600h_8
Acer,Acer Aspire 7 A715-51G NH.QGCSI.001 Gaming,Acer Aspire 7 A715-51G NH.QGCSI.001 Gaming Laptop,12th gen core i5,não identificado,8,512,15.6,não identificado,gamer,acer_aceraspire7a715-51gnh.qgcsi.00_12thgencorei5_8
MSI,MSI Bravo 15 B5DD-410IN Gaming,MSI Bravo 15 B5DD-410IN Gaming Laptop,ryzen 5 5600h,não identificado,8,512,15.6,não identificado,gamer,msi_msibravo15b5dd-410ingaming_ryzen55600h_8
HP,HP Victus 15-fa0070TX,HP Victus 15-fa0070TX Laptop,12th gen core i5,não identificado,8,512,15.6,não identificado,gamer,hp_hpvictus15-fa0070tx_12thgencorei5_8
Lenovo,Lenovo IdeaPad Gaming 3 82K201YAIN,Lenovo IdeaPad Gaming 3 82K201YAIN Laptop,amd ryzen 5 5600h,não identificado,8,512,15.6,não identificado,gamer,lenovo_lenovoideapadgaming382k201yain_amdryzen55600h_8
Asus,Asus Vivobook Pro 14 OLED M3400QA-KM502WS Gaming,Asus Vivobook Pro 14 OLED M3400QA-KM502WS Gaming Laptop,ryzen 5 5600h,não identificado,8,512,14.0,não identificado,gamer,asus_asusvivobookpro14oledm3400qa-k_ryzen55600h_8
Lenovo,Lenovo IdeaPad Gaming 3 82K201UEIN,Lenovo IdeaPad Gaming 3 82K201UEIN Laptop,amd ryzen 5-5600h,não identificado,8,512,15.6,não identificado,gamer,lenovo_lenovoideapadgaming382k201uein_amdryzen5-5600h_8
HP,HP Victus 15-fb0050AX Gaming,HP Victus 15-fb0050AX Gaming Laptop,amd ryzen 5 5600h,não identificado,8,512,15.6,não identificado,gamer,hp_hpvictus15-fb0050axgaming_amdryzen55600h_8
Acer,Acer Aspire 5 A515-57G UN.K9TSI.002 Gaming,Acer Aspire 5 A515-57G UN.K9TSI.002 Gaming Laptop,12th gen core i5,não identificado,16,512,15.6,não identificado,gamer,acer_aceraspire5a515-57gun.k9tsi.00_12thgencorei5_16
MSI,MSI Thin GF63 11SC-852IN Gaming,MSI Thin GF63 11SC-852IN Gaming Laptop,11th gen core i7,não identificado,8,512,15.6,não identificado,gamer,msi_msithingf6311sc-852ingaming_11thgencorei7_8
Lenovo,Lenovo IdeaPad Gaming 3 82K1017WIN,Lenovo IdeaPad Gaming 3 82K1017WIN Laptop,11th gen core i5,não identificado,8,512,15.6,não identificado,gamer,lenovo_lenovoideapadgaming382k1017win_11thgencorei5_8
Lenovo,Lenovo IdeaPad Gaming 3 82K201Y9IN,Lenovo IdeaPad Gaming 3 82K201Y9IN Laptop,amd ryzen 5-5600h,não identificado,8,256,15.6,não identificado,gamer,lenovo_lenovoideapadgaming382k201y9in_amdryzen5-5600h_8
HP,HP Victus 15-fa0350TX,HP Victus 15-fa0350TX Laptop,12th gen core i5,não identificado,8,512,15.6,não identificado,gamer,hp_hpvictus15-fa0350tx_12thgencorei5_8
Asus,Asus TUF Gaming A15 2022 FA577RE-HN055WS Gaming,Asus TUF Gaming A15 2022 FA577RE-HN055WS Gaming Laptop,amd ryzen 7 6800h,não identificado,16,512,15.6,2022,gamer,asus_asustufgaminga152022fa577re-hn_amdryzen76800h_16
HP,HP Victus 16-e0352AX Gaming,HP Victus 16-e0352AX Gaming Laptop,ryzen 5-5600h,não identificado,8,512,16.1,não identificado,gamer,hp_hpvictus16-e0352axgaming_ryzen5-5600h_8
Asus,Asus TUF Gaming F15 FX506LHB-HN355WS Gaming,Asus TUF Gaming F15 FX506LHB-HN355WS Gaming Laptop,10th gen core i5,não identificado,8,512,15.6,não identificado,gamer,asus_asustufgamingf15fx506lhb-hn355_10thgencorei5_8
Lenovo,Lenovo IdeaPad Gaming 3 15IHU6 82K101GSIN,Lenovo IdeaPad Gaming 3 15IHU6 82K101GSIN Laptop,11th gen core i5,não identificado,8,512,15.6,não identificado,gamer,lenovo_lenovoideapadgaming315ihu682k1_11thgencorei5_8
Asus,Asus Vivobook Pro 16 OLED K6602HC-N1902WS Gaming,Asus Vivobook Pro 16 OLED K6602HC-N1902WS Gaming Laptop,11th gen core i9,não identificado,16,512,16.0,não identificado,gamer,asus_asusvivobookpro16oledk6602hc-n_11thgencorei9_16
HP,HP Omen 16-n0079AX Gaming,HP Omen 16-n0079AX Gaming Laptop,amd ryzen 7 6800h,não identificado,16,512,16.1,não identificado,gamer,hp_hpomen16-n0079axgaming_amdryzen76800h_16
Lenovo,Lenovo IdeaPad Gaming 3 15IAH7 82S900R6IN,Lenovo IdeaPad Gaming 3 15IAH7 82S900R6IN Laptop,12th gen core i5,não identificado,16,512,15.6,não identificado,gamer,lenovo_lenovoideapadgaming315iah782s9_12thgencorei5_16
Acer,Acer Predator Helios 300 PH315-55 Gaming,Acer Predator Helios 300 PH315-55 Gaming Laptop,12th gen core i9,não identificado,16,1000,15.6,não identificado,gamer,acer_acerpredatorhelios300ph315-55g_12thgencorei9_16
Asus,Asus TUF Dash F15 2022 FX517ZC-HN108WS Gaming,Asus TUF Dash F15 2022 FX517ZC-HN108WS Gaming Laptop,12th gen core i7,não identificado,16,1000,15.6,2022,gamer,asus_asustufdashf152022fx517zc-hn10_12thgencorei7_16
Asus,Asus TUF Gaming F15,Asus TUF Gaming F15,2022) fx507ze-hn038w gaming laptop,não identificado,16,512,15.6,não identificado,gamer,asus_asustufgamingf15_2022)fx507ze-hn038wgaminglaptop_16
Asus,Asus ROG Strix G17 2022 G713IE-HX040W Gaming,Asus ROG Strix G17 2022 G713IE-HX040W Gaming Laptop,amd ryzen 7 4800h,não identificado,16,1000,17.3,2022,gamer,asus_asusrogstrixg172022g713ie-hx04_amdryzen74800h_16
Asus,Asus TUF Dash F15 2022 FX517ZC-HN083WS Gaming,Asus TUF Dash F15 2022 FX517ZC-HN083WS Gaming Laptop,12th gen core i5,não identificado,16,512,15.6,2022,gamer,asus_asustufdashf152022fx517zc-hn08_12thgencorei5_16
Acer,Acer Nitro 5 AN515-56 Gaming,Acer Nitro 5 AN515-56 Gaming Laptop,11th gen core i5,não identificado,16,512,15.6,não identificado,gamer,acer_acernitro5an515-56gaming_11thgencorei5_16
Acer,Acer Aspire 5 A515-57G Gaming,Acer Aspire 5 A515-57G Gaming Laptop,12th gen core i5,não identificado,8,512,15.6,não identificado,gamer,acer_aceraspire5a515-57ggaming_12thgencorei5_8
Acer,Acer Aspire 7 A715-75G NH.QGBSI.001 Gaming,Acer Aspire 7 A715-75G NH.QGBSI.001 Gaming Laptop,12th gen core i5,não identificado,8,512,15.6,não identificado,gamer,acer_aceraspire7a715-75gnh.qgbsi.00_12thgencorei5_8
Lenovo,Lenovo IdeaPad Gaming 3 82K201ULIN,Lenovo IdeaPad Gaming 3 82K201ULIN Laptop,ryzen 5 5600h,não identificado,16,512,15.6,não identificado,gamer,lenovo_lenovoideapadgaming382k201ulin_ryzen55600h_16
Asus,Asus TUF Dash F15 2022 FX517ZC-HN035WS Gaming,Asus TUF Dash F15 2022 FX517ZC-HN035WS Gaming Laptop,12th gen core i5,não identificado,8,512,15.6,2022,gamer,asus_asustufdashf152022fx517zc-hn03_12thgencorei5_8
Asus,Asus Vivobook Pro 14 OLED M3400QA-KM512WS Gaming,Asus Vivobook Pro 14 OLED M3400QA-KM512WS Gaming Laptop,ryzen 5 5600h,não identificado,16,512,14.0,não identificado,gamer,asus_asusvivobookpro14oledm3400qa-k_ryzen55600h_16
MSI,MSI Gaming Crosshair 15 B12UEZ-677IN,MSI Gaming Crosshair 15 B12UEZ-677IN Laptop,12th gen core i7,não identificado,16,1000,15.6,não identificado,gamer,msi_msigamingcrosshair15b12uez-677_12thgencorei7_16
Dell,Dell G15-5511 Gaming,Dell G15-5511 Gaming Laptop,11th gen core i5,não identificado,16,512,15.6,não identificado,gamer,dell_dellg15-5511gaming_11thgencorei5_16
HP,HP Pavilion 15-EC2048AX Gaming,HP Pavilion 15-EC2048AX Gaming Laptop,ryzen 5 5600h,não identificado,8,512,15.6,não identificado,gamer,hp_hppavilion15-ec2048axgaming_ryzen55600h_8
HP,HP Pavilion 15-EC2146AX Gaming,HP Pavilion 15-EC2146AX Gaming Laptop,ryzen 7 5800h,não identificado,16,512,15.6,não identificado,gamer,hp_hppavilion15-ec2146axgaming_ryzen75800h_16
HP,HP Victus 16-e0162AX Gaming,HP Victus 16-e0162AX Gaming Laptop,ryzen 5 5600h,não identificado,8,512,16.1,não identificado,gamer,hp_hpvictus16-e0162axgaming_ryzen55600h_8
HP,HP Pavilion 15-DK2100TX Gaming,HP Pavilion 15-DK2100TX Gaming Laptop,11th gen core i5,não identificado,8,256,15.6,não identificado,gamer,hp_hppavilion15-dk2100txgaming_11thgencorei5_8
Acer,Acer Aspire 7 A715-51G UN.QGCSI.002 Gaming,Acer Aspire 7 A715-51G UN.QGCSI.002 Gaming Laptop,12th gen core i5,não identificado,16,512,15.6,não identificado,gamer,acer_aceraspire7a715-51gun.qgcsi.00_12thgencorei5_16
Dell,Dell Alienware M15 R7 Gaming,Dell Alienware M15 R7 Gaming Laptop,12th gen core i7,r7 gaming,16,512,15.6,não identificado,gamer,dell_dellalienwarem15r7gaming_12thgencorei7_16
Dell,Dell G15-5521 D560897,Dell G15-5521 D560897WIN9S Gaming Laptop,12th gen core i9,não identificado,16,1000,15.6,não identificado,gamer,dell_dellg15-5521d560897_12thgencorei9_16
HP,HP Victus 15-fa0092TX,HP Victus 15-fa0092TX Laptop,12th gen core i5,não identificado,16,512,15.6,não identificado,gamer,hp_hpvictus15-fa0092tx_12thgencorei5_16
Lenovo,Lenovo Legion 5 82RB00K8IN,Lenovo Legion 5 82RB00K8IN Laptop,12th gen core i7,não identificado,16,1000,15.6,não identificado,gamer,lenovo_lenovolegion582rb00k8in_12thgencorei7_16
HP,HP Omen 16-n0091AX Gaming,HP Omen 16-n0091AX Gaming Laptop,amd ryzen 7 6800h,não identificado,16,512,16.1,não identificado,gamer,hp_hpomen16-n0091axgaming_amdryzen76800h_16
Lenovo,Lenovo Legion 5 Pro 16IAH7H 82RF00DYIN Gaming,Lenovo Legion 5 Pro 16IAH7H 82RF00DYIN Gaming Laptop,12th gen core i7,não identificado,16,1000,16.0,não identificado,gamer,lenovo_lenovolegion5pro16iah7h82rf00d_12thgencorei7_16
Asus,Asus Vivobook Pro 15 OLED M3500QC-L1461WS Gaming,Asus Vivobook Pro 15 OLED M3500QC-L1461WS Gaming Laptop,amd ryzen 5 5600h,não identificado,16,512,15.6,não identificado,gamer,asus_asusvivobookpro15oledm3500qc-l_amdryzen55600h_16
Asus,Asus TUF Gaming A15 2022 FA506QM-HN008W Gaming,Asus TUF Gaming A15 2022 FA506QM-HN008W Gaming Laptop,amd ryzen 7 5800h,não identificado,16,512,15.6,2022,gamer,asus_asustufgaminga152022fa506qm-hn_amdryzen75800h_16
Lenovo,Lenovo IdeaPad Gaming 3 82K1019BIN,Lenovo IdeaPad Gaming 3 82K1019BIN Laptop,11th gen core i5,não identificado,16,512,15.6,não identificado,gamer,lenovo_lenovoideapadgaming382k1019bin_11thgencorei5_16
MSI,MSI Gaming Katana GF76 11SC-847IN,MSI Gaming Katana GF76 11SC-847IN Laptop,11th gen core i5,não identificado,8,512,15.6,não identificado,gamer,msi_msigamingkatanagf7611sc-847in_11thgencorei5_8
MSI,MSI Katana GF66 12UD-640IN Gaming,MSI Katana GF66 12UD-640IN Gaming Laptop,12th gen core i5,não identificado,16,512,15.6,não identificado,gamer,msi_msikatanagf6612ud-640ingaming_12thgencorei5_16
MSI,MSI Thin GF63 12HW-004IN Gaming,MSI Thin GF63 12HW-004IN Gaming Laptop,12th gen core i5,não identificado,8,512,15.6,não identificado,gamer,msi_msithingf6312hw-004ingaming_12thgencorei5_8
Lenovo,Lenovo IdeaPad Gaming 3 82SA00B2IN,Lenovo IdeaPad Gaming 3 82SA00B2IN Laptop,12th gen core i7,não identificado,16,512,16.0,não identificado,gamer,lenovo_lenovoideapadgaming382sa00b2in_12thgencorei7_16
MSI,MSI Pulse GL66 12UEK-898IN Gaming,MSI Pulse GL66 12UEK-898IN Gaming Laptop,12th gen core i9,não identificado,16,1000,15.6,não identificado,gamer,msi_msipulsegl6612uek-898ingaming_12thgencorei9_16
MSI,MSI Vector GP66 12UEO-646IN Gaming,MSI Vector GP66 12UEO-646IN Gaming Laptop,12th gen core i7,não identificado,16,1000,15.6,não identificado,gamer,msi_msivectorgp6612ueo-646ingaming_12thgencorei7_16
MSI,MSI Thin GF63 11UC-866IN Gaming,MSI Thin GF63 11UC-866IN Gaming Laptop,11th gen core i7,não identificado,8,512,15.6,não identificado,gamer,msi_msithingf6311uc-866ingaming_11thgencorei7_8
Lenovo,Lenovo Ideapad Gaming 3 82K201UKIN,Lenovo Ideapad Gaming 3 82K201UKIN Laptop,ryzen 7 5800h,não identificado,8,512,15.6,não identificado,gamer,lenovo_lenovoideapadgaming382k201ukin_ryzen75800h_8
MSI,MSI Thin GF63 11UC-867IN Gaming,MSI Thin GF63 11UC-867IN Gaming Laptop,11th gen core i5,não identificado,8,512,15.6,não identificado,gamer,msi_msithingf6311uc-867ingaming_11thgencorei5_8
Lenovo,Lenovo IdeaPad Gaming 3 82K10198IN,Lenovo IdeaPad Gaming 3 82K10198IN Laptop,11th gen core i5,não identificado,8,512,15.6,não identificado,gamer,lenovo_lenovoideapadgaming382k10198in_11thgencorei5_8
Acer,Acer Predator Helios 500 Ph517-52 Gaming,Acer Predator Helios 500 Ph517-52 Gaming Laptop,11th gen core i9,não identificado,64,2000,17.3,não identificado,gamer,acer_acerpredatorhelios500ph517-52g_11thgencorei9_64
Lenovo,Lenovo Ideapad Gaming 3 82K201UNIN,Lenovo Ideapad Gaming 3 82K201UNIN Laptop,ryzen 7 5800h,não identificado,16,512,15.6,não identificado,gamer,lenovo_lenovoideapadgaming382k201unin_ryzen75800h_16
Dell,Dell Alienware x14 Gaming,Dell Alienware x14 Gaming Laptop,12th gen core i7,não identificado,16,512,15.6,não identificado,gamer,dell_dellalienwarex14gaming_12thgencorei7_16
HP,HP Victus 15-fa0354TX,HP Victus 15-fa0354TX Laptop,12th gen core i7,não identificado,16,512,15.6,não identificado,gamer,hp_hpvictus15-fa0354tx_12thgencorei7_16
MSI,MSI Katana GF66 11UE-861IN Gaming,MSI Katana GF66 11UE-861IN Gaming Laptop,11th gen core i7,não identificado,16,512,15.6,não identificado,gamer,msi_msikatanagf6611ue-861ingaming_11thgencorei7_16
HP,HP Victus 16-e0650AX Gaming,HP Victus 16-e0650AX Gaming Laptop,amd ryzen 7 5800h,não identificado,8,512,16.1,não identificado,gamer,hp_hpvictus16-e0650axgaming_amdryzen75800h_8
Lenovo,Lenovo IdeaPad Gaming 3 82K101B7IN,Lenovo IdeaPad Gaming 3 82K101B7IN Laptop,11th gen core i5,não identificado,16,256,15.6,não identificado,gamer,lenovo_lenovoideapadgaming382k101b7in_11thgencorei5_16
Asus,Asus ROG Strix G15 G513IE-HN040WS Gaming,Asus ROG Strix G15 G513IE-HN040WS Gaming Laptop,ryzen 7 4800h,não identificado,16,1000,15.6,não identificado,gamer,asus_asusrogstrixg15g513ie-hn040wsg_ryzen74800h_16
Asus,Asus TUF Gaming F17 FX707ZM-HX030WS,Asus TUF Gaming F17 FX707ZM-HX030WS Laptop,12th gen core i7,não identificado,16,1000,17.3,não identificado,gamer,asus_asustufgamingf17fx707zm-hx030w_12thgencorei7_16
Asus,Asus Vivobook Pro 14 OLED M3400QA-KM702WS Gaming,Asus Vivobook Pro 14 OLED M3400QA-KM702WS Gaming Laptop,ryzen 7 5800h,não identificado,16,512,14.0,não identificado,gamer,asus_asusvivobookpro14oledm3400qa-k_ryzen75800h_16
Asus,Asus TUF Gaming A15 FA506ICB-HN005W,Asus TUF Gaming A15 FA506ICB-HN005W Laptop,ryzen 7 4800h,não identificado,8,512,15.6,não identificado,gamer,asus_asustufgaminga15fa506icb-hn005_ryzen74800h_8
Asus,Asus TUF Gaming F15 FX577ZM-HQ067WS,Asus TUF Gaming F15 FX577ZM-HQ067WS Laptop,12th gen core i7,não identificado,16,1000,15.6,não identificado,gamer,asus_asustufgamingf15fx577zm-hq067w_12thgencorei7_16
Asus,Asus TUF Gaming F15 FA506IHRB-HN079W Gaming,Asus TUF Gaming F15 FA506IHRB-HN079W Gaming Laptop,amd ryzen 5 4600h,não identificado,8,512,15.6,não identificado,gamer,asus_asustufgamingf15fa506ihrb-hn07_amdryzen54600h_8
Asus,Asus Strix G15 G513RM-HQ271WS Gaming,Asus Strix G15 G513RM-HQ271WS Gaming Laptop,ryzen 7 6800h,não identificado,16,1000,15.6,não identificado,gamer,asus_asusstrixg15g513rm-hq271wsgami_ryzen76800h_16
Dell,Dell G15-5511 Gaming,Dell G15-5511 Gaming Laptop,11th gen core i5,não identificado,8,512,15.6,não identificado,gamer,dell_dellg15-5511gaming_11thgencorei5_8
Acer,Acer Nitro 5 AN515-58 Gaming,Acer Nitro 5 AN515-58 Gaming Laptop,12th gen core i5,não identificado,8,512,15.6,não identificado,gamer,acer_acernitro5an515-58gaming_12thgencorei5_8
Asus,Asus TUF Gaming A15 2021 FA506QM-HN124W,Asus TUF Gaming A15 2021 FA506QM-HN124W Laptop,ryzen 9 5900hx,não identificado,16,512,15.6,2021,gamer,asus_asustufgaminga152021fa506qm-hn_ryzen95900hx_16
HP,HP Pavilion 15-EC2145AX Gaming,HP Pavilion 15-EC2145AX Gaming Laptop,ryzen 5 5600h,não identificado,8,512,15.6,não identificado,gamer,hp_hppavilion15-ec2145axgaming_ryzen55600h_8
HP,HP Pavilion 15-dk2095TX Gaming,HP Pavilion 15-dk2095TX Gaming Laptop,11th gen core i5,não identificado,8,512,15.6,não identificado,gamer,hp_hppavilion15-dk2095txgaming_11thgencorei5_8
HP,HP Pavilion 15-ec2008AX Gaming,HP Pavilion 15-ec2008AX Gaming Laptop,ryzen 5 5600h,não identificado,8,512,15.6,não identificado,gamer,hp_hppavilion15-ec2008axgaming_ryzen55600h_8
MSI,MSI Bravo 15 B5DD-043IN Gaming,MSI Bravo 15 B5DD-043IN Gaming Laptop,ryzen 5 5600h,não identificado,8,512,15.6,não identificado,gamer,msi_msibravo15b5dd-043ingaming_ryzen55600h_8
Asus,Asus ROG Flow X13 GV301QH-K5462TS Gaming,Asus ROG Flow X13 GV301QH-K5462TS Gaming Laptop,amd ryzen 9,não identificado,16,1000,13.4,não identificado,gamer,asus_asusrogflowx13gv301qh-k5462tsg_amdryzen9_16
Asus,Asus Vivobook Pro 16X OLED N7601ZM-MQ711WS Gaming,Asus Vivobook Pro 16X OLED N7601ZM-MQ711WS Gaming Laptop,12th gen core i7,não identificado,16,1000,16.0,não identificado,gamer,asus_asusvivobookpro16xoledn7601zm-_12thgencorei7_16
HP,HP Victus 16-d0310TX Gaming,HP Victus 16-d0310TX Gaming Laptop,11th gen core i5,não identificado,8,512,16.1,não identificado,gamer,hp_hpvictus16-d0310txgaming_11thgencorei5_8
HP,HP Victus 15-fb0777AX Gaming,HP Victus 15-fb0777AX Gaming Laptop,amd ryzen 5 5600h,não identificado,8,512,15.6,não identificado,gamer,hp_hpvictus15-fb0777axgaming_amdryzen55600h_8
HP,HP Victus 16-d0311TX Gaming,HP Victus 16-d0311TX Gaming Laptop,11th gen core i5,não identificado,16,512,16.1,não identificado,gamer,hp_hpvictus16-d0311txgaming_11thgencorei5_16
HP,HP Victus 16-e0333TX Gaming,HP Victus 16-e0333TX Gaming Laptop,amd ryzen 5 5600h,não identificado,16,512,16.1,não identificado,gamer,hp_hpvictus16-e0333txgaming_amdryzen55600h_16
Lenovo,Lenovo Legion 5 Pro 82RG00ELIN,Lenovo Legion 5 Pro 82RG00ELIN Laptop,amd ryzen 7 6800h,não identificado,16,1000,16.0,não identificado,gamer,lenovo_lenovolegion5pro82rg00elin_amdryzen76800h_16
MSI,MSI Katana GF66 12UD Gaming,MSI Katana GF66 12UD Gaming Laptop,12th gen core i7,não identificado,16,512,15.6,não identificado,gamer,msi_msikatanagf6612udgaming_12thgencorei7_16
MSI,MSI Pulse GL66 12UGSZOK Gaming,MSI Pulse GL66 12UGSZOK Gaming Laptop,12th gen core i9,não identificado,16,1000,15.6,não identificado,gamer,msi_msipulsegl6612ugszokgaming_12thgencorei9_16
Lenovo,Lenovo Legion 7i 82TD009KIN Gaming,Lenovo Legion 7i 82TD009KIN Gaming Laptop,12th gen core i9,não identificado,32,1000,16.0,não identificado,gamer,lenovo_lenovolegion7i82td009kingaming_12thgencorei9_32
Dell,Dell G15-5520 Gaming,Dell G15-5520 Gaming Laptop,12th gen core i5,não identificado,8,512,15.6,não identificado,gamer,dell_dellg15-5520gaming_12thgencorei5_8
Asus,Asus ROG Zephyrus G15 GA503RMZ-LN155WS Gaming,Asus ROG Zephyrus G15 GA503RMZ-LN155WS Gaming Laptop,amd ryzen 7 6800hs,não identificado,16,1000,15.6,não identificado,gamer,asus_asusrogzephyrusg15ga503rmz-ln1_amdryzen76800hs_16
Asus,Asus ROG Zephyrus G15 GA503RSZ-HQ061WS Gaming,Asus ROG Zephyrus G15 GA503RSZ-HQ061WS Gaming Laptop,amd ryzen 9 6900hs,não identificado,16,1000,15.6,não identificado,gamer,asus_asusrogzephyrusg15ga503rsz-hq0_amdryzen96900hs_16
HP,HP Victus 15-fa0031dx Gaming,HP Victus 15-fa0031dx Gaming Laptop,12th gen core i5,não identificado,8,512,15.6,não identificado,gamer,hp_hpvictus15-fa0031dxgaming_12thgencorei5_8
MSI,MSI Katana GF66 12UC-632IN Gaming,MSI Katana GF66 12UC-632IN Gaming Laptop,12th gen core i7,não identificado,8,512,15.6,não identificado,gamer,msi_msikatanagf6612uc-632ingaming_12thgencorei7_8
Asus,Asus ROG Strix G15 G513IE-HN088WS Gaming,Asus ROG Strix G15 G513IE-HN088WS Gaming Laptop,ryzen 7 4800h,não identificado,8,512,15.6,não identificado,gamer,asus_asusrogstrixg15g513ie-hn088wsg_ryzen74800h_8
Lenovo,Lenovo Legion S7 82TF007LIN Gaming,Lenovo Legion S7 82TF007LIN Gaming Laptop,12th gen core i7,não identificado,16,1000,16.0,não identificado,gamer,lenovo_lenovolegions782tf007lingaming_12thgencorei7_16
MSI,MSI Stealth GS66 12UGS-290IN Gaming,MSI Stealth GS66 12UGS-290IN Gaming Laptop,12th gen core i7,não identificado,32,1000,15.6,não identificado,gamer,msi_msistealthgs6612ugs-290ingamin_12thgencorei7_32
Acer,Acer Nitro 5 AN515-45 UN.QCLSI.005 Gaming,Acer Nitro 5 AN515-45 UN.QCLSI.005 Gaming Laptop,amd ryzen 5 5600h,não identificado,16,512,15.6,não identificado,gamer,acer_acernitro5an515-45un.qclsi.005_amdryzen55600h_16
Acer,Acer Nitro 5 AN515-45 UN.QCLSI.006 Gaming,Acer Nitro 5 AN515-45 UN.QCLSI.006 Gaming Laptop,amd ryzen 5 5600h,não identificado,8,512,15.6,não identificado,gamer,acer_acernitro5an515-45un.qclsi.006_amdryzen55600h_8
Acer,Acer Nitro 5 AN515-45 UN.QBMSI.009 Gaming,Acer Nitro 5 AN515-45 UN.QBMSI.009 Gaming Laptop,amd ryzen 5 5600h,não identificado,16,512,15.6,não identificado,gamer,acer_acernitro5an515-45un.qbmsi.009_amdryzen55600h_16
Asus,Asus TUF Gaming F15 FX506LHB-HN358W Gaming,Asus TUF Gaming F15 FX506LHB-HN358W Gaming Laptop,10th gen core i5,não identificado,8,512,15.6,não identificado,gamer,asus_asustufgamingf15fx506lhb-hn358_10thgencorei5_8
MSI,MSI Stealth 17M A12UE Gaming,MSI Stealth 17M A12UE Gaming Laptop,12th gen core i7,não identificado,16,1000,17.3,não identificado,gamer,msi_msistealth17ma12uegaming_12thgencorei7_16
Dell,Dell Alienware X17 R1 D569936,Dell Alienware X17 R1 D569936WIN9 Gaming Laptop,11th gen core i9,não identificado,32,1000,17.3,não identificado,gamer,dell_dellalienwarex17r1d569936_11thgencorei9_32
Lenovo,Lenovo Legion 5 Pro 82RF00E1IN Gaming,Lenovo Legion 5 Pro 82RF00E1IN Gaming Laptop,12th gen core i7,não identificado,32,1000,16.0,não identificado,gamer,lenovo_lenovolegion5pro82rf00e1ingami_12thgencorei7_32
HP,HP Victus 16-e0550AX Gaming,HP Victus 16-e0550AX Gaming Laptop,amd ryzen 7 5800h,não identificado,8,512,16.0,não identificado,gamer,hp_hpvictus16-e0550axgaming_amdryzen75800h_8
Dell,Dell G15-5525 Gaming,Dell G15-5525 Gaming Laptop,ryzen 9-6900hx,não identificado,16,1000,15.6,não identificado,gamer,dell_dellg15-5525gaming_ryzen9-6900hx_16
Dell,Dell G15-5525 D560894,Dell G15-5525 D560894WIN9S Gaming Laptop,ryzen 7 6800h,não identificado,16,512,15.6,não identificado,gamer,dell_dellg15-5525d560894_ryzen76800h_16
Dell,Dell G15-5525 D560898,Dell G15-5525 D560898WIN9S Gaming Laptop,ryzen 7 6800h,não identificado,16,1000,15.6,não identificado,gamer,dell_dellg15-5525d560898_ryzen76800h_16
Dell,Dell G15-5521 D560899,Dell G15-5521 D560899WIN9S Gaming Laptop,12th gen core i9,não identificado,16,1000,15.6,não identificado,gamer,dell_dellg15-5521d560899_12thgencorei9_16
Acer,Acer Aspire 5 A515-57 Gaming,Acer Aspire 5 A515-57 Gaming Laptop,12th gen core i3,não identificado,8,512,15.6,não identificado,gamer,acer_aceraspire5a515-57gaming_12thgencorei3_8
Dell,Dell Alienware M15 R6 Gaming,Dell Alienware M15 R6 Gaming Laptop,11th gen core i7,não identificado,16,512,15.6,não identificado,gamer,dell_dellalienwarem15r6gaming_11thgencorei7_16
Lenovo,Lenovo IdeaPad Gaming 3 82K101E1IN,Lenovo IdeaPad Gaming 3 82K101E1IN Laptop,11th gen core i5,não identificado,8,256,15.6,não identificado,gamer,lenovo_lenovoideapadgaming382k101e1in_11thgencorei5_8
Asus,Asus ROG Strix G17 2022 G713RS-LL023WS Gaming,Asus ROG Strix G17 2022 G713RS-LL023WS Gaming Laptop,amd ryzen 9 6900hx,não identificado,16,1000,17.3,2022,gamer,asus_asusrogstrixg172022g713rs-ll02_amdryzen96900hx_16
AGB,AGB Octev VR-1818 Gaming,AGB Octev VR-1818 Gaming Laptop,11th gen core i7,não identificado,32,1000,15.6,não identificado,gamer,agb_agboctevvr-1818gaming_11thgencorei7_32
MSI,MSI Creator Pro Z17 A12UMST-237IN Gaming,MSI Creator Pro Z17 A12UMST-237IN Gaming Laptop,12th gen core i7,não identificado,32,1000,16.0,não identificado,gamer,msi_msicreatorproz17a12umst-237ing_12thgencorei7_32
MSI,MSI Creator Z16P B12UKST-209IN Gaming,MSI Creator Z16P B12UKST-209IN Gaming Laptop,12th gen core i9,não identificado,64,2000,17.3,não identificado,gamer,msi_msicreatorz16pb12ukst-209ingam_12thgencorei9_64
MSI,MSI Creator Pro M16 A12UJS-601IN Gaming,MSI Creator Pro M16 A12UJS-601IN Gaming Laptop,12th gen core i7,não identificado,32,1000,16.0,não identificado,gamer,msi_msicreatorprom16a12ujs-601inga_12thgencorei7_32
HP,HP Omen 17-ck1023TX Gaming,HP Omen 17-ck1023TX Gaming Laptop,12th gen core i9,não identificado,32,2000,16.1,não identificado,gamer,hp_hpomen17-ck1023txgaming_12thgencorei9_32
HP,HP Omen 16-n0051AX Gaming,HP Omen 16-n0051AX Gaming Laptop,amd ryzen 9 6900hx,não identificado,32,1000,16.1,não identificado,gamer,hp_hpomen16-n0051axgaming_amdryzen96900hx_32
HP,HP Omen 16-k0370TX Gaming,HP Omen 16-k0370TX Gaming Laptop,12th gen core i7,não identificado,16,1000,16.1,não identificado,gamer,hp_hpomen16-k0370txgaming_12thgencorei7_16
Lenovo,Lenovo IdeaPad Gaming 3 82S900HNIN,Lenovo IdeaPad Gaming 3 82S900HNIN Laptop,12th gen core i5,não identificado,16,512,15.6,não identificado,gamer,lenovo_lenovoideapadgaming382s900hnin_12thgencorei5_16
HP,HP Omen 16-n0054AX Gaming,HP Omen 16-n0054AX Gaming Laptop,amd ryzen 7 6800h,não identificado,16,1000,16.1,não identificado,gamer,hp_hpomen16-n0054axgaming_amdryzen76800h_16
HP,HP Victus 15-fb0082AX Gaming,HP Victus 15-fb0082AX Gaming Laptop,amd ryzen 5 5600h,não identificado,8,512,15.6,não identificado,gamer,hp_hpvictus15-fb0082axgaming_amdryzen55600h_8
HP,HP Omen 16-n0049AX Gaming,HP Omen 16-n0049AX Gaming Laptop,amd ryzen 7 6800h,não identificado,16,512,16.0,não identificado,gamer,hp_hpomen16-n0049axgaming_amdryzen76800h_16
HP,HP Omen 16-n0050AX Gaming,HP Omen 16-n0050AX Gaming Laptop,amd ryzen 7 6800h,não identificado,16,512,16.0,não identificado,gamer,hp_hpomen16-n0050axgaming_amdryzen76800h_16
Lenovo,Lenovo IdeaPad Gaming 3 82K201V2IN,Lenovo IdeaPad Gaming 3 82K201V2IN Laptop,amd ryzen 7 5800h,não identificado,8,512,15.6,não identificado,gamer,lenovo_lenovoideapadgaming382k201v2in_amdryzen75800h_8
MSI,MSI Katana GF66 11UE-249IN Gaming,MSI Katana GF66 11UE-249IN Gaming Laptop,11th gen core i7,não identificado,16,512,15.6,não identificado,gamer,msi_msikatanagf6611ue-249ingaming_11thgencorei7_16
Acer,Acer Predator Helios 300 PH315-55s Spatial Labs Edition Gaming,Acer Predator Helios 300 PH315-55s Spatial Labs Edition Gaming Laptop,12th gen core i9,não identificado,32,2000,15.6,não identificado,gamer,acer_acerpredatorhelios300ph315-55s_12thgencorei9_32
Acer,Acer Nitro 5 AN515-46,Acer Nitro 5 AN515-46 Laptop,amd ryzen 5 6600h,não identificado,16,512,15.6,não identificado,gamer,acer_acernitro5an515-46_amdryzen56600h_16
Asus,Asus TUF F15 FA507RE-HN043WS 2022 Gaming,Asus TUF F15 FA507RE-HN043WS 2022 Gaming Laptop,amd ryzen 7 6800h,não identificado,16,512,15.6,2022,gamer,asus_asustuff15fa507re-hn043ws2022g_amdryzen76800h_16
MSI,MSI GF63 Thin 10SC-848IN Gaming,MSI GF63 Thin 10SC-848IN Gaming Laptop,10th gen core i5,não identificado,8,512,15.6,não identificado,gamer,msi_msigf63thin10sc-848ingaming_10thgencorei5_8
Acer,Acer Nitro 5 AN515-46 Gaming,Acer Nitro 5 AN515-46 Gaming Laptop,amd ryzen 7 6800h,não identificado,16,1000,46,não identificado,gamer,acer_acernitro5an515-46gaming_amdryzen76800h_16
Lenovo,Lenovo Legion 5 Pro 82RG009AIN,Lenovo Legion 5 Pro 82RG009AIN Laptop,amd ryzen 7 6800h,não identificado,16,1000,16.0,não identificado,gamer,lenovo_lenovolegion5pro82rg009ain_amdryzen76800h_16
HP,HP Omen 17-ck1022TX Gaming,HP Omen 17-ck1022TX Gaming Laptop,12th gen core i7,não identificado,32,1000,16.1,não identificado,gamer,hp_hpomen17-ck1022txgaming_12thgencorei7_32
Lenovo,Lenovo Legion 5 Pro 82RG00EKIN,Lenovo Legion 5 Pro 82RG00EKIN Laptop,amd ryzen 7 6800h,não identificado,32,1000,16.0,não identificado,gamer,lenovo_lenovolegion5pro82rg00ekin_amdryzen76800h_32
Asus,Asus ROG Zephyrus G14 GA402RJZ-L4136WS Gaming,Asus ROG Zephyrus G14 GA402RJZ-L4136WS Gaming Laptop,amd ryzen 9 6900hs,não identificado,16,1000,14.0,não identificado,gamer,asus_asusrogzephyrusg14ga402rjz-l41_amdryzen96900hs_16
Asus,Asus ROG Flow X16 2022 GV601RM-M5053WS Gaming,Asus ROG Flow X16 2022 GV601RM-M5053WS Gaming Laptop,ryzen 7 6800hs,não identificado,16,1000,16.0,2022,gamer,asus_asusrogflowx162022gv601rm-m505_ryzen76800hs_16
Asus,Asus ROG Flow X16 2022 GV601RM-M5039WS Gaming,Asus ROG Flow X16 2022 GV601RM-M5039WS Gaming Laptop,ryzen 9 6900hs,não identificado,16,1000,16.0,2022,gamer,asus_asusrogflowx162022gv601rm-m503_ryzen96900hs_16
MSI,MSI Katana GF66 12UC-636IN Gaming,MSI Katana GF66 12UC-636IN Gaming Laptop,12th gen core i5,não identificado,8,512,15.6,não identificado,gamer,msi_msikatanagf6612uc-636ingaming_12thgencorei5_8
MSI,MSI Gaming Katana GF76 11UC-848IN,MSI Gaming Katana GF76 11UC-848IN Laptop,11th gen core i7,não identificado,16,512,17.32,não identificado,gamer,msi_msigamingkatanagf7611uc-848in_11thgencorei7_16
MSI,MSI Gaming Katana GF76 11UD-849IN,MSI Gaming Katana GF76 11UD-849IN Laptop,11th gen core i7,não identificado,16,512,17.32,não identificado,gamer,msi_msigamingkatanagf7611ud-849in_11thgencorei7_16
MSI,MSI Katana GF66 12UE-1001IN Gaming,MSI Katana GF66 12UE-1001IN Gaming Laptop,12th gen core i5,não identificado,16,512,15.6,não identificado,gamer,msi_msikatanagf6612ue-1001ingaming_12thgencorei5_16
MSI,MSI Gaming Katana GF66 12UE-1002IN,MSI Gaming Katana GF66 12UE-1002IN Laptop,12th gen core i7,não identificado,16,1000,15.6,não identificado,gamer,msi_msigamingkatanagf6612ue-1002in_12thgencorei7_16
Asus,Asus TUF Gaming F15 FX566HCB-HN231T Gaming,Asus TUF Gaming F15 FX566HCB-HN231T Gaming Laptop,11th gen core i7,não identificado,8,1000,15.6,não identificado,gamer,asus_asustufgamingf15fx566hcb-hn231_11thgencorei7_8
Asus,Asus ROG Flow X13 GV301RC-LJ073WS Gaming,Asus ROG Flow X13 GV301RC-LJ073WS Gaming Laptop,amd ryzen 9 6900hs,não identificado,32,1000,13.4,não identificado,gamer,asus_asusrogflowx13gv301rc-lj073wsg_amdryzen96900hs_32
AGB,AGB Octev GA-9009 Gaming,AGB Octev GA-9009 Gaming Laptop,11th gen core i7,não identificado,16,1000,15.6,não identificado,gamer,agb_agboctevga-9009gaming_11thgencorei7_16
Asus,Asus ROG Flow X13 GV301RE-LJ156WS Gaming,Asus ROG Flow X13 GV301RE-LJ156WS Gaming Laptop,amd ryzen 9 6900hs,não identificado,32,1000,13.4,não identificado,gamer,asus_asusrogflowx13gv301re-lj156wsg_amdryzen96900hs_32
Gigabyte,Gigabyte Aorus 5 SE4 Gaming,Gigabyte Aorus 5 SE4 Gaming Laptop,12th gen core i7,não identificado,16,512,15.6,não identificado,gamer,gigabyte_gigabyteaorus5se4gaming_12thgencorei7_16
HP,HP Victus 15-fb0052AX Gaming,HP Victus 15-fb0052AX Gaming Laptop,amd ryzen 7 5800h,não identificado,8,512,15.6,não identificado,gamer,hp_hpvictus15-fb0052axgaming_amdryzen75800h_8
Acer,Acer Nitro 5 AN515-45 NH.QCLSI.004 Gaming,Acer Nitro 5 AN515-45 NH.QCLSI.004 Gaming Laptop,amd ryzen 5 5600h,não identificado,8,512,15.6,não identificado,gamer,acer_acernitro5an515-45nh.qclsi.004_amdryzen55600h_8
Asus,Asus ROG Strix G17 2022 G713RW-KH110WS Gaming,Asus ROG Strix G17 2022 G713RW-KH110WS Gaming Laptop,amd ryzen 9 6900hx,não identificado,16,1000,17.3,2022,gamer,asus_asusrogstrixg172022g713rw-kh11_amdryzen96900hx_16
MSI,MSI Crosshair 15 B12UGZ-1012IN Gaming,MSI Crosshair 15 B12UGZ-1012IN Gaming Laptop,12th gen core i7,não identificado,16,1000,15.6,não identificado,gamer,msi_msicrosshair15b12ugz-1012ingam_12thgencorei7_16
MSI,MSI Crosshair 15 B12UEZ-897IN Gaming,MSI Crosshair 15 B12UEZ-897IN Gaming Laptop,12th gen core i7,não identificado,16,512,15.6,não identificado,gamer,msi_msicrosshair15b12uez-897ingami_12thgencorei7_16
Lenovo,Lenovo Legion 5 82JU00SYIN,Lenovo Legion 5 82JU00SYIN Laptop,amd ryzen 7 5800h,não identificado,16,1000,16.0,não identificado,gamer,lenovo_lenovolegion582ju00syin_amdryzen75800h_16
MSI,MSI Raider GE77HX 12UHS-205IN Gaming,MSI Raider GE77HX 12UHS-205IN Gaming Laptop,12th gen core i9,não identificado,32,2000,17.3,não identificado,gamer,msi_msiraiderge77hx12uhs-205ingami_12thgencorei9_32
MSI,MSI Vector GP76 12UGSO-868IN Gaming,MSI Vector GP76 12UGSO-868IN Gaming Laptop,12th gen core i7,não identificado,16,1000,17.3,não identificado,gamer,msi_msivectorgp7612ugso-868ingamin_12thgencorei7_16
MSI,MSI Creator Pro M16 A12UIS-634IN Gaming,MSI Creator Pro M16 A12UIS-634IN Gaming Laptop,12th gen core i7,não identificado,16,1000,16.0,não identificado,gamer,msi_msicreatorprom16a12uis-634inga_12thgencorei7_16
MSI,MSI Thin GF63 11SC-1046IN Gaming,MSI Thin GF63 11SC-1046IN Gaming Laptop,11th gen core i5,não identificado,8,512,15.6,não identificado,gamer,msi_msithingf6311sc-1046ingaming_11thgencorei5_8
Asus,Asus ROG Strix Scar 17 SE G733CX-LL012WS Gaming,Asus ROG Strix Scar 17 SE G733CX-LL012WS Gaming Laptop,12th gen core i9,não identificado,32,4000,17.3,não identificado,gamer,asus_asusrogstrixscar17seg733cx-ll0_12thgencorei9_32
MSI,MSI Gaming Katana GF66 12UE-262IN,MSI Gaming Katana GF66 12UE-262IN Laptop,12th gen core i7,não identificado,16,1000,15.6,não identificado,gamer,msi_msigamingkatanagf6612ue-262in_12thgencorei7_16
Asus,Asus ROG Strix Scar 15 G533ZXZ-LN116WS Gaming,Asus ROG Strix Scar 15 G533ZXZ-LN116WS Gaming Laptop,12th gen core i9,não identificado,32,1000,15.6,não identificado,gamer,asus_asusrogstrixscar15g533zxz-ln11_12thgencorei9_32
MSI,MSI Delta 15 A5EFK-201IN Gaming,MSI Delta 15 A5EFK-201IN Gaming Laptop,amd ryzen 7 5800h,não identificado,16,1000,15.6,não identificado,gamer,msi_msidelta15a5efk-201ingaming_amdryzen75800h_16
Lenovo,Lenovo Legion 5 15ACH6 82JU018YIN Gaming,Lenovo Legion 5 15ACH6 82JU018YIN Gaming Laptop,ryzen 7 5800h,não identificado,16,512,15.6,não identificado,gamer,lenovo_lenovolegion515ach682ju018ying_ryzen75800h_16
Acer,Acer Nitro 5 AN515-45 Gaming,Acer Nitro 5 AN515-45 Gaming Laptop,amd ryzen 5 5600h,não identificado,8,512,15.6,não identificado,gamer,acer_acernitro5an515-45gaming_amdryzen55600h_8
Gigabyte,Gigabyte Aorus 15 XE5 Gaming,Gigabyte Aorus 15 XE5 Gaming Laptop,12th gen core i7,não identificado,16,1000,15.6,não identificado,gamer,gigabyte_gigabyteaorus15xe5gaming_12thgencorei7_16
Asus,Asus ROG Strix G17 G713RM-KH168W Gaming,Asus ROG Strix G17 G713RM-KH168W Gaming Laptop,amd ryzen 7 6800h,não identificado,16,1000,17.3,não identificado,gamer,asus_asusrogstrixg17g713rm-kh168wga_amdryzen76800h_16
Gigabyte,Gigabyte Aorus 15 XE4 Gaming,Gigabyte Aorus 15 XE4 Gaming Laptop,12th gen core i7,não identificado,16,1000,15.6,não identificado,gamer,gigabyte_gigabyteaorus15xe4gaming_12thgencorei7_16
HP,HP Victus 15-fb0053AX Gaming,HP Victus 15-fb0053AX Gaming Laptop,ryzen 7-5800h,não identificado,16,512,16.1,não identificado,gamer,hp_hpvictus15-fb0053axgaming_ryzen7-5800h_16
Acer,Acer Nitro AN515-57 Gaming,Acer Nitro AN515-57 Gaming Laptop,11th gen core i7,não identificado,16,512,15.6,não identificado,gamer,acer_acernitroan515-57gaming_11thgencorei7_16
Acer,Acer Nitro 5 AN515-58 Gaming,Acer Nitro 5 AN515-58 Gaming Laptop,12th gen core i5,não identificado,16,512,15.6,não identificado,gamer,acer_acernitro5an515-58gaming_12thgencorei5_16
Acer,Acer Nitro AN515-57 UN.QEHSI.003 Gaming,Acer Nitro AN515-57 UN.QEHSI.003 Gaming Laptop,intel core i5,não identificado,16,512,15.6,não identificado,gamer,acer_acernitroan515-57un.qehsi.003g_intelcorei5_16
Asus,Asus ROG Zephyrus G15 2022 GA503RM-HQ030WS Gaming,Asus ROG Zephyrus G15 2022 GA503RM-HQ030WS Gaming Laptop,amd ryzen 9 6900hs,não identificado,16,1000,15.6,2022,gamer,asus_asusrogzephyrusg152022ga503rm-_amdryzen96900hs_16
Asus,Asus ROG Zephyrus G15 GA503RM-LN095WS Gaming,Asus ROG Zephyrus G15 GA503RM-LN095WS Gaming Laptop,amd ryzen 9 6900hs,não identificado,16,1000,15.6,não identificado,gamer,asus_asusrogzephyrusg15ga503rm-ln09_amdryzen96900hs_16
MSI,MSI Stealth GS77 12UGS Gaming,MSI Stealth GS77 12UGS Gaming Laptop,12th gen core i7,não identificado,32,2000,17.3,não identificado,gamer,msi_msistealthgs7712ugsgaming_12thgencorei7_32
Gigabyte,Gigabyte Aorus 5 KE4 Gaming,Gigabyte Aorus 5 KE4 Gaming Laptop,12th gen core i7,não identificado,16,1000,15.6,não identificado,gamer,gigabyte_gigabyteaorus5ke4gaming_12thgencorei7_16
Lenovo,Lenovo IdeaPad Gaming 3 15ACH6 82K201Y8IN,Lenovo IdeaPad Gaming 3 15ACH6 82K201Y8IN Laptop,amd ryzen 7-5800h,não identificado,8,512,15.6,não identificado,gamer,lenovo_lenovoideapadgaming315ach682k2_amdryzen7-5800h_8
MSI,MSI Vector GP66 12UGSO-623IN Gaming,MSI Vector GP66 12UGSO-623IN Gaming Laptop,12th gen core i7,não identificado,16,1000,15.6,não identificado,gamer,msi_msivectorgp6612ugso-623ingamin_12thgencorei7_16
MSI,MSI Vector GP66 GP76-12UGSO Gaming,MSI Vector GP66 GP76-12UGSO Gaming Laptop,12th gen core i7,não identificado,16,1000,17.3,não identificado,gamer,msi_msivectorgp66gp76-12ugsogaming_12thgencorei7_16
Asus,Asus TUF Gaming A15 2022 FA577RM-HF031WS Gaming,Asus TUF Gaming A15 2022 FA577RM-HF031WS Gaming Laptop,amd ryzen 7 6800h,não identificado,16,1000,15.6,2022,gamer,asus_asustufgaminga152022fa577rm-hf_amdryzen76800h_16
Dell,Dell Alienware x15 R2 D569941,Dell Alienware x15 R2 D569941WIN9 Gaming Laptop,12th gen core i7,não identificado,32,1000,15.6,não identificado,gamer,dell_dellalienwarex15r2d569941_12thgencorei7_32
HP,HP Victus 15-fa0353TX,HP Victus 15-fa0353TX Laptop,12th gen core i7,não identificado,16,512,15.6,não identificado,gamer,hp_hpvictus15-fa0353tx_12thgencorei7_16
Lenovo,Lenovo IdeaPad Gaming 3 82K201YCIN,Lenovo IdeaPad Gaming 3 82K201YCIN Laptop,amd ryzen 5-5600h,não identificado,8,512,15.6,não identificado,gamer,lenovo_lenovoideapadgaming382k201ycin_amdryzen5-5600h_8
Asus,Asus ROG Strix G15 2022 G513RW-HQ149WS Gaming,Asus ROG Strix G15 2022 G513RW-HQ149WS Gaming Laptop,amd ryzen 9 6900hx,não identificado,16,1000,15.6,2022,gamer,asus_asusrogstrixg152022g513rw-hq14_amdryzen96900hx_16
Asus,Asus ROG Strix G15 2022 G513RS-HQ024WS Gaming,Asus ROG Strix G15 2022 G513RS-HQ024WS Gaming Laptop,amd ryzen 9 6900hx,não identificado,16,1000,15.6,2022,gamer,asus_asusrogstrixg152022g513rs-hq02_amdryzen96900hx_16
Acer,Acer Nitro 5 AN515-58,Acer Nitro 5 AN515-58 Laptop,12th gen core i7,não identificado,16,1000,15.6,não identificado,gamer,acer_acernitro5an515-58_12thgencorei7_16
Dell,Dell Alienware X17 R2 D569943,Dell Alienware X17 R2 D569943WIN9 Gaming Laptop,12th gen core i7,não identificado,32,1000,17.3,não identificado,gamer,dell_dellalienwarex17r2d569943_12thgencorei7_32
Asus,Asus TUF Gaming A17 FA706IHR-HX031W Gaming,Asus TUF Gaming A17 FA706IHR-HX031W Gaming Laptop,amd ryzen 5 4600h,não identificado,8,512,17.3,não identificado,gamer,asus_asustufgaminga17fa706ihr-hx031_amdryzen54600h_8
Asus,Asus ROG Strix G15 2022 G513RW-HQ137WS Gaming,Asus ROG Strix G15 2022 G513RW-HQ137WS Gaming Laptop,amd ryzen 9 6900hx,não identificado,16,1000,15.6,2022,gamer,asus_asusrogstrixg152022g513rw-hq13_amdryzen96900hx_16
Asus,Asus ROG Strix G15 G513RM-HF328WS Gaming,Asus ROG Strix G15 G513RM-HF328WS Gaming Laptop,ryzen 7 6800h,não identificado,16,1000,15.6,não identificado,gamer,asus_asusrogstrixg15g513rm-hf328wsg_ryzen76800h_16
HP,HP Victus 15-fa0351TX,HP Victus 15-fa0351TX Laptop,12th gen core i7,não identificado,8,512,15.6,não identificado,gamer,hp_hpvictus15-fa0351tx_12thgencorei7_8
Asus,Asus ROG Zephyrus M16 GU603ZM-K8034WS,Asus ROG Zephyrus M16 GU603ZM-K8034WS Laptop,12th gen core i7,não identificado,16,512,16.0,não identificado,gamer,asus_asusrogzephyrusm16gu603zm-k803_12thgencorei7_16
Asus,Asus TUF Gaming F15 FX506HC-HN119W Gaming,Asus TUF Gaming F15 FX506HC-HN119W Gaming Laptop,11th gen core i5,não identificado,8,1000,15.6,não identificado,gamer,asus_asustufgamingf15fx506hc-hn119w_11thgencorei5_8
Asus,Asus ROG Strix G15 G513QR-HF302WS Gaming,Asus ROG Strix G15 G513QR-HF302WS Gaming Laptop,ryzen 7 5800h,não identificado,16,1000,15.6,não identificado,gamer,asus_asusrogstrixg15g513qr-hf302wsg_ryzen75800h_16
Acer,Acer Aspire 7 A715-42G UN.QAYSI.006 Gaming,Acer Aspire 7 A715-42G UN.QAYSI.006 Gaming Laptop,amd ryzen 5-5500u,não identificado,16,512,15.6,não identificado,gamer,acer_aceraspire7a715-42gun.qaysi.00_amdryzen5-5500u_16
Lenovo,Lenovo Ideapad Gaming 3 82K201UMIN,Lenovo Ideapad Gaming 3 82K201UMIN Laptop,ryzen 7 5800h,não identificado,16,512,15.6,não identificado,gamer,lenovo_lenovoideapadgaming382k201umin_ryzen75800h_16
Asus,Asus Vivobook Pro 15 M3500QC-L901WS Gaming,Asus Vivobook Pro 15 M3500QC-L901WS Gaming Laptop,ryzen 9 5900hx,não identificado,16,1000,15.6,não identificado,gamer,asus_asusvivobookpro15m3500qc-l901w_ryzen95900hx_16
Lenovo,Lenovo IdeaPad Gaming 3 82K101A4IN,Lenovo IdeaPad Gaming 3 82K101A4IN Laptop,11th gen core i5,não identificado,8,512,15.6,não identificado,gamer,lenovo_lenovoideapadgaming382k101a4in_11thgencorei5_8
Dell,Dell Alienware M15 ICC-C780002,Dell Alienware M15 ICC-C780002WIN8 Laptop,amd ryzen 7-5800h,não identificado,16,512,15.6,não identificado,gamer,dell_dellalienwarem15icc-c780002_amdryzen7-5800h_16
Lenovo,Lenovo IdeaPad Gaming 3 82K1019AIN,Lenovo IdeaPad Gaming 3 82K1019AIN Laptop,11th gen core i5,não identificado,8,256,15.6,não identificado,gamer,lenovo_lenovoideapadgaming382k1019ain_11thgencorei5_8
HP,HP Victus 15-fa0073TX,HP Victus 15-fa0073TX Laptop,12th gen core i7,não identificado,8,512,15.6,não identificado,gamer,hp_hpvictus15-fa0073tx_12thgencorei7_8
Lenovo,Lenovo IdeaPad Gaming 3 15ACH6 82K201UXIN,Lenovo IdeaPad Gaming 3 15ACH6 82K201UXIN Laptop,ryzen 7 5800h,não identificado,16,512,15.6,não identificado,gamer,lenovo_lenovoideapadgaming315ach682k2_ryzen75800h_16
Asus,Asus TUF Gaming F15 FX506HC-HN362WS Gaming,Asus TUF Gaming F15 FX506HC-HN362WS Gaming Laptop,11th gen core i5,não identificado,16,512,15.6,não identificado,gamer,asus_asustufgamingf15fx506hc-hn362w_11thgencorei5_16
Acer,Acer Aspire 7 A715-5G UN.QGBSI.002 Gaming,Acer Aspire 7 A715-5G UN.QGBSI.002 Gaming Laptop,12th gen core i5,não identificado,16,512,15.6,não identificado,gamer,acer_aceraspire7a715-5gun.qgbsi.002_12thgencorei5_16
Asus,Asus TUF Gaming F15 FX506LHB-HN357W Gaming,Asus TUF Gaming F15 FX506LHB-HN357W Gaming Laptop,10th gen core i5,não identificado,8,1000,15.6,não identificado,gamer,asus_asustufgamingf15fx506lhb-hn357_10thgencorei5_8
Asus,Asus ROG Flow X13 GV301RC-LJ022WS Gaming,Asus ROG Flow X13 GV301RC-LJ022WS Gaming Laptop,amd ryzen 7 6800hs,não identificado,16,1000,13.4,não identificado,gamer,asus_asusrogflowx13gv301rc-lj022wsg_amdryzen76800hs_16
Asus,Asus ROG Zephyrus G14 2022 GA402RK-L8148WS Gaming,Asus ROG Zephyrus G14 2022 GA402RK-L8148WS Gaming Laptop,amd ryzen 9 6900hs,não identificado,32,1000,14.0,2022,gamer,asus_asusrogzephyrusg142022ga402rk-_amdryzen96900hs_32
Asus,Asus ROG Flow X13 GV301RE-LJ199WS Gaming,Asus ROG Flow X13 GV301RE-LJ199WS Gaming Laptop,amd ryzen 7 6800hs,não identificado,32,1000,13.4,não identificado,gamer,asus_asusrogflowx13gv301re-lj199wsg_amdryzen76800hs_32
Asus,Asus ROG Flow X13 GV301RE-LI201WS Gaming,Asus ROG Flow X13 GV301RE-LI201WS Gaming Laptop,amd ryzen 7 6800hs,não identificado,32,1000,13.4,não identificado,gamer,asus_asusrogflowx13gv301re-li201wsg_amdryzen76800hs_32
Asus,Asus ROG Zephyrus G15 2022 GA503RM-LN143WS Gaming,Asus ROG Zephyrus G15 2022 GA503RM-LN143WS Gaming Laptop,amd ryzen 7 6800hs,não identificado,16,1000,15.6,2022,gamer,asus_asusrogzephyrusg152022ga503rm-_amdryzen76800hs_16
Asus,Asus ROG Zephyrus Duo 16 2022 GX650RXZ-LB226WS Gaming,Asus ROG Zephyrus Duo 16 2022 GX650RXZ-LB226WS Gaming Laptop,amd 9 6900hx,não identificado,32,2000,16.0,2022,gamer,asus_asusrogzephyrusduo162022gx650r_amd96900hx_32
Asus,Asus ROG Zephyrus G15 2022 GA503RS-HQ027WS Gaming,Asus ROG Zephyrus G15 2022 GA503RS-HQ027WS Gaming Laptop,amd ryzen 9 6900hs,não identificado,16,1000,15.6,2022,gamer,asus_asusrogzephyrusg152022ga503rs-_amdryzen96900hs_16
Asus,Asus ROG Zephyrus G14 GA402RJ-L8182WS Gaming,Asus ROG Zephyrus G14 GA402RJ-L8182WS Gaming Laptop,amd ryzen 7 6800hs,não identificado,16,1000,14.0,não identificado,gamer,asus_asusrogzephyrusg14ga402rj-l818_amdryzen76800hs_16
Asus,Asus ROG Flow X16 2022 GV601RE-M6012WS Gaming,Asus ROG Flow X16 2022 GV601RE-M6012WS Gaming Laptop,ryzen 7 6800hs,não identificado,16,1000,16.0,2022,gamer,asus_asusrogflowx162022gv601re-m601_ryzen76800hs_16
Asus,Asus ROG Zephyrus Duo 16 GX650RMZ-LS019WS Gaming,Asus ROG Zephyrus Duo 16 GX650RMZ-LS019WS Gaming Laptop,amd ryzen 7 6800h,não identificado,32,2000,16.0,não identificado,gamer,asus_asusrogzephyrusduo16gx650rmz-l_amdryzen76800h_32
Asus,Asus ROG Zephyrus G15 2022 GA503RW-LN067WS Gaming,Asus ROG Zephyrus G15 2022 GA503RW-LN067WS Gaming Laptop,amd ryzen 9 6900hs,não identificado,16,1000,15.6,2022,gamer,asus_asusrogzephyrusg152022ga503rw-_amdryzen96900hs_16
Asus,Asus ROG Flow X16 2022 GV601RM-M6054WS Gaming,Asus ROG Flow X16 2022 GV601RM-M6054WS Gaming Laptop,ryzen 7 6800hs,não identificado,16,1000,16.0,2022,gamer,asus_asusrogflowx162022gv601rm-m605_ryzen76800hs_16
Asus,Asus ROG Flow X13 GV301RA-LJ031WS Gaming,Asus ROG Flow X13 GV301RA-LJ031WS Gaming Laptop,amd ryzen 7 6800hs,não identificado,16,1000,13.4,não identificado,gamer,asus_asusrogflowx13gv301ra-lj031wsg_amdryzen76800hs_16
Asus,Asus ROG Zephyrus G15 GA503RW-LN066WS Gaming,Asus ROG Zephyrus G15 GA503RW-LN066WS Gaming Laptop,amd ryzen 9 6900hs,não identificado,16,1000,15.6,não identificado,gamer,asus_asusrogzephyrusg15ga503rw-ln06_amdryzen96900hs_16
Asus,Asus TUF Gaming A17 FA706IC-HX036W,Asus TUF Gaming A17 FA706IC-HX036W Laptop,ryzen 7 4800h,não identificado,8,512,17.3,não identificado,gamer,asus_asustufgaminga17fa706ic-hx036w_ryzen74800h_8
Lenovo,Lenovo Legion 5 Pro 82JD005LIN Gaming,Lenovo Legion 5 Pro 82JD005LIN Gaming Laptop,11th gen core i7,não identificado,32,1000,16.0,não identificado,gamer,lenovo_lenovolegion5pro82jd005lingami_11thgencorei7_32
Lenovo,Lenovo IdeaPad Gaming 3 82K101EEIN,Lenovo IdeaPad Gaming 3 82K101EEIN Laptop,11th gen core i5,não identificado,8,512,15.6,não identificado,gamer,lenovo_lenovoideapadgaming382k101eein_11thgencorei5_8
HP,HP Victus 15-fb0051AX Gaming,HP Victus 15-fb0051AX Gaming Laptop,ryzen 5-5600h,não identificado,8,512,15.6,não identificado,gamer,hp_hpvictus15-fb0051axgaming_ryzen5-5600h_8
Asus,Asus TUF Gaming A17 FA706IC-HX055W,Asus TUF Gaming A17 FA706IC-HX055W Laptop,ryzen 7 4800h,não identificado,8,1000,17.3,não identificado,gamer,asus_asustufgaminga17fa706ic-hx055w_ryzen74800h_8
HP,HP Victus 16-E0301Ax Gaming,HP Victus 16-E0301Ax Gaming Laptop,ryzen 5 5600h,não identificado,8,512,16.1,não identificado,gamer,hp_hpvictus16-e0301axgaming_ryzen55600h_8
Asus,Asus TUF Gaming F15 FX506HC-HN089WS Gaming,Asus TUF Gaming F15 FX506HC-HN089WS Gaming Laptop,11th gen core i5,não identificado,8,512,15.6,não identificado,gamer,asus_asustufgamingf15fx506hc-hn089w_11thgencorei5_8
MSI,MSI Stealth 15M B12UE Gaming,MSI Stealth 15M B12UE Gaming Laptop,12th gen core i7,não identificado,16,1000,15.6,não identificado,gamer,msi_msistealth15mb12uegaming_12thgencorei7_16
Asus,Asus ROG Strix G17 2022 G713RW-LL133WS Gaming,Asus ROG Strix G17 2022 G713RW-LL133WS Gaming Laptop,amd ryzen 9 6900hx,não identificado,16,1000,17.3,2022,gamer,asus_asusrogstrixg172022g713rw-ll13_amdryzen96900hx_16
Asus,Asus TUF Gaming A15 FA506ICB-HN075W,Asus TUF Gaming A15 FA506ICB-HN075W Laptop,ryzen 7 4800h,não identificado,16,512,15.6,não identificado,gamer,asus_asustufgaminga15fa506icb-hn075_ryzen74800h_16
Dell,Dell G15-5525 Gaming,Dell G15-5525 Gaming Laptop,ryzen 7 6800h,não identificado,16,512,15.6,não identificado,gamer,dell_dellg15-5525gaming_ryzen76800h_16
Dell,Dell G15-5525 Gaming,Dell G15-5525 Gaming Laptop,ryzen 5 6600h,não identificado,8,512,15.6,não identificado,gamer,dell_dellg15-5525gaming_ryzen56600h_8
MSI,MSI Crosshair 15 B12UEZ-037IN Gaming,MSI Crosshair 15 B12UEZ-037IN Gaming Laptop,12th gen core i7,não identificado,16,1000,15.6,não identificado,gamer,msi_msicrosshair15b12uez-037ingami_12thgencorei7_16
MSI,MSI Gaming Raider GE66 12UHS-218IN Gaming,MSI Gaming Raider GE66 12UHS-218IN Gaming Laptop,12th gen core i7,não identificado,32,2000,17.3,não identificado,gamer,msi_msigamingraiderge6612uhs-218in_12thgencorei7_32
Dell,Dell G15-5525 Gaming,Dell G15-5525 Gaming Laptop,ryzen 5 6600h,não identificado,16,512,15.6,não identificado,gamer,dell_dellg15-5525gaming_ryzen56600h_16
MSI,MSI GP66 Leopard 11UG-693IN Gaming,MSI GP66 Leopard 11UG-693IN Gaming Laptop,11th gen core i7,não identificado,16,1000,15.6,não identificado,gamer,msi_msigp66leopard11ug-693ingaming_11thgencorei7_16
MSI,MSI Sword 15 A12UD-471IN Gaming,MSI Sword 15 A12UD-471IN  Gaming Laptop,12th gen core i5,não identificado,16,512,15.6,não identificado,gamer,msi_msisword15a12ud-471ingaming_12thgencorei5_16
MSI,MSI Katana GF66 12UD-472IN Gaming,MSI Katana GF66 12UD-472IN Gaming Laptop,12th gen core i5,não identificado,16,512,15.6,não identificado,gamer,msi_msikatanagf6612ud-472ingaming_12thgencorei5_16
Asus,Asus ROG Strix G17 2022 G713RW-LL111WS Gaming,Asus ROG Strix G17 2022 G713RW-LL111WS Gaming Laptop,amd ryzen 9 6900hx,não identificado,16,1000,17.3,2022,gamer,asus_asusrogstrixg172022g713rw-ll11_amdryzen96900hx_16
HP,HP Victus 16-e1062AX Gaming,HP Victus 16-e1062AX Gaming Laptop,amd ryzen 5 6600h,não identificado,8,512,16.1,não identificado,gamer,hp_hpvictus16-e1062axgaming_amdryzen56600h_8
HP,HP Victus 16-e1060AX Gaming,HP Victus 16-e1060AX Gaming Laptop,amd ryzen 7 6800h,não identificado,16,512,16.1,não identificado,gamer,hp_hpvictus16-e1060axgaming_amdryzen76800h_16
HP,HP Victus 16-e0305ax Gaming,HP Victus 16-e0305ax Gaming Laptop,amd ryzen 7 5800h,não identificado,8,512,16.1,não identificado,gamer,hp_hpvictus16-e0305axgaming_amdryzen75800h_8
Acer,Acer Nitro 5 AN515-57 UN.QEHSI.004,Acer Nitro 5 AN515-57 UN.QEHSI.004 Laptop,11th gen core i5,não identificado,8,256,15.6,não identificado,gamer,acer_acernitro5an515-57un.qehsi.004_11thgencorei5_8
Lenovo,Lenovo Legion 5 82JK00BEIN,Lenovo Legion 5 82JK00BEIN Laptop,11th gen core i7,não identificado,16,512,15.6,não identificado,gamer,lenovo_lenovolegion582jk00bein_11thgencorei7_16
Asus,Asus TUF Gaming F17 FX777ZE-HX052WS,Asus TUF Gaming F17 FX777ZE-HX052WS Laptop,12th gen core i7,não identificado,16,1000,17.3,não identificado,gamer,asus_asustufgamingf17fx777ze-hx052w_12thgencorei7_16
Acer,Acer Nitro 5 AN515-45 NH.QBCSI.00F Gaming,Acer Nitro 5 AN515-45 NH.QBCSI.00F Gaming Laptop,amd ryzen 5 5600h,não identificado,16,512,15.6,não identificado,gamer,acer_acernitro5an515-45nh.qbcsi.00f_amdryzen55600h_16
Asus,Asus TUF Dash F15 2022 FX517ZE-HN036WS Gaming,Asus TUF Dash F15 2022 FX517ZE-HN036WS Gaming Laptop,12th gen core i7,não identificado,16,512,15.6,2022,gamer,asus_asustufdashf152022fx517ze-hn03_12thgencorei7_16
Lenovo,Lenovo IdeaPad Gaming 3 81Y401BHIN Gaming,Lenovo IdeaPad Gaming 3 81Y401BHIN Gaming Laptop,10th gen core i7,não identificado,8,512,15.6,não identificado,gamer,lenovo_lenovoideapadgaming381y401bhin_10thgencorei7_8
Asus,Asus ROG Flow Z13 2022 GZ301ZE-LC193WS Gaming,Asus ROG Flow Z13 2022 GZ301ZE-LC193WS Gaming Laptop,12th gen core i9,não identificado,16,1000,13.4,2022,gamer,asus_asusrogflowz132022gz301ze-lc19_12thgencorei9_16
Asus,Asus ROG Flow Z13 2022 GZ301ZE-LD064WS Gaming,Asus ROG Flow Z13 2022 GZ301ZE-LD064WS Gaming Laptop,12th gen core i9,não identificado,16,1000,13.4,2022,gamer,asus_asusrogflowz132022gz301ze-ld06_12thgencorei9_16
Asus,Asus ROG Flow Z13 2022 GZ301ZC-LD123WS Gaming,Asus ROG Flow Z13 2022 GZ301ZC-LD123WS Gaming Laptop,12th gen core i7,não identificado,16,512,13.4,2022,gamer,asus_asusrogflowz132022gz301zc-ld12_12thgencorei7_16
Asus,Asus ROG Flow Z13 2022 GZ301ZA-LD049WS Gaming,Asus ROG Flow Z13 2022 GZ301ZA-LD049WS Gaming Laptop,12th gen core i5,não identificado,16,512,13.4,2022,gamer,asus_asusrogflowz132022gz301za-ld04_12thgencorei5_16
Asus,Asus TUF Dash F15 2022 FX517ZR-HQ030WS Gaming,Asus TUF Dash F15 2022 FX517ZR-HQ030WS Gaming Laptop,12th gen core i7,não identificado,16,1000,15.6,2022,gamer,asus_asustufdashf152022fx517zr-hq03_12thgencorei7_16
MSI,MSI GS76 Stealth 11UE-631IN 9S7-17M111-631 Gaming,MSI GS76 Stealth 11UE-631IN 9S7-17M111-631 Gaming Laptop,11th gen core i7,não identificado,16,1000,15.6,não identificado,gamer,msi_msigs76stealth11ue-631in9s7-17_11thgencorei7_16
Acer,Acer Predator Helios 300 PH315-55 NH.QGPS.003 Gaming,Acer Predator Helios 300 PH315-55 NH.QGPS.003 Gaming Laptop,12th gen core i7,não identificado,16,1000,15.6,não identificado,gamer,acer_acerpredatorhelios300ph315-55n_12thgencorei7_16
Lenovo,Lenovo Legion 5 15IMH6 82NL00APIN Gaming,Lenovo Legion 5 15IMH6 82NL00APIN Gaming Laptop,10th gen core i5,não identificado,8,512,15.6,não identificado,gamer,lenovo_lenovolegion515imh682nl00aping_10thgencorei5_8
Asus,Asus ROG Strix G15 Advantage Edition G513QY-HQ032WS Gaming,Asus ROG Strix G15 Advantage Edition G513QY-HQ032WS Gaming Laptop,ryzen 9 5900hx,não identificado,16,1000,15.6,não identificado,gamer,asus_asusrogstrixg15advantageeditio_ryzen95900hx_16
Asus,Asus TUF Gaming F15 FX507ZM-HF068WS,Asus TUF Gaming F15 FX507ZM-HF068WS Laptop,12th gen core i7,não identificado,16,1000,15.6,não identificado,gamer,asus_asustufgamingf15fx507zm-hf068w_12thgencorei7_16
HP,HP Omen 16-B1371TX Gaming,HP Omen 16-B1371TX Gaming Laptop,12th gen core i7,não identificado,16,1000,16.1,não identificado,gamer,hp_hpomen16-b1371txgaming_12thgencorei7_16
Asus,Asus Strix G15 G513RM-HF274WS Gaming,Asus Strix G15 G513RM-HF274WS Gaming Laptop,ryzen 7 6800h,não identificado,16,1000,15.6,não identificado,gamer,asus_asusstrixg15g513rm-hf274wsgami_ryzen76800h_16
Asus,Asus TUF Gaming A17 FA777RC-HX027WS,Asus TUF Gaming A17 FA777RC-HX027WS Laptop,ryzen 7 6800h,não identificado,16,512,17.3,não identificado,gamer,asus_asustufgaminga17fa777rc-hx027w_ryzen76800h_16
Asus,Asus TUF Gaming F17 FX777ZC-HX069W Gaming,Asus TUF Gaming F17 FX777ZC-HX069W Gaming Laptop,12th gen core i5,não identificado,16,512,17.3,não identificado,gamer,asus_asustufgamingf17fx777zc-hx069w_12thgencorei5_16
Asus,Asus TUF A17 FA766IC-HX005W Gaming,Asus TUF A17 FA766IC-HX005W Gaming Laptop,ryzen 7 4800h,não identificado,16,512,17.3,não identificado,gamer,asus_asustufa17fa766ic-hx005wgaming_ryzen74800h_16
MSI,MSI Thin GF63 11UC-850IN Gaming,MSI Thin GF63 11UC-850IN Gaming Laptop,11th gen core i7,não identificado,8,512,15.6,não identificado,gamer,msi_msithingf6311uc-850ingaming_11thgencorei7_8
MSI,MSI Sword 15 A12UC-467IN Gaming,MSI Sword 15 A12UC-467IN Gaming Laptop,12th gen core i5,não identificado,16,1000,15.6,não identificado,gamer,msi_msisword15a12uc-467ingaming_12thgencorei5_16
MSI,MSI Thin GF63 11UC-851IN Gaming,MSI Thin GF63 11UC-851IN Gaming Laptop,11th gen core i5,não identificado,8,512,15.6,não identificado,gamer,msi_msithingf6311uc-851ingaming_11thgencorei5_8
Lenovo,Lenovo IdeaPad Gaming 3 15IHU6 82K101A3IN,Lenovo IdeaPad Gaming 3 15IHU6 82K101A3IN Laptop,11th gen core i5,não identificado,16,512,15.6,não identificado,gamer,lenovo_lenovoideapadgaming315ihu682k1_11thgencorei5_16
HP,HP Victus 16-d0354TX,HP Victus 16-d0354TX Laptop,11th gen core i5,não identificado,8,512,16.1,não identificado,gamer,hp_hpvictus16-d0354tx_11thgencorei5_8
Asus,Asus TUF Gaming A15 FA506IC-HN100W,Asus TUF Gaming A15 FA506IC-HN100W Laptop,ryzen 7 4800h,não identificado,8,1000,15.6,não identificado,gamer,asus_asustufgaminga15fa506ic-hn100w_ryzen74800h_8
Asus,Asus TUF Gaming F15 FX577ZE-HN072WS,Asus TUF Gaming F15 FX577ZE-HN072WS Laptop,12th gen core i7,não identificado,16,1000,15.6,não identificado,gamer,asus_asustufgamingf15fx577ze-hn072w_12thgencorei7_16
HP,HP Victus 16-d0361TX,HP Victus 16-d0361TX Laptop,11th gen core i7,não identificado,16,512,16.1,não identificado,gamer,hp_hpvictus16-d0361tx_11thgencorei7_16
Acer,Acer Predator Helios 300 NH.QC2SI.00B,Acer Predator Helios 300 NH.QC2SI.00B Laptop,11th gen core i9,não identificado,16,1000,15.6,não identificado,gamer,acer_acerpredatorhelios300nh.qc2si._11thgencorei9_16
Asus,Asus ROG Strix G17 G713RM-LL167WS Gaming,Asus ROG Strix G17 G713RM-LL167WS Gaming Laptop,amd ryzen 7 6800h,não identificado,16,1000,17.3,não identificado,gamer,asus_asusrogstrixg17g713rm-ll167wsg_amdryzen76800h_16
HP,HP Pavilion Gaming 15-DK1520TX,HP Pavilion Gaming 15-DK1520TX Laptop,10th gen core i5,não identificado,8,512,15.6,não identificado,gamer,hp_hppaviliongaming15-dk1520tx_10thgencorei5_8
Lenovo,Lenovo IdeaPad Gaming 3 82K10199IN,Lenovo IdeaPad Gaming 3 82K10199IN Laptop,11th gen core i5,não identificado,8,512,15.6,não identificado,gamer,lenovo_lenovoideapadgaming382k10199in_11thgencorei5_8
Asus,Asus Strix G15 G513RM-HF272WS Gaming,Asus Strix G15 G513RM-HF272WS Gaming Laptop,ryzen 7 6800h,não identificado,16,1000,15.6,não identificado,gamer,asus_asusstrixg15g513rm-hf272wsgami_ryzen76800h_16
Lenovo,Lenovo IdeaPad Gaming 3 81Y401ARIN Gaming,Lenovo IdeaPad Gaming 3 81Y401ARIN Gaming Laptop,10th gen core i5,não identificado,8,512,15.6,não identificado,gamer,lenovo_lenovoideapadgaming381y401arin_10thgencorei5_8
Asus,Asus TUF Gaming A15 FA506IC-HN075W,Asus TUF Gaming A15 FA506IC-HN075W Laptop,ryzen 7 4800h,não identificado,16,512,15.6,não identificado,gamer,asus_asustufgaminga15fa506ic-hn075w_ryzen74800h_16
HP,HP Victus 16-e0361ax Gaming,HP Victus 16-e0361ax Gaming Laptop,ryzen 7 5800h,não identificado,16,512,16.1,não identificado,gamer,hp_hpvictus16-e0361axgaming_ryzen75800h_16
Asus,Asus TUF A15 OLED FA507RM-HF030WS,Asus TUF A15 OLED FA507RM-HF030WS Laptop,ryzen 7 6800h,não identificado,16,1000,15.6,não identificado,gamer,asus_asustufa15oledfa507rm-hf030ws_ryzen76800h_16
Asus,Asus Strix G15 G513RM-HQ273WS Gaming,Asus Strix G15 G513RM-HQ273WS Gaming Laptop,ryzen 7 6800h,não identificado,16,1000,15.6,não identificado,gamer,asus_asusstrixg15g513rm-hq273wsgami_ryzen76800h_16
Asus,Asus ROG Strix Scar 17 G733ZW-LL139WS Gaming,Asus ROG Strix Scar 17 G733ZW-LL139WS Gaming Laptop,12th gen core i9,não identificado,32,1000,17.3,não identificado,gamer,asus_asusrogstrixscar17g733zw-ll139_12thgencorei9_32
Lenovo,Lenovo IdeaPad Gaming 3 82K101ECIN,Lenovo IdeaPad Gaming 3 82K101ECIN Laptop,intel core i5 11th gen,nvidia geforce gtx 1650,8,256,15.6,não identificado,gamer,lenovo_lenovoideapadgaming382k101ecin_intelcorei511thgen_8
Asus,Asus Vivobook Pro 15 OLED M6500QH-HN701WS,Asus Vivobook Pro 15 OLED M6500QH-HN701WS Laptop,amd ryzen 7 5800h,nvidia geforce gtx 1650,16,512,15.6,não identificado,gamer,asus_asusvivobookpro15oledm6500qh-h_amdryzen75800h_16
HP,HP Victus 15-fa0165TX,HP Victus 15-fa0165TX Laptop,intel core i5 12th gen,nvidia geforce gtx 1650,8,512,15.6,não identificado,gamer,hp_hpvictus15-fa0165tx_intelcorei512thgen_8
Acer,Acer Aspire 7 A715-51G NH.QGCSI.001 Gaming,Acer Aspire 7 A715-51G NH.QGCSI.001 Gaming Laptop,intel core i5 12th gen,nvidia geforce rtx 3050,8,512,15.6,não identificado,gamer,acer_aceraspire7a715-51gnh.qgcsi.00_intelcorei512thgen_8
MSI,MSI Bravo 15 B5DD-410IN Gaming,MSI Bravo 15 B5DD-410IN Gaming Laptop,amd ryzen 5 5600h,amd radeon rx 5500m,8,512,15.6,não identificado,gamer,msi_msibravo15b5dd-410ingaming_amdryzen55600h_8
HP,HP Victus 15-fa0070TX,HP Victus 15-fa0070TX Laptop,intel core i5 12th gen,nvidia geforce gtx 1650,8,512,15.6,não identificado,gamer,hp_hpvictus15-fa0070tx_intelcorei512thgen_8
Asus,Asus Vivobook Pro 14 OLED M3400QA-KM502WS Gaming,Asus Vivobook Pro 14 OLED M3400QA-KM502WS Gaming Laptop,amd ryzen 5 5600h,amd radeon graphics,8,512,14.0,não identificado,gamer,asus_asusvivobookpro14oledm3400qa-k_amdryzen55600h_8
Asus,Asus Vivobook Pro 15 OLED M6500IH-HN701WS,Asus Vivobook Pro 15 OLED M6500IH-HN701WS Laptop,amd ryzen 7-4800h,nvidia geforce gtx 1650 max q,16,512,15.6,não identificado,gamer,asus_asusvivobookpro15oledm6500ih-h_amdryzen7-4800h_16
Acer,Acer Aspire 5 A515-57G UN.K9TSI.002 Gaming,Acer Aspire 5 A515-57G UN.K9TSI.002 Gaming Laptop,intel core i5 12th gen,nvidia geforce rtx 2050,16,512,15.6,não identificado,gamer,acer_aceraspire5a515-57gun.k9tsi.00_intelcorei512thgen_16
MSI,MSI Thin GF63 11SC-852IN Gaming,MSI Thin GF63 11SC-852IN Gaming Laptop,intel core i7 11th gen,nvidia geforce gtx 1650 max q,8,512,15.6,não identificado,gamer,msi_msithingf6311sc-852ingaming_intelcorei711thgen_8
Lenovo,Lenovo IdeaPad Gaming 3 82K1017WIN,Lenovo IdeaPad Gaming 3 82K1017WIN Laptop,intel core i5 11th gen,nvidia geforce gtx 1650,8,512,15.6,não identificado,gamer,lenovo_lenovoideapadgaming382k1017win_intelcorei511thgen_8
HP,HP Victus 15-fa0350TX,HP Victus 15-fa0350TX Laptop,intel core i5 12th gen,nvidia geforce rtx 3050,8,512,15.6,não identificado,gamer,hp_hpvictus15-fa0350tx_intelcorei512thgen_8
HP,HP Victus 16-e0352AX Gaming,HP Victus 16-e0352AX Gaming Laptop,amd ryzen 5-5600h,nvidia geforce rtx 3050,8,512,16.1,não identificado,gamer,hp_hpvictus16-e0352axgaming_amdryzen5-5600h_8
Asus,Asus TUF Gaming F15 FX506LHB-HN355WS Gaming,Asus TUF Gaming F15 FX506LHB-HN355WS Gaming Laptop,intel core i5 10th gen,nvidia geforce gtx 1650,8,512,15.6,não identificado,gamer,asus_asustufgamingf15fx506lhb-hn355_intelcorei510thgen_8
Lenovo,Lenovo IdeaPad Gaming 3 15IHU6 82K101GSIN,Lenovo IdeaPad Gaming 3 15IHU6 82K101GSIN Laptop,intel core i5 11th gen,nvidia geforce gtx 1650,8,512,15.6,não identificado,gamer,lenovo_lenovoideapadgaming315ihu682k1_intelcorei511thgen_8
Asus,Asus Vivobook Pro 16 OLED K6602HC-N1902WS Gaming,Asus Vivobook Pro 16 OLED K6602HC-N1902WS Gaming Laptop,intel core i9 11th gen,nvidia geforce rtx 3050,16,512,16.0,não identificado,gamer,asus_asusvivobookpro16oledk6602hc-n_intelcorei911thgen_16
Lenovo,Lenovo IdeaPad Gaming 3 15IAH7 82S900R6IN,Lenovo IdeaPad Gaming 3 15IAH7 82S900R6IN Laptop,intel core i5 12th gen,nvidia geforce rtx 3050,16,512,15.6,não identificado,gamer,lenovo_lenovoideapadgaming315iah782s9_intelcorei512thgen_16
Acer,Acer Predator Helios 300 PH315-55 Gaming,Acer Predator Helios 300 PH315-55 Gaming Laptop,intel core i9 12th gen,nvidia geforce rtx 3060,16,1000,15.6,não identificado,gamer,acer_acerpredatorhelios300ph315-55g_intelcorei912thgen_16
Asus,Asus ProArt StudioBook Pro 16 OLED H7600ZM-L701WS,Asus ProArt StudioBook Pro 16 OLED H7600ZM-L701WS Laptop,intel core i7 12th gen,nvidia geforce rtx 3060,16,1000,16.0,não identificado,gamer,asus_asusproartstudiobookpro16oledh_intelcorei712thgen_16
Asus,Asus TUF Dash F15 2022 FX517ZC-HN108WS Gaming,Asus TUF Dash F15 2022 FX517ZC-HN108WS Gaming Laptop,intel core i7 12th gen,nvidia geforce rtx 3050,16,1000,15.6,2022,gamer,asus_asustufdashf152022fx517zc-hn10_intelcorei712thgen_16
Asus,Asus TUF Gaming F15,Asus TUF Gaming F15,intel core i7 10th gen,nvidia geforce rtx 3050-ti,16,512,15.6,não identificado,gamer,asus_asustufgamingf15_intelcorei710thgen_16
Asus,Asus TUF Dash F15 2022 FX517ZC-HN083WS Gaming,Asus TUF Dash F15 2022 FX517ZC-HN083WS Gaming Laptop,intel core i5 12th gen,nvidia geforce rtx 3050,16,512,15.6,2022,gamer,asus_asustufdashf152022fx517zc-hn08_intelcorei512thgen_16
Acer,Acer Nitro 5 AN515-56 Gaming,Acer Nitro 5 AN515-56 Gaming Laptop,intel core i5 11th gen,nvidia geforce gtx 1650,16,512,15.6,não identificado,gamer,acer_acernitro5an515-56gaming_intelcorei511thgen_16
Acer,Acer Aspire 5 A515-57G Gaming,Acer Aspire 5 A515-57G Gaming Laptop,intel core i5 12th gen,nvidia geforce rtx 2050,8,512,15.6,não identificado,gamer,acer_aceraspire5a515-57ggaming_intelcorei512thgen_8
Acer,Acer Aspire 7 A715-75G NH.QGBSI.001 Gaming,Acer Aspire 7 A715-75G NH.QGBSI.001 Gaming Laptop,intel core i5 12th gen,nvidia geforce gtx 1650,8,512,15.6,não identificado,gamer,acer_aceraspire7a715-75gnh.qgbsi.00_intelcorei512thgen_8
Lenovo,Lenovo IdeaPad Gaming 3 82K201ULIN,Lenovo IdeaPad Gaming 3 82K201ULIN Laptop,amd ryzen 5 5600h,nvidia geforce rtx 3050,16,512,15.6,não identificado,gamer,lenovo_lenovoideapadgaming382k201ulin_amdryzen55600h_16
Asus,Asus TUF Dash F15 2022 FX517ZC-HN035WS Gaming,Asus TUF Dash F15 2022 FX517ZC-HN035WS Gaming Laptop,intel core i5 12th gen,nvidia geforce rtx 3050,8,512,15.6,2022,gamer,asus_asustufdashf152022fx517zc-hn03_intelcorei512thgen_8
Asus,Asus Vivobook Pro 14 OLED M3400QA-KM512WS Gaming,Asus Vivobook Pro 14 OLED M3400QA-KM512WS Gaming Laptop,amd ryzen 5 5600h,amd radeon graphics,16,512,14.0,não identificado,gamer,asus_asusvivobookpro14oledm3400qa-k_amdryzen55600h_16
MSI,MSI Gaming Crosshair 15 B12UEZ-677IN,MSI Gaming Crosshair 15 B12UEZ-677IN Laptop,intel core i7 12th gen,nvidia geforce rtx 3060,16,1000,15.6,não identificado,gamer,msi_msigamingcrosshair15b12uez-677_intelcorei712thgen_16
Dell,Dell G15-5511 Gaming,Dell G15-5511 Gaming Laptop,intel core i5 11th gen,nvidia geforce rtx 3050,16,512,15.6,não identificado,gamer,dell_dellg15-5511gaming_intelcorei511thgen_16
Dell,Dell G15-5520,Dell G15-5520 Laptop,intel core i7 12th gen,nvidia geforce rtx 3050 ti,16,512,15.6,não identificado,gamer,dell_dellg15-5520_intelcorei712thgen_16
HP,HP Pavilion 15-EC2048AX Gaming,HP Pavilion 15-EC2048AX Gaming Laptop,amd ryzen 5 5600h,nvidia geforce rtx 3050ti,8,512,15.6,não identificado,gamer,hp_hppavilion15-ec2048axgaming_amdryzen55600h_8
HP,HP Pavilion 15-EC2146AX Gaming,HP Pavilion 15-EC2146AX Gaming Laptop,amd ryzen 7 5800h,nvidia geforce rtx 3050,16,512,15.6,não identificado,gamer,hp_hppavilion15-ec2146axgaming_amdryzen75800h_16
HP,HP Victus 16-e0162AX Gaming,HP Victus 16-e0162AX Gaming Laptop,amd ryzen 5 5600h,amd radeon rx 5500m,8,512,16.1,não identificado,gamer,hp_hpvictus16-e0162axgaming_amdryzen55600h_8
HP,HP Pavilion 15-DK2100TX Gaming,HP Pavilion 15-DK2100TX Gaming Laptop,intel core i5 11th gen,nvidia geforce gtx 1650,8,256,15.6,não identificado,gamer,hp_hppavilion15-dk2100txgaming_intelcorei511thgen_8
Acer,Acer Aspire 7 A715-51G UN.QGCSI.002 Gaming,Acer Aspire 7 A715-51G UN.QGCSI.002 Gaming Laptop,intel core i5 12th gen,nvidia geforce rtx 3050,16,512,15.6,não identificado,gamer,acer_aceraspire7a715-51gun.qgcsi.00_intelcorei512thgen_16
Dell,Dell Alienware M15 R7 Gaming,Dell Alienware M15 R7 Gaming Laptop,intel core i7 12th gen,nvidia geforce rtx 3060,16,512,15.6,não identificado,gamer,dell_dellalienwarem15r7gaming_intelcorei712thgen_16
Dell,Dell G15-5521 D560897,Dell G15-5521 D560897WIN9S Gaming Laptop,intel core i9 12th gen,nvidia geforce rtx 3070 ti,16,1000,15.6,não identificado,gamer,dell_dellg15-5521d560897_intelcorei912thgen_16
HP,HP Victus 15-fa0092TX,HP Victus 15-fa0092TX Laptop,intel core i5 12th gen,nvidia geforce rtx 3050,16,512,15.6,não identificado,gamer,hp_hpvictus15-fa0092tx_intelcorei512thgen_16
Lenovo,Lenovo Legion 5 82RB00K8IN,Lenovo Legion 5 82RB00K8IN Laptop,intel core i7 12th gen,nvidia geforce rtx 3060,16,1000,15.6,não identificado,gamer,lenovo_lenovolegion582rb00k8in_intelcorei712thgen_16
Lenovo,Lenovo Legion 5 Pro 16IAH7H 82RF00DYIN Gaming,Lenovo Legion 5 Pro 16IAH7H 82RF00DYIN Gaming Laptop,intel core i7 12th gen,nvidia geforce rtx 3060,16,1000,16.0,não identificado,gamer,lenovo_lenovolegion5pro16iah7h82rf00d_intelcorei712thgen_16
Lenovo,Lenovo IdeaPad Gaming 3 82K1019BIN,Lenovo IdeaPad Gaming 3 82K1019BIN Laptop,intel core i5 11th gen,nvidia geforce rtx 3050,16,512,15.6,não identificado,gamer,lenovo_lenovoideapadgaming382k1019bin_intelcorei511thgen_16
MSI,MSI Gaming Katana GF76 11SC-847IN,MSI Gaming Katana GF76 11SC-847IN Laptop,intel core i5 11th gen,nvidia geforce gtx1650,8,512,15.6,não identificado,gamer,msi_msigamingkatanagf7611sc-847in_intelcorei511thgen_8
MSI,MSI Katana GF66 12UD-640IN Gaming,MSI Katana GF66 12UD-640IN Gaming Laptop,intel core i5 12th gen,nvidia geforce rtx 3050 ti,16,512,15.6,não identificado,gamer,msi_msikatanagf6612ud-640ingaming_intelcorei512thgen_16
MSI,MSI Thin GF63 12HW-004IN Gaming,MSI Thin GF63 12HW-004IN Gaming Laptop,intel core i5 12th gen,intel integrated arc,8,512,15.6,não identificado,gamer,msi_msithingf6312hw-004ingaming_intelcorei512thgen_8
Lenovo,Lenovo IdeaPad Gaming 3 82SA00B2IN,Lenovo IdeaPad Gaming 3 82SA00B2IN Laptop,intel core i7 12th gen,nvidia geforce rtx 3060,16,512,16.0,não identificado,gamer,lenovo_lenovoideapadgaming382sa00b2in_intelcorei712thgen_16
MSI,MSI Pulse GL66 12UEK-898IN Gaming,MSI Pulse GL66 12UEK-898IN Gaming Laptop,intel core i9 12th gen,nvidia geforce rtx 3060,16,1000,15.6,não identificado,gamer,msi_msipulsegl6612uek-898ingaming_intelcorei912thgen_16
MSI,MSI Vector GP66 12UEO-646IN Gaming,MSI Vector GP66 12UEO-646IN Gaming Laptop,intel core i7 12th gen,nvidia geforce rtx 3060,16,1000,15.6,não identificado,gamer,msi_msivectorgp6612ueo-646ingaming_intelcorei712thgen_16
Asus,Asus ZenBook Pro Duo 14 OLED 2022 UX8402ZE-M711WS,Asus ZenBook Pro Duo 14 OLED 2022 UX8402ZE-M711WS Laptop,intel core i7 12th gen,nvidia geforce rtx 3050 ti,16,1000,14.5,2022,gamer,asus_asuszenbookproduo14oled2022ux8_intelcorei712thgen_16
MSI,MSI Thin GF63 11UC-866IN Gaming,MSI Thin GF63 11UC-866IN Gaming Laptop,intel core i7 11th gen,nvidia geforce rtx 3050,8,512,15.6,não identificado,gamer,msi_msithingf6311uc-866ingaming_intelcorei711thgen_8
Asus,Asus Vivobook Pro 15 OLED M6500IH-L1701WS,Asus Vivobook Pro 15 OLED M6500IH-L1701WS Laptop,amd ryzen 7-4800h,nvidia geforce gtx 1650 max q,16,512,15.6,não identificado,gamer,asus_asusvivobookpro15oledm6500ih-l_amdryzen7-4800h_16
Lenovo,Lenovo Ideapad Gaming 3 82K201UKIN,Lenovo Ideapad Gaming 3 82K201UKIN Laptop,amd ryzen 7 5800h,nvidia geforce rtx 3050,8,512,15.6,não identificado,gamer,lenovo_lenovoideapadgaming382k201ukin_amdryzen75800h_8
MSI,MSI Thin GF63 11UC-867IN Gaming,MSI Thin GF63 11UC-867IN Gaming Laptop,intel core i5 11th gen,nvidia geforce rtx 3050,8,512,15.6,não identificado,gamer,msi_msithingf6311uc-867ingaming_intelcorei511thgen_8
Lenovo,Lenovo IdeaPad Gaming 3 82K10198IN,Lenovo IdeaPad Gaming 3 82K10198IN Laptop,intel core i5 11th gen,nvidia geforce gtx 1650,8,512,15.6,não identificado,gamer,lenovo_lenovoideapadgaming382k10198in_intelcorei511thgen_8
Acer,Acer Predator Helios 500 Ph517-52 Gaming,Acer Predator Helios 500 Ph517-52 Gaming Laptop,intel core i9 11th gen,nvidia geforce rtx 3080,64,2000,17.3,não identificado,gamer,acer_acerpredatorhelios500ph517-52g_intelcorei911thgen_64
Lenovo,Lenovo Ideapad Gaming 3 82K201UNIN,Lenovo Ideapad Gaming 3 82K201UNIN Laptop,amd ryzen 7 5800h,nvidia geforce rtx 3060,16,512,15.6,não identificado,gamer,lenovo_lenovoideapadgaming382k201unin_amdryzen75800h_16
Asus,Asus ZenBook Pro Duo 15 OLED 2022 UX582ZM-H701WS,Asus ZenBook Pro Duo 15 OLED 2022 UX582ZM-H701WS Laptop,intel core i7 12th gen,nvidia geforce rtx 3060,32,1000,15.6,2022,gamer,asus_asuszenbookproduo15oled2022ux5_intelcorei712thgen_32
Dell,Dell Alienware x14 Gaming,Dell Alienware x14 Gaming Laptop,intel core i7 12th gen,nvidia geforce rtx 3050 ti,16,512,15.6,não identificado,gamer,dell_dellalienwarex14gaming_intelcorei712thgen_16
HP,HP Victus 15-fa0354TX,HP Victus 15-fa0354TX Laptop,intel core i7 12th gen,nvidia geforce rtx 3050 ti,16,512,15.6,não identificado,gamer,hp_hpvictus15-fa0354tx_intelcorei712thgen_16
MSI,MSI Katana GF66 11UE-861IN Gaming,MSI Katana GF66 11UE-861IN Gaming Laptop,intel core i7 11th gen,nvidia geforce rtx 3060,16,512,15.6,não identificado,gamer,msi_msikatanagf6611ue-861ingaming_intelcorei711thgen_16
Lenovo,Lenovo IdeaPad Gaming 3 82K101B7IN,Lenovo IdeaPad Gaming 3 82K101B7IN Laptop,intel core i5 11th gen,nvidia geforce rtx 3050,16,256,15.6,não identificado,gamer,lenovo_lenovoideapadgaming382k101b7in_intelcorei511thgen_16
Asus,Asus ROG Strix G15 G513IE-HN040WS Gaming,Asus ROG Strix G15 G513IE-HN040WS Gaming Laptop,amd ryzen 7 4800h,nvidia geforce rtx 3050 ti,16,1000,15.6,não identificado,gamer,asus_asusrogstrixg15g513ie-hn040wsg_amdryzen74800h_16
Asus,Asus TUF Gaming F17 FX707ZM-HX030WS,Asus TUF Gaming F17 FX707ZM-HX030WS Laptop,intel core i7 12th gen,nvidia geforce rtx 3060,16,1000,17.3,não identificado,gamer,asus_asustufgamingf17fx707zm-hx030w_intelcorei712thgen_16
Asus,Asus Vivobook Pro 14 OLED M3400QA-KM702WS Gaming,Asus Vivobook Pro 14 OLED M3400QA-KM702WS Gaming Laptop,amd ryzen 7 5800h,amd radeon graphics,16,512,14.0,não identificado,gamer,asus_asusvivobookpro14oledm3400qa-k_amdryzen75800h_16
Asus,Asus TUF Gaming A15 FA506ICB-HN005W,Asus TUF Gaming A15 FA506ICB-HN005W Laptop,amd ryzen 7 4800h,nvidia geforce rtx 3050,8,512,15.6,não identificado,gamer,asus_asustufgaminga15fa506icb-hn005_amdryzen74800h_8
Asus,Asus TUF Gaming F15 FX577ZM-HQ067WS,Asus TUF Gaming F15 FX577ZM-HQ067WS Laptop,intel core i7 12th gen,nvidia geforce rtx 3060,16,1000,15.6,não identificado,gamer,asus_asustufgamingf15fx577zm-hq067w_intelcorei712thgen_16
Asus,Asus Strix G15 G513RM-HQ271WS Gaming,Asus Strix G15 G513RM-HQ271WS Gaming Laptop,amd ryzen 7 6800h,nvidia geforce rtx 3060,16,1000,15.6,não identificado,gamer,asus_asusstrixg15g513rm-hq271wsgami_amdryzen76800h_16
Dell,Dell Inspiron 5520,Dell Inspiron 5520 Laptop,intel core i5 12th gen,nvidia geforce rtx 3050,16,512,15.6,não identificado,gamer,dell_dellinspiron5520_intelcorei512thgen_16
Dell,Dell G15-5511 Gaming,Dell G15-5511 Gaming Laptop,intel core i5 11th gen,nvidia geforce rtx 3050,8,512,15.6,não identificado,gamer,dell_dellg15-5511gaming_intelcorei511thgen_8
Dell,Dell G15-5520,Dell G15-5520 Laptop,intel core i5 12th gen,nvidia geforce rtx 3050,16,512,15.6,não identificado,gamer,dell_dellg15-5520_intelcorei512thgen_16
Acer,Acer Nitro 5 AN515-58 Gaming,Acer Nitro 5 AN515-58 Gaming Laptop,intel core i5 12th gen,nvidia geforce rtx 3050,8,512,15.6,não identificado,gamer,acer_acernitro5an515-58gaming_intelcorei512thgen_8
Asus,Asus TUF Gaming A15 2021 FA506QM-HN124W,Asus TUF Gaming A15 2021 FA506QM-HN124W Laptop,amd ryzen 9 5900hx,nvidia geforce rtx 3060,16,512,15.6,2021,gamer,asus_asustufgaminga152021fa506qm-hn_amdryzen95900hx_16
HP,HP Pavilion 15-EC2145AX Gaming,HP Pavilion 15-EC2145AX Gaming Laptop,amd ryzen 5 5600h,nvidia geforce gtx 3050,8,512,15.6,não identificado,gamer,hp_hppavilion15-ec2145axgaming_amdryzen55600h_8
HP,HP Pavilion 15-ec2150AX,HP Pavilion 15-ec2150AX Laptop,amd ryzen 5 5600h,nvidia geforce gtx 1650,8,512,15.6,não identificado,gamer,hp_hppavilion15-ec2150ax_amdryzen55600h_8
HP,HP Pavilion 15-dk2095TX Gaming,HP Pavilion 15-dk2095TX Gaming Laptop,intel core i5 11th gen,nvidia geforce gtx 1650,8,512,15.6,não identificado,gamer,hp_hppavilion15-dk2095txgaming_intelcorei511thgen_8
HP,HP Pavilion 15-ec2008AX Gaming,HP Pavilion 15-ec2008AX Gaming Laptop,amd ryzen 5 5600h,nvidia geforce gtx 1650,8,512,15.6,não identificado,gamer,hp_hppavilion15-ec2008axgaming_amdryzen55600h_8
MSI,MSI Bravo 15 B5DD-043IN Gaming,MSI Bravo 15 B5DD-043IN Gaming Laptop,amd ryzen 5 5600h,amd radeon rx5500m,8,512,15.6,não identificado,gamer,msi_msibravo15b5dd-043ingaming_amdryzen55600h_8
Asus,Asus Vivobook Pro 16X OLED N7601ZM-MQ711WS Gaming,Asus Vivobook Pro 16X OLED N7601ZM-MQ711WS Gaming Laptop,intel core i7 12th gen,nvidia geforce rtx 3060,16,1000,16.0,não identificado,gamer,asus_asusvivobookpro16xoledn7601zm-_intelcorei712thgen_16
HP,HP Victus 16-d0310TX Gaming,HP Victus 16-d0310TX Gaming Laptop,intel core i5 11th gen,nvidia geforce gtx 1650,8,512,16.1,não identificado,gamer,hp_hpvictus16-d0310txgaming_intelcorei511thgen_8
HP,HP Victus 16-d0311TX Gaming,HP Victus 16-d0311TX Gaming Laptop,intel core i5 11th gen,nvidia geforce gtx 1650,16,512,16.1,não identificado,gamer,hp_hpvictus16-d0311txgaming_intelcorei511thgen_16
Dell,Dell G15-5520 D560897,Dell G15-5520 D560897WIN9S Laptop,intel core i9 12th gen,nvidia geforce rtx 3060,16,1000,15.6,não identificado,gamer,dell_dellg15-5520d560897_intelcorei912thgen_16
MSI,MSI Katana GF66 12UD Gaming,MSI Katana GF66 12UD Gaming Laptop,intel core i7 12th gen,nvidia geforce rtx 3050ti,16,512,15.6,não identificado,gamer,msi_msikatanagf6612udgaming_intelcorei712thgen_16
MSI,MSI Pulse GL66 12UGSZOK Gaming,MSI Pulse GL66 12UGSZOK Gaming Laptop,intel core i9 12th gen,nvidia geforce rtx 3070ti,16,1000,15.6,não identificado,gamer,msi_msipulsegl6612ugszokgaming_intelcorei912thgen_16
Lenovo,Lenovo Legion 7i 82TD009KIN Gaming,Lenovo Legion 7i 82TD009KIN Gaming Laptop,intel core i9 12th gen,nvidia geforce rtx 3080 ti,32,1000,16.0,não identificado,gamer,lenovo_lenovolegion7i82td009kingaming_intelcorei912thgen_32
Dell,Dell G15-5520 Gaming,Dell G15-5520 Gaming Laptop,intel core i5 12th gen,nvidia geforce rtx 3050,8,512,15.6,não identificado,gamer,dell_dellg15-5520gaming_intelcorei512thgen_8
HP,HP Victus 15-fa0031dx Gaming,HP Victus 15-fa0031dx Gaming Laptop,intel core i5 12th gen,nvidia geforce gtx 1650,8,512,15.6,não identificado,gamer,hp_hpvictus15-fa0031dxgaming_intelcorei512thgen_8
MSI,MSI Katana GF66 12UC-632IN Gaming,MSI Katana GF66 12UC-632IN Gaming Laptop,intel core i7 12th gen,nvidia geforce rtx 3050,8,512,15.6,não identificado,gamer,msi_msikatanagf6612uc-632ingaming_intelcorei712thgen_8
Asus,Asus ROG Strix G15 G513IE-HN088WS Gaming,Asus ROG Strix G15 G513IE-HN088WS Gaming Laptop,amd ryzen 7 4800h,nvidia geforce rtx 3050 ti,8,512,15.6,não identificado,gamer,asus_asusrogstrixg15g513ie-hn088wsg_amdryzen74800h_8
Lenovo,Lenovo Legion S7 82TF007LIN Gaming,Lenovo Legion S7 82TF007LIN Gaming Laptop,intel core i7 12th gen,nvidia geforce rtx 3050 ti,16,1000,16.0,não identificado,gamer,lenovo_lenovolegions782tf007lingaming_intelcorei712thgen_16
MSI,MSI Stealth GS66 12UGS-290IN Gaming,MSI Stealth GS66 12UGS-290IN Gaming Laptop,intel core i7 12th gen,nvidia geforce rtx 3070ti,32,1000,15.6,não identificado,gamer,msi_msistealthgs6612ugs-290ingamin_intelcorei712thgen_32
Gigabyte,Gigabyte G5 KE RC55KE,Gigabyte G5 KE RC55KE Laptop,intel core i5 12th gen,nvidia geforce rtx 3060,16,512,15.6,não identificado,gamer,gigabyte_gigabyteg5kerc55ke_intelcorei512thgen_16
Gigabyte,Gigabyte G5 ME RC55ME,Gigabyte G5 ME RC55ME Laptop,intel core i5 12th gen,nvidia geforce rtx 3050 ti,16,512,15.6,não identificado,gamer,gigabyte_gigabyteg5merc55me_intelcorei512thgen_16
Gigabyte,Gigabyte G5 GE RC55GE,Gigabyte G5 GE RC55GE Laptop,intel core i5 12th gen,nvidia geforce rtx 3050,8,512,15.6,não identificado,gamer,gigabyte_gigabyteg5gerc55ge_intelcorei512thgen_8
Asus,Asus TUF Gaming F15 FX506LHB-HN358W Gaming,Asus TUF Gaming F15 FX506LHB-HN358W Gaming Laptop,intel core i5 10th gen,nvidia geforce gtx 1650,8,512,15.6,não identificado,gamer,asus_asustufgamingf15fx506lhb-hn358_intelcorei510thgen_8
MSI,MSI Stealth 17M A12UE Gaming,MSI Stealth 17M A12UE Gaming Laptop,intel core i7 12th gen,nvidia geforce rtx 3060,16,1000,17.3,não identificado,gamer,msi_msistealth17ma12uegaming_intelcorei712thgen_16
Dell,Dell Alienware X17 R1 D569936,Dell Alienware X17 R1 D569936WIN9 Gaming Laptop,intel core i9 11th gen,nvidia geforce rtx 3080,32,1000,17.3,não identificado,gamer,dell_dellalienwarex17r1d569936_intelcorei911thgen_32
Lenovo,Lenovo Legion 5 Pro 82RF00E1IN Gaming,Lenovo Legion 5 Pro 82RF00E1IN Gaming Laptop,intel core i7 12th gen,nvidia geforce rtx 3070ti,32,1000,16.0,não identificado,gamer,lenovo_lenovolegion5pro82rf00e1ingami_intelcorei712thgen_32
Dell,Dell G15-5520 D560895,Dell G15-5520 D560895WIN9S Laptop,intel core i7 12th gen,nvidia geforce rtx 3060,16,512,15.6,não identificado,gamer,dell_dellg15-5520d560895_intelcorei712thgen_16
Dell,Dell G15-5525 Gaming,Dell G15-5525 Gaming Laptop,amd ryzen 9-6900hx,nvidia geforce rtx 3060,16,1000,15.6,não identificado,gamer,dell_dellg15-5525gaming_amdryzen9-6900hx_16
Dell,Dell G15-5525 D560894,Dell G15-5525 D560894WIN9S Gaming Laptop,amd ryzen 7 6800h,nvidia geforce rtx 3060,16,512,15.6,não identificado,gamer,dell_dellg15-5525d560894_amdryzen76800h_16
Dell,Dell G15-5525 D560898,Dell G15-5525 D560898WIN9S Gaming Laptop,amd ryzen 7 6800h,nvidia geforce rtx 3070 ti,16,1000,15.6,não identificado,gamer,dell_dellg15-5525d560898_amdryzen76800h_16
Dell,Dell G15-5521 D560899,Dell G15-5521 D560899WIN9S Gaming Laptop,intel core i9 12th gen,nvidia geforce rtx 3070 ti,16,1000,15.6,não identificado,gamer,dell_dellg15-5521d560899_intelcorei912thgen_16
Acer,Acer Aspire 5 A515-57 Gaming,Acer Aspire 5 A515-57 Gaming Laptop,intel core i3 12th gen,intel integrated,8,512,15.6,não identificado,gamer,acer_aceraspire5a515-57gaming_intelcorei312thgen_8
Dell,Dell Alienware M15 R6 Gaming,Dell Alienware M15 R6 Gaming Laptop,intel core i7 11th gen,nvidia geforce rtx 3060,16,512,15.6,não identificado,gamer,dell_dellalienwarem15r6gaming_intelcorei711thgen_16
Lenovo,Lenovo IdeaPad Gaming 3 82K101E1IN,Lenovo IdeaPad Gaming 3 82K101E1IN Laptop,intel core i5 11th gen,nvidia geforce gtx 1650,8,256,15.6,não identificado,gamer,lenovo_lenovoideapadgaming382k101e1in_intelcorei511thgen_8
AGB,AGB Octev VR-1818 Gaming,AGB Octev VR-1818 Gaming Laptop,intel core i7 11th gen,nvidia geforce mx450,32,1000,15.6,não identificado,gamer,agb_agboctevvr-1818gaming_intelcorei711thgen_32
MSI,MSI Creator Pro Z17 A12UMST-237IN Gaming,MSI Creator Pro Z17 A12UMST-237IN Gaming Laptop,intel core i7 12th gen,nvidia geforce rtx a5500,32,1000,16.0,não identificado,gamer,msi_msicreatorproz17a12umst-237ing_intelcorei712thgen_32
MSI,MSI Creator Z16P B12UKST-209IN Gaming,MSI Creator Z16P B12UKST-209IN Gaming Laptop,intel core i9 12th gen,nvidia geforce rtx a3000,64,2000,17.3,não identificado,gamer,msi_msicreatorz16pb12ukst-209ingam_intelcorei912thgen_64
MSI,MSI Creator Pro M16 A12UJS-601IN Gaming,MSI Creator Pro M16 A12UJS-601IN Gaming Laptop,intel core i7 12th gen,nvidia geforce rtx a2000,32,1000,16.0,não identificado,gamer,msi_msicreatorprom16a12ujs-601inga_intelcorei712thgen_32
HP,HP Omen 17-ck1023TX Gaming,HP Omen 17-ck1023TX Gaming Laptop,intel core i9 12th gen,nvidia geforce 3080ti,32,2000,16.1,não identificado,gamer,hp_hpomen17-ck1023txgaming_intelcorei912thgen_32
HP,HP Omen 16-k0370TX Gaming,HP Omen 16-k0370TX Gaming Laptop,intel core i7 12th gen,nvidia geforce 3070ti,16,1000,16.1,não identificado,gamer,hp_hpomen16-k0370txgaming_intelcorei712thgen_16
HP,HP Omen 16-k0360TX,HP Omen 16-k0360TX Laptop,intel core i7 12th gen,nvidia geforce rtx 3060,16,1000,16.1,não identificado,gamer,hp_hpomen16-k0360tx_intelcorei712thgen_16
Lenovo,Lenovo IdeaPad Gaming 3 82S900HNIN,Lenovo IdeaPad Gaming 3 82S900HNIN Laptop,intel core i5 12th gen,nvidia geforce rtx 3050,16,512,15.6,não identificado,gamer,lenovo_lenovoideapadgaming382s900hnin_intelcorei512thgen_16
Gigabyte,Gigabyte G5 RC45MD,Gigabyte G5 RC45MD Laptop,intel core i5 11th gen,nvidia geforce rtx 3050 ti,16,512,15.6,não identificado,gamer,gigabyte_gigabyteg5rc45md_intelcorei511thgen_16
Gigabyte,Gigabyte G5 RC45GD,Gigabyte G5 RC45GD Laptop,intel core i5 11th gen,nvidia geforce rtx 3050,16,512,15.6,não identificado,gamer,gigabyte_gigabyteg5rc45gd_intelcorei511thgen_16
Gigabyte,Gigabyte G5 RC45KD,Gigabyte G5 RC45KD Laptop,intel core i5 11th gen,nvidia geforce rtx 3060,16,512,15.6,não identificado,gamer,gigabyte_gigabyteg5rc45kd_intelcorei511thgen_16
MSI,MSI Katana GF66 11UE-249IN Gaming,MSI Katana GF66 11UE-249IN Gaming Laptop,intel core i7 11th gen,nvidia geforce rtx 3060,16,512,15.6,não identificado,gamer,msi_msikatanagf6611ue-249ingaming_intelcorei711thgen_16
Acer,Acer Predator Helios 300 PH315-55s Spatial Labs Edition Gaming,Acer Predator Helios 300 PH315-55s Spatial Labs Edition Gaming Laptop,intel core i9 12th gen,nvidia geforce rtx 3030,32,2000,15.6,não identificado,gamer,acer_acerpredatorhelios300ph315-55s_intelcorei912thgen_32
MSI,MSI GF63 Thin 10SC-848IN Gaming,MSI GF63 Thin 10SC-848IN Gaming Laptop,intel core i5 10th gen,nvidia geforce gtx 1650,8,512,15.6,não identificado,gamer,msi_msigf63thin10sc-848ingaming_intelcorei510thgen_8
HP,HP Omen 17-ck1022TX Gaming,HP Omen 17-ck1022TX Gaming Laptop,intel core i7 12th gen,nvidia geforce rtx 3070ti,32,1000,16.1,não identificado,gamer,hp_hpomen17-ck1022txgaming_intelcorei712thgen_32
HP,HP Envy 16-h0026tx,HP Envy 16-h0026tx Laptop,intel core i9 12th gen,nvidia geforce rtx 3060,32,1000,15.6,não identificado,gamer,hp_hpenvy16-h0026tx_intelcorei912thgen_32
HP,HP Envy 16-h0025tx,HP Envy 16-h0025tx Laptop,intel core i9 12th gen,nvidia geforce rtx 3060,16,1000,16.0,não identificado,gamer,hp_hpenvy16-h0025tx_intelcorei912thgen_16
Gigabyte,Gigabyte Aero 5 XE4 OLED,Gigabyte Aero 5 XE4 OLED Laptop,intel core i7 12th gen,nvidia geforce rtx 3070ti,16,1000,15.6,não identificado,gamer,gigabyte_gigabyteaero5xe4oled_intelcorei712thgen_16
MSI,MSI Creator M16 A11UC-669IN,MSI Creator M16 A11UC-669IN Laptop,intel core i7 11th gen,nvidia geforce rtx3050,16,512,16.0,não identificado,gamer,msi_msicreatorm16a11uc-669in_intelcorei711thgen_16
Asus,Asus ROG Flow X16 2022 GV601RM-M5053WS Gaming,Asus ROG Flow X16 2022 GV601RM-M5053WS Gaming Laptop,amd ryzen 7 6800hs,amd radeon radeon 680m,16,1000,16.0,2022,gamer,asus_asusrogflowx162022gv601rm-m505_amdryzen76800hs_16
Asus,Asus ROG Flow X16 2022 GV601RM-M5039WS Gaming,Asus ROG Flow X16 2022 GV601RM-M5039WS Gaming Laptop,amd ryzen 9 6900hs,amd radeon radeon 680m,16,1000,16.0,2022,gamer,asus_asusrogflowx162022gv601rm-m503_amdryzen96900hs_16
Lenovo,Lenovo Thinkpad T15P Gen 2 ‎21A7001LUS,Lenovo Thinkpad T15P Gen 2 ‎21A7001LUS Laptop,intel core i7 11th gen,nvidia geforce gtx 1650,16,512,14.0,não identificado,gamer,lenovo_lenovothinkpadt15pgen2‎21a7001_intelcorei711thgen_16
MSI,MSI Katana GF66 12UC-636IN Gaming,MSI Katana GF66 12UC-636IN Gaming Laptop,intel core i5 12th gen,nvidia geforce rtx 3050,8,512,15.6,não identificado,gamer,msi_msikatanagf6612uc-636ingaming_intelcorei512thgen_8
MSI,MSI Gaming Katana GF76 11UC-848IN,MSI Gaming Katana GF76 11UC-848IN Laptop,intel core i7 11th gen,nvidia rtx 3050,16,512,17.32,não identificado,gamer,msi_msigamingkatanagf7611uc-848in_intelcorei711thgen_16
MSI,MSI Gaming Katana GF76 11UD-849IN,MSI Gaming Katana GF76 11UD-849IN Laptop,intel core i7 11th gen,nvidia rtx 3050 ti,16,512,17.32,não identificado,gamer,msi_msigamingkatanagf7611ud-849in_intelcorei711thgen_16
MSI,MSI Katana GF66 12UE-1001IN Gaming,MSI Katana GF66 12UE-1001IN Gaming Laptop,intel core i5 12th gen,nvidia geforce rtx 3060,16,512,15.6,não identificado,gamer,msi_msikatanagf6612ue-1001ingaming_intelcorei512thgen_16
MSI,MSI Gaming Katana GF66 12UE-1002IN,MSI Gaming Katana GF66 12UE-1002IN Laptop,intel core i7 12th gen,nvidia geforce rtx 3060,16,1000,15.6,não identificado,gamer,msi_msigamingkatanagf6612ue-1002in_intelcorei712thgen_16
Asus,Asus TUF Gaming F15 FX566HCB-HN231T Gaming,Asus TUF Gaming F15 FX566HCB-HN231T Gaming Laptop,intel core i7 11th gen,‎nvidia geforce rtx 3050,8,1000,15.6,não identificado,gamer,asus_asustufgamingf15fx566hcb-hn231_intelcorei711thgen_8
AGB,AGB Octev GA-9009 Gaming,AGB Octev GA-9009 Gaming Laptop,intel core i7 11th gen,nvidia geforce mx450,16,1000,15.6,não identificado,gamer,agb_agboctevga-9009gaming_intelcorei711thgen_16
Gigabyte,Gigabyte Aorus 5 SE4 Gaming,Gigabyte Aorus 5 SE4 Gaming Laptop,intel core i7 12th gen,nvidia geforce rtx 3070,16,512,15.6,não identificado,gamer,gigabyte_gigabyteaorus5se4gaming_intelcorei712thgen_16
Lenovo,Lenovo 15ACH6 82JW00P5IN,Lenovo 15ACH6 82JW00P5IN Laptop,amd ryzen 5 5600h,nvidia geforce gtx 1650,16,512,15.6,não identificado,gamer,lenovo_lenovo15ach682jw00p5in_amdryzen55600h_16
Gigabyte,Gigabyte Aero 5 KE4 OLED,Gigabyte Aero 5 KE4 OLED Laptop,intel core i7 12th gen,nvidia geforce rtx 3060,16,1000,15.6,não identificado,gamer,gigabyte_gigabyteaero5ke4oled_intelcorei712thgen_16
MSI,MSI Crosshair 15 B12UGZ-1012IN Gaming,MSI Crosshair 15 B12UGZ-1012IN Gaming Laptop,intel core i7 12th gen,nvidia geforce rtx 3070,16,1000,15.6,não identificado,gamer,msi_msicrosshair15b12ugz-1012ingam_intelcorei712thgen_16
MSI,MSI Crosshair 15 B12UEZ-897IN Gaming,MSI Crosshair 15 B12UEZ-897IN Gaming Laptop,intel core i7 12th gen,nvidia geforce rtx 3060,16,512,15.6,não identificado,gamer,msi_msicrosshair15b12uez-897ingami_intelcorei712thgen_16
MSI,MSI Raider GE77HX 12UHS-205IN Gaming,MSI Raider GE77HX 12UHS-205IN Gaming Laptop,intel core i9 12th gen,nvidia geforce rtx 3080 ti,32,2000,17.3,não identificado,gamer,msi_msiraiderge77hx12uhs-205ingami_intelcorei912thgen_32
MSI,MSI Vector GP76 12UGSO-868IN Gaming,MSI Vector GP76 12UGSO-868IN Gaming Laptop,intel core i7 12th gen,nvidia geforce rtx 3070 ti,16,1000,17.3,não identificado,gamer,msi_msivectorgp7612ugso-868ingamin_intelcorei712thgen_16
MSI,MSI Creator M16 A12UD-633IN,MSI Creator M16 A12UD-633IN Laptop,intel core i7 12th gen,nvidia geforce rtx 3050 ti,16,512,16.0,não identificado,gamer,msi_msicreatorm16a12ud-633in_intelcorei712thgen_16
MSI,MSI Creator Pro M16 A12UIS-634IN Gaming,MSI Creator Pro M16 A12UIS-634IN Gaming Laptop,intel core i7 12th gen,nvidia geforce rtx a1000,16,1000,16.0,não identificado,gamer,msi_msicreatorprom16a12uis-634inga_intelcorei712thgen_16
MSI,MSI Thin GF63 11SC-1046IN Gaming,MSI Thin GF63 11SC-1046IN Gaming Laptop,intel core i5 11th gen,nvidia geforce gtx 1650 max-q,8,512,15.6,não identificado,gamer,msi_msithingf6311sc-1046ingaming_intelcorei511thgen_8
Asus,Asus ROG Strix Scar 17 SE G733CX-LL012WS Gaming,Asus ROG Strix Scar 17 SE G733CX-LL012WS Gaming Laptop,intel core i9 12th gen,nvidia geforce rtx 3080ti,32,4000,17.3,não identificado,gamer,asus_asusrogstrixscar17seg733cx-ll0_intelcorei912thgen_32
MSI,MSI Gaming Katana GF66 12UE-262IN,MSI Gaming Katana GF66 12UE-262IN Laptop,intel core i7 12th gen,nvidia geforce rtx 3060,16,1000,15.6,não identificado,gamer,msi_msigamingkatanagf6612ue-262in_intelcorei712thgen_16
Asus,Asus ROG Strix Scar 15 G533ZXZ-LN116WS Gaming,Asus ROG Strix Scar 15 G533ZXZ-LN116WS Gaming Laptop,intel core i9 12th gen,nvidia geforce rtx 3080 ti,32,1000,15.6,não identificado,gamer,asus_asusrogstrixscar15g533zxz-ln11_intelcorei912thgen_32
MSI,MSI Katana GF76 11UE-485IN,MSI Katana GF76 11UE-485IN Laptop,intel core i7 11th gen,nvidia rtx 3060,16,512,17.32,não identificado,gamer,msi_msikatanagf7611ue-485in_intelcorei711thgen_16
Asus,Asus VivoBook Pro 15 OLED K6500ZC-L502WS,Asus VivoBook Pro 15 OLED K6500ZC-L502WS Laptop,intel core i5 12th gen,nvidia geforce rtx 3050,16,512,15.6,não identificado,gamer,asus_asusvivobookpro15oledk6500zc-l_intelcorei512thgen_16
Lenovo,Lenovo Legion 5 15ACH6 82JU018YIN Gaming,Lenovo Legion 5 15ACH6 82JU018YIN Gaming Laptop,amd ryzen 7 5800h,nvidia geforce rtx 3060,16,512,15.6,não identificado,gamer,lenovo_lenovolegion515ach682ju018ying_amdryzen75800h_16
Asus,Asus VivoBook Pro 15 OLED K6500ZE-L501WS,Asus VivoBook Pro 15 OLED K6500ZE-L501WS Laptop,intel core i5 12th gen,nvidia geforce rtx 3050ti,16,512,15.6,não identificado,gamer,asus_asusvivobookpro15oledk6500ze-l_intelcorei512thgen_16
Dell,Dell G15-5521 SE D560738,Dell G15-5521 SE D560738WIN9B Laptop,intel core i7 12th gen,nvidia geforce rtx 3060,16,1000,15.6,não identificado,gamer,dell_dellg15-5521sed560738_intelcorei712thgen_16
Gigabyte,Gigabyte Aorus 15 XE5 Gaming,Gigabyte Aorus 15 XE5 Gaming Laptop,intel core i7 12th gen,nvidia geforce rtx 3070ti,16,1000,15.6,não identificado,gamer,gigabyte_gigabyteaorus15xe5gaming_intelcorei712thgen_16
Gigabyte,Gigabyte Aorus 15 XE4 Gaming,Gigabyte Aorus 15 XE4 Gaming Laptop,intel core i7 12th gen,nvidia geforce rtx 3070ti,16,1000,15.6,não identificado,gamer,gigabyte_gigabyteaorus15xe4gaming_intelcorei712thgen_16
HP,HP Victus 15-fb0053AX Gaming,HP Victus 15-fb0053AX Gaming Laptop,amd ryzen 7-5800h,nvidia geforce rtx 3050,16,512,16.1,não identificado,gamer,hp_hpvictus15-fb0053axgaming_amdryzen7-5800h_16
Acer,Acer Nitro AN515-57 Gaming,Acer Nitro AN515-57 Gaming Laptop,intel core i7 11th gen,nvidia geforce rtx 3050 ti,16,512,15.6,não identificado,gamer,acer_acernitroan515-57gaming_intelcorei711thgen_16
Acer,Acer Nitro 5 AN515-58 Gaming,Acer Nitro 5 AN515-58 Gaming Laptop,intel core i5 12th gen,nvidia geforce rtx 3050,16,512,15.6,não identificado,gamer,acer_acernitro5an515-58gaming_intelcorei512thgen_16
Asus,Asus ProArt StudioBook Pro 16 H7600ZM-L901WS,Asus ProArt StudioBook Pro 16 H7600ZM-L901WS Laptop,intel core i9 12th gen,nvidia geforce rtx 3060,16,1000,16.0,não identificado,gamer,asus_asusproartstudiobookpro16h7600_intelcorei912thgen_16
Asus,Asus ProArt StudioBook Pro 16 H7600ZW-L711WS,Asus ProArt StudioBook Pro 16 H7600ZW-L711WS Laptop,intel core i7 12th gen,nvidia geforce rtx 3070 ti,32,1000,16.0,não identificado,gamer,asus_asusproartstudiobookpro16h7600_intelcorei712thgen_32
MSI,MSI Stealth GS77 12UGS Gaming,MSI Stealth GS77 12UGS Gaming Laptop,intel core i7 12th gen,nvidia geforce rtx 3070ti,32,2000,17.3,não identificado,gamer,msi_msistealthgs7712ugsgaming_intelcorei712thgen_32
Asus,Asus ProArt StudioBook Pro 16 OLED H7600ZW-L911W,Asus ProArt StudioBook Pro 16 OLED H7600ZW-L911W Laptop,intel core i9 12th gen,nvidia geforce rtx 3070,32,1000,16.0,não identificado,gamer,asus_asusproartstudiobookpro16oledh_intelcorei912thgen_32
Gigabyte,Gigabyte Aorus 5 KE4 Gaming,Gigabyte Aorus 5 KE4 Gaming Laptop,intel core i7 12th gen,nvidia geforce rtx 3060,16,1000,15.6,não identificado,gamer,gigabyte_gigabyteaorus5ke4gaming_intelcorei712thgen_16
MSI,MSI Vector GP66 12UGSO-623IN Gaming,MSI Vector GP66 12UGSO-623IN Gaming Laptop,intel core i7 12th gen,nvidia geforce rtx 3070ti,16,1000,15.6,não identificado,gamer,msi_msivectorgp6612ugso-623ingamin_intelcorei712thgen_16
MSI,MSI Vector GP66 GP76-12UGSO Gaming,MSI Vector GP66 GP76-12UGSO Gaming Laptop,intel core i7 12th gen,nvidia geforce rtx 3070ti,16,1000,17.3,não identificado,gamer,msi_msivectorgp66gp76-12ugsogaming_intelcorei712thgen_16
Asus,Asus ZenBook Pro Duo 14 OLED UX8402ZE-LM921WS,Asus ZenBook Pro Duo 14 OLED UX8402ZE-LM921WS Laptop,intel core i9 12th gen,nvidia geforce rtx 3050 ti,32,1000,14.5,não identificado,gamer,asus_asuszenbookproduo14oledux8402z_intelcorei912thgen_32
Dell,Dell Alienware x15 R2 D569941,Dell Alienware x15 R2 D569941WIN9 Gaming Laptop,intel core i7 12th gen,nvidia geforce rtx 3070 ti,32,1000,15.6,não identificado,gamer,dell_dellalienwarex15r2d569941_intelcorei712thgen_32
HP,HP Victus 15-fa0353TX,HP Victus 15-fa0353TX Laptop,intel core i7 12th gen,nvidia geforce rtx 3050,16,512,15.6,não identificado,gamer,hp_hpvictus15-fa0353tx_intelcorei712thgen_16
Acer,Acer Nitro 5 AN515-58,Acer Nitro 5 AN515-58 Laptop,intel core i7 12th gen,nvidia geforce rtx 3060,16,1000,15.6,não identificado,gamer,acer_acernitro5an515-58_intelcorei712thgen_16
Dell,Dell Alienware X17 R2 D569943,Dell Alienware X17 R2 D569943WIN9 Gaming Laptop,intel core i7 12th gen,nvidia geforce rtx 3070 ti,32,1000,17.3,não identificado,gamer,dell_dellalienwarex17r2d569943_intelcorei712thgen_32
Asus,Asus ROG Strix G15 G513RM-HF328WS Gaming,Asus ROG Strix G15 G513RM-HF328WS Gaming Laptop,amd ryzen 7 6800h,nvidia geforce rtx 3060,16,1000,15.6,não identificado,gamer,asus_asusrogstrixg15g513rm-hf328wsg_amdryzen76800h_16
HP,HP Victus 15-fa0351TX,HP Victus 15-fa0351TX Laptop,intel core i7 12th gen,nvidia geforce rtx 3050,8,512,15.6,não identificado,gamer,hp_hpvictus15-fa0351tx_intelcorei712thgen_8
Asus,Asus ROG Zephyrus M16 GU603ZM-K8034WS,Asus ROG Zephyrus M16 GU603ZM-K8034WS Laptop,intel core i7 12th gen,‎nvidia geforce rtx 3060,16,512,16.0,não identificado,gamer,asus_asusrogzephyrusm16gu603zm-k803_intelcorei712thgen_16
Asus,Asus TUF Gaming F15 FX506HC-HN119W Gaming,Asus TUF Gaming F15 FX506HC-HN119W Gaming Laptop,intel core i5 11th gen,nvidia geforce rtx 3050,8,1000,15.6,não identificado,gamer,asus_asustufgamingf15fx506hc-hn119w_intelcorei511thgen_8
Asus,Asus ROG Strix G15 G513QR-HF302WS Gaming,Asus ROG Strix G15 G513QR-HF302WS Gaming Laptop,amd ryzen 7 5800h,nvidia geforce rtx 3070,16,1000,15.6,não identificado,gamer,asus_asusrogstrixg15g513qr-hf302wsg_amdryzen75800h_16
Lenovo,Lenovo Ideapad Gaming 3 82K201UMIN,Lenovo Ideapad Gaming 3 82K201UMIN Laptop,amd ryzen 7 5800h,nvidia geforce rtx 3050,16,512,15.6,não identificado,gamer,lenovo_lenovoideapadgaming382k201umin_amdryzen75800h_16
Asus,Asus Vivobook Pro 15 M3500QC-L901WS Gaming,Asus Vivobook Pro 15 M3500QC-L901WS Gaming Laptop,amd ryzen 9 5900hx,nvidia geforce rtx rtx 3050,16,1000,15.6,não identificado,gamer,asus_asusvivobookpro15m3500qc-l901w_amdryzen95900hx_16
Lenovo,Lenovo IdeaPad Gaming 3 82K101A4IN,Lenovo IdeaPad Gaming 3 82K101A4IN Laptop,intel core i5 11th gen,nvidia geforce gtx 1650,8,512,15.6,não identificado,gamer,lenovo_lenovoideapadgaming382k101a4in_intelcorei511thgen_8
Lenovo,Lenovo IdeaPad Gaming 3 82K1019AIN,Lenovo IdeaPad Gaming 3 82K1019AIN Laptop,intel core i5 11th gen,nvidia geforce rtx 3050,8,256,15.6,não identificado,gamer,lenovo_lenovoideapadgaming382k1019ain_intelcorei511thgen_8
HP,HP Victus 15-fa0073TX,HP Victus 15-fa0073TX Laptop,intel core i7 12th gen,nvidia geforce rtx 3050,8,512,15.6,não identificado,gamer,hp_hpvictus15-fa0073tx_intelcorei712thgen_8
Lenovo,Lenovo IdeaPad Gaming 3 15ACH6 82K201UXIN,Lenovo IdeaPad Gaming 3 15ACH6 82K201UXIN Laptop,amd ryzen 7 5800h,nvidia geforce rtx 3060,16,512,15.6,não identificado,gamer,lenovo_lenovoideapadgaming315ach682k2_amdryzen75800h_16
Asus,Asus TUF Gaming F15 FX506HC-HN362WS Gaming,Asus TUF Gaming F15 FX506HC-HN362WS Gaming Laptop,intel core i5 11th gen,nvidia geforce rtx 3050,16,512,15.6,não identificado,gamer,asus_asustufgamingf15fx506hc-hn362w_intelcorei511thgen_16
Acer,Acer Aspire 7 A715-5G UN.QGBSI.002 Gaming,Acer Aspire 7 A715-5G UN.QGBSI.002 Gaming Laptop,intel core i5 12th gen,nvidia geforce gtx 1650,16,512,15.6,não identificado,gamer,acer_aceraspire7a715-5gun.qgbsi.002_intelcorei512thgen_16
Asus,Asus TUF Gaming F15 FX506LHB-HN357W Gaming,Asus TUF Gaming F15 FX506LHB-HN357W Gaming Laptop,intel core i5 10th gen,nvidia geforce gtx gtx-1650,8,1000,15.6,não identificado,gamer,asus_asustufgamingf15fx506lhb-hn357_intelcorei510thgen_8
Asus,Asus ROG Flow X16 2022 GV601RE-M6012WS Gaming,Asus ROG Flow X16 2022 GV601RE-M6012WS Gaming Laptop,amd ryzen 7 6800hs,nvidia geforce rtx 3050 ti,16,1000,16.0,2022,gamer,asus_asusrogflowx162022gv601re-m601_amdryzen76800hs_16
Asus,Asus ROG Flow X16 2022 GV601RM-M6054WS Gaming,Asus ROG Flow X16 2022 GV601RM-M6054WS Gaming Laptop,amd ryzen 7 6800hs,nvidia geforce rtx 3060,16,1000,16.0,2022,gamer,asus_asusrogflowx162022gv601rm-m605_amdryzen76800hs_16
Asus,Asus TUF Gaming A17 FA706IC-HX036W,Asus TUF Gaming A17 FA706IC-HX036W Laptop,amd ryzen 7 4800h,nvidia geforce rtx rtx 3050,8,512,17.3,não identificado,gamer,asus_asustufgaminga17fa706ic-hx036w_amdryzen74800h_8
Lenovo,Lenovo Legion 5 Pro 82JD005LIN Gaming,Lenovo Legion 5 Pro 82JD005LIN Gaming Laptop,intel core i7 11th gen,nvidia geforce rtx 3070,32,1000,16.0,não identificado,gamer,lenovo_lenovolegion5pro82jd005lingami_intelcorei711thgen_32
MSI,MSI GF75 Thin 10SC-611IN,MSI GF75 Thin 10SC-611IN Laptop,intel core i5 10th gen,nvidia gtx1650 maxq,8,256,15.6,não identificado,gamer,msi_msigf75thin10sc-611in_intelcorei510thgen_8
Lenovo,Lenovo IdeaPad Gaming 3 82K101EEIN,Lenovo IdeaPad Gaming 3 82K101EEIN Laptop,intel core i5 11th gen,nvidia geforce rtx 3050,8,512,15.6,não identificado,gamer,lenovo_lenovoideapadgaming382k101eein_intelcorei511thgen_8
HP,HP Victus 15-fb0051AX Gaming,HP Victus 15-fb0051AX Gaming Laptop,amd ryzen 5-5600h,nvidia geforce rtx 3050 ti,8,512,15.6,não identificado,gamer,hp_hpvictus15-fb0051axgaming_amdryzen5-5600h_8
Dell,Dell XPS 15 9520,Dell XPS 15 9520 Laptop,intel core i7 12th gen,nvidia geforce rtx 3050 ti,16,512,15.6,não identificado,gamer,dell_dellxps159520_intelcorei712thgen_16
Asus,Asus TUF Gaming A17 FA706IC-HX055W,Asus TUF Gaming A17 FA706IC-HX055W Laptop,amd ryzen 7 4800h,nvidia geforce rtx 3050,8,1000,17.3,não identificado,gamer,asus_asustufgaminga17fa706ic-hx055w_amdryzen74800h_8
HP,HP Victus 16-E0301Ax Gaming,HP Victus 16-E0301Ax Gaming Laptop,amd ryzen 5 5600h,nvidia geforce gtx 1650,8,512,16.1,não identificado,gamer,hp_hpvictus16-e0301axgaming_amdryzen55600h_8
Asus,Asus TUF Gaming F15 FX506HC-HN089WS Gaming,Asus TUF Gaming F15 FX506HC-HN089WS Gaming Laptop,intel core i5 11th gen,nvidia geforce rtx 3050,8,512,15.6,não identificado,gamer,asus_asustufgamingf15fx506hc-hn089w_intelcorei511thgen_8
MSI,MSI Stealth 15M B12UE Gaming,MSI Stealth 15M B12UE Gaming Laptop,intel core i7 12th gen,nvidia geforce rtx 3060,16,1000,15.6,não identificado,gamer,msi_msistealth15mb12uegaming_intelcorei712thgen_16
Asus,Asus TUF Gaming A15 FA506ICB-HN075W,Asus TUF Gaming A15 FA506ICB-HN075W Laptop,amd ryzen 7 4800h,nvidia geforce rtx3050,16,512,15.6,não identificado,gamer,asus_asustufgaminga15fa506icb-hn075_amdryzen74800h_16
Dell,Dell G15-5525 Gaming,Dell G15-5525 Gaming Laptop,amd ryzen 7 6800h,nvidia geforce rtx 3060,16,512,15.6,não identificado,gamer,dell_dellg15-5525gaming_amdryzen76800h_16
Dell,Dell G15-5525 Gaming,Dell G15-5525 Gaming Laptop,amd ryzen 5 6600h,nvidia geforce rtx 3050,8,512,15.6,não identificado,gamer,dell_dellg15-5525gaming_amdryzen56600h_8
MSI,MSI Crosshair 15 B12UEZ-037IN Gaming,MSI Crosshair 15 B12UEZ-037IN Gaming Laptop,intel core i7 12th gen,nvidia geforce rtx 3060,16,1000,15.6,não identificado,gamer,msi_msicrosshair15b12uez-037ingami_intelcorei712thgen_16
MSI,MSI Gaming Raider GE66 12UHS-218IN Gaming,MSI Gaming Raider GE66 12UHS-218IN Gaming Laptop,intel core i7 12th gen,nvidia geforce rtx rtx 3080 ti,32,2000,17.3,não identificado,gamer,msi_msigamingraiderge6612uhs-218in_intelcorei712thgen_32
Dell,Dell G15-5525,Dell  G15-5525 Laptop,amd ryzen 7 6800h,nvidia geforce rtx 3050 ti,16,512,15.6,não identificado,gamer,dell_dellg15-5525_amdryzen76800h_16
Dell,Dell G15-5525 Gaming,Dell G15-5525 Gaming Laptop,amd ryzen 5 6600h,nvidia geforce rtx 3050,16,512,15.6,não identificado,gamer,dell_dellg15-5525gaming_amdryzen56600h_16
MSI,MSI GP66 Leopard 11UG-693IN Gaming,MSI GP66 Leopard 11UG-693IN Gaming Laptop,intel core i7 11th gen,nvidia geforce rtx 3070,16,1000,15.6,não identificado,gamer,msi_msigp66leopard11ug-693ingaming_intelcorei711thgen_16
MSI,MSI Sword 15 A12UD-471IN Gaming,MSI Sword 15 A12UD-471IN  Gaming Laptop,intel core i5 12th gen,nvidia geforce rtx 3050 ti,16,512,15.6,não identificado,gamer,msi_msisword15a12ud-471ingaming_intelcorei512thgen_16
MSI,MSI Katana GF66 12UD-472IN Gaming,MSI Katana GF66 12UD-472IN Gaming Laptop,intel core i5 12th gen,nvidia geforce rtx 3050 ti,16,512,15.6,não identificado,gamer,msi_msikatanagf6612ud-472ingaming_intelcorei512thgen_16
Lenovo,Lenovo Thinkpad P15v 21AAS0R500,Lenovo Thinkpad P15v 21AAS0R500 Laptop,intel core i9 11th gen,nvidia rtx a2000,32,1000,15.6,não identificado,gamer,lenovo_lenovothinkpadp15v21aas0r500_intelcorei911thgen_32
Acer,Acer Nitro 5 AN515-57 UN.QEHSI.004,Acer Nitro 5 AN515-57 UN.QEHSI.004 Laptop,intel core i5 11th gen,nvidia geforce gtx 1650,8,256,15.6,não identificado,gamer,acer_acernitro5an515-57un.qehsi.004_intelcorei511thgen_8
Lenovo,Lenovo Legion 5 82JK00BEIN,Lenovo Legion 5 82JK00BEIN Laptop,intel core i7 11th gen,nvidia geforce rtx 3050,16,512,15.6,não identificado,gamer,lenovo_lenovolegion582jk00bein_intelcorei711thgen_16
Asus,Asus TUF Gaming F17 FX777ZE-HX052WS,Asus TUF Gaming F17 FX777ZE-HX052WS Laptop,intel core i7 12th gen,nvidia geforce rtx 3050,16,1000,17.3,não identificado,gamer,asus_asustufgamingf17fx777ze-hx052w_intelcorei712thgen_16
Asus,Asus TUF Dash F15 2022 FX517ZE-HN036WS Gaming,Asus TUF Dash F15 2022 FX517ZE-HN036WS Gaming Laptop,intel core i7 12th gen,nvidia geforce rtx 3050-ti,16,512,15.6,2022,gamer,asus_asustufdashf152022fx517ze-hn03_intelcorei712thgen_16
Lenovo,Lenovo IdeaPad Gaming 3 81Y401BHIN Gaming,Lenovo IdeaPad Gaming 3 81Y401BHIN Gaming Laptop,intel core i7 10th gen,nvidia geforce gtx 1650,8,512,15.6,não identificado,gamer,lenovo_lenovoideapadgaming381y401bhin_intelcorei710thgen_8
Asus,Asus ROG Flow Z13 2022 GZ301ZE-LC193WS Gaming,Asus ROG Flow Z13 2022 GZ301ZE-LC193WS Gaming Laptop,intel core i9 12th gen,nvidia geforce rtx 3050 ti,16,1000,13.4,2022,gamer,asus_asusrogflowz132022gz301ze-lc19_intelcorei912thgen_16
Asus,Asus ROG Flow Z13 2022 GZ301ZE-LD064WS Gaming,Asus ROG Flow Z13 2022 GZ301ZE-LD064WS Gaming Laptop,intel core i9 12th gen,nvidia geforce rtx 3050 ti,16,1000,13.4,2022,gamer,asus_asusrogflowz132022gz301ze-ld06_intelcorei912thgen_16
Asus,Asus ROG Flow Z13 2022 GZ301ZC-LD123WS Gaming,Asus ROG Flow Z13 2022 GZ301ZC-LD123WS Gaming Laptop,intel core i7 12th gen,nvidia geforce rtx 3050,16,512,13.4,2022,gamer,asus_asusrogflowz132022gz301zc-ld12_intelcorei712thgen_16
Asus,Asus ROG Flow Z13 2022 GZ301ZA-LD049WS Gaming,Asus ROG Flow Z13 2022 GZ301ZA-LD049WS Gaming Laptop,intel core i5 12th gen,intel iris x graphics,16,512,13.4,2022,gamer,asus_asusrogflowz132022gz301za-ld04_intelcorei512thgen_16
Asus,Asus TUF Dash F15 2022 FX517ZR-HQ030WS Gaming,Asus TUF Dash F15 2022 FX517ZR-HQ030WS Gaming Laptop,intel core i7 12th gen,nvidia geforce rtx 3070,16,1000,15.6,2022,gamer,asus_asustufdashf152022fx517zr-hq03_intelcorei712thgen_16
MSI,MSI GS76 Stealth 11UE-631IN 9S7-17M111-631 Gaming,MSI GS76 Stealth 11UE-631IN 9S7-17M111-631 Gaming Laptop,intel core i7 11th gen,nvidia geforce rtx 3060,16,1000,15.6,não identificado,gamer,msi_msigs76stealth11ue-631in9s7-17_intelcorei711thgen_16
Acer,Acer Predator Helios 300 PH315-55 NH.QGPS.003 Gaming,Acer Predator Helios 300 PH315-55 NH.QGPS.003 Gaming Laptop,intel core i7 12th gen,nvidia geforce rtx 3060,16,1000,15.6,não identificado,gamer,acer_acerpredatorhelios300ph315-55n_intelcorei712thgen_16
Lenovo,Lenovo Legion 5 15IMH6 82NL00APIN Gaming,Lenovo Legion 5 15IMH6 82NL00APIN Gaming Laptop,intel core i5 10th gen,nvidia geforce rtx 3050,8,512,15.6,não identificado,gamer,lenovo_lenovolegion515imh682nl00aping_intelcorei510thgen_8
Asus,Asus ROG Strix G15 Advantage Edition G513QY-HQ032WS Gaming,Asus ROG Strix G15 Advantage Edition G513QY-HQ032WS Gaming Laptop,amd ryzen 9 5900hx,amd radeon rx 6800m,16,1000,15.6,não identificado,gamer,asus_asusrogstrixg15advantageeditio_amdryzen95900hx_16
Asus,Asus TUF Gaming F15 FX507ZM-HF068WS,Asus TUF Gaming F15 FX507ZM-HF068WS Laptop,intel core i7 12th gen,nvidia geforce rtx 3060,16,1000,15.6,não identificado,gamer,asus_asustufgamingf15fx507zm-hf068w_intelcorei712thgen_16
Asus,Asus ZenBook Pro Duo 15 OLED 2021 UX582HM-H701WS,Asus ZenBook Pro Duo 15 OLED 2021 UX582HM-H701WS Laptop,intel core i7 11th gen,nvidia geforce rtx 3060,16,1000,15.6,2021,gamer,asus_asuszenbookproduo15oled2021ux5_intelcorei711thgen_16
Dell,Dell XPS 15 9520,Dell XPS 15 9520 Laptop,intel core i7 12th gen,nvidia geforce rtx 3050 ti,32,1000,15.6,não identificado,gamer,dell_dellxps159520_intelcorei712thgen_32
HP,HP Omen 16-B1371TX Gaming,HP Omen 16-B1371TX Gaming Laptop,intel core i7 12th gen,nvidia geforce rtx 3070ti,16,1000,16.1,não identificado,gamer,hp_hpomen16-b1371txgaming_intelcorei712thgen_16
Asus,Asus Strix G15 G513RM-HF274WS Gaming,Asus Strix G15 G513RM-HF274WS Gaming Laptop,amd ryzen 7 6800h,nvidia geforce rtx 3060,16,1000,15.6,não identificado,gamer,asus_asusstrixg15g513rm-hf274wsgami_amdryzen76800h_16
HP,HP Omen 16-b1350TX,HP Omen 16-b1350TX Laptop,intel core i7 12th gen,nvidia geforce rtx 3050,16,1000,16.1,não identificado,gamer,hp_hpomen16-b1350tx_intelcorei712thgen_16
Asus,Asus TUF Gaming A17 FA777RC-HX027WS,Asus TUF Gaming A17 FA777RC-HX027WS Laptop,amd ryzen 7 6800h,nvidia geforce rtx 3050,16,512,17.3,não identificado,gamer,asus_asustufgaminga17fa777rc-hx027w_amdryzen76800h_16
Asus,Asus TUF Gaming F17 FX777ZC-HX069W Gaming,Asus TUF Gaming F17 FX777ZC-HX069W Gaming Laptop,intel core i5 12th gen,nvidia geforce rtx 3050,16,512,17.3,não identificado,gamer,asus_asustufgamingf17fx777zc-hx069w_intelcorei512thgen_16
Asus,Asus TUF A17 FA766IC-HX005W Gaming,Asus TUF A17 FA766IC-HX005W Gaming Laptop,amd ryzen 7 4800h,nvidia geforce rtx 3050,16,512,17.3,não identificado,gamer,asus_asustufa17fa766ic-hx005wgaming_amdryzen74800h_16
MSI,MSI Thin GF63 11UC-850IN Gaming,MSI Thin GF63 11UC-850IN Gaming Laptop,intel core i7 11th gen,nvidia geforce rtx 3050,8,512,15.6,não identificado,gamer,msi_msithingf6311uc-850ingaming_intelcorei711thgen_8
MSI,MSI Sword 15 A12UC-467IN Gaming,MSI Sword 15 A12UC-467IN Gaming Laptop,intel core i5 12th gen,nvidia geforce rtx rtx3050,16,1000,15.6,não identificado,gamer,msi_msisword15a12uc-467ingaming_intelcorei512thgen_16
MSI,MSI Thin GF63 11UC-851IN Gaming,MSI Thin GF63 11UC-851IN Gaming Laptop,intel core i5 11th gen,nvidia geforce rtx 3050,8,512,15.6,não identificado,gamer,msi_msithingf6311uc-851ingaming_intelcorei511thgen_8
Lenovo,Lenovo IdeaPad Gaming 3 15IHU6 82K101A3IN,Lenovo IdeaPad Gaming 3 15IHU6 82K101A3IN Laptop,intel core i5 11th gen,nvidia geforce rtx 3050 graphics,16,512,15.6,não identificado,gamer,lenovo_lenovoideapadgaming315ihu682k1_intelcorei511thgen_16
HP,HP Victus 16-d0354TX,HP Victus 16-d0354TX Laptop,intel core i5 11th gen,nvidia geforce rtx 3050,8,512,16.1,não identificado,gamer,hp_hpvictus16-d0354tx_intelcorei511thgen_8
Asus,Asus TUF Gaming A15 FA506IC-HN100W,Asus TUF Gaming A15 FA506IC-HN100W Laptop,amd ryzen 7 4800h,nvidia geforce rtx3050,8,1000,15.6,não identificado,gamer,asus_asustufgaminga15fa506ic-hn100w_amdryzen74800h_8
Asus,Asus TUF Gaming F15 FX577ZE-HN072WS,Asus TUF Gaming F15 FX577ZE-HN072WS Laptop,intel core i7 12th gen,‎nvidia geforce rtx 3050 ti,16,1000,15.6,não identificado,gamer,asus_asustufgamingf15fx577ze-hn072w_intelcorei712thgen_16
HP,HP Victus 16-d0361TX,HP Victus 16-d0361TX Laptop,intel core i7 11th gen,nvidia geforce rtx rtx 3060,16,512,16.1,não identificado,gamer,hp_hpvictus16-d0361tx_intelcorei711thgen_16
Acer,Acer Predator Helios 300 NH.QC2SI.00B,Acer Predator Helios 300 NH.QC2SI.00B Laptop,intel core i9 11th gen,nvidia geforce rtx 3060,16,1000,15.6,não identificado,gamer,acer_acerpredatorhelios300nh.qc2si._intelcorei911thgen_16
HP,HP Pavilion Gaming 15-DK1520TX,HP Pavilion Gaming 15-DK1520TX Laptop,intel core i5 10th gen,nvidia geforce gtx 1650,8,512,15.6,não identificado,gamer,hp_hppaviliongaming15-dk1520tx_intelcorei510thgen_8
Lenovo,Lenovo IdeaPad Gaming 3 82K10199IN,Lenovo IdeaPad Gaming 3 82K10199IN Laptop,intel core i5 11th gen,nvidia geforce rtx 3050,8,512,15.6,não identificado,gamer,lenovo_lenovoideapadgaming382k10199in_intelcorei511thgen_8
Asus,Asus Strix G15 G513RM-HF272WS Gaming,Asus Strix G15 G513RM-HF272WS Gaming Laptop,amd ryzen 7 6800h,nvidia geforce rtx 3060,16,1000,15.6,não identificado,gamer,asus_asusstrixg15g513rm-hf272wsgami_amdryzen76800h_16
Dell,Dell G15-5520 D560737,Dell G15-5520 D560737WIN9B Laptop,intel core i7 12th gen,nvidia geforce rtx 3060,16,512,15.6,não identificado,gamer,dell_dellg15-5520d560737_intelcorei712thgen_16
Lenovo,Lenovo IdeaPad Gaming 3 81Y401ARIN Gaming,Lenovo IdeaPad Gaming 3 81Y401ARIN Gaming Laptop,intel core i5 10th gen,nvidia geforce gtx 1650,8,512,15.6,não identificado,gamer,lenovo_lenovoideapadgaming381y401arin_intelcorei510thgen_8
Dell,Dell Inspiron G15 D560826,Dell Inspiron G15 D560826WIN9G Laptop,intel core i5 11th gen,nvidia geforce rtx 3050,16,512,15.6,não identificado,gamer,dell_dellinspirong15d560826_intelcorei511thgen_16
Dell,Dell Inspiron G15 D560827,Dell Inspiron G15 D560827WIN9G Laptop,intel core i5 11th gen,nvidia geforce rtx 3050,8,512,15.6,não identificado,gamer,dell_dellinspirong15d560827_intelcorei511thgen_8
Asus,Asus TUF Gaming A15 FA506IC-HN075W,Asus TUF Gaming A15 FA506IC-HN075W Laptop,amd ryzen 7 4800h,nvidia geforce rtx3050,16,512,15.6,não identificado,gamer,asus_asustufgaminga15fa506ic-hn075w_amdryzen74800h_16
HP,HP Victus 16-e0361ax Gaming,HP Victus 16-e0361ax Gaming Laptop,amd ryzen 7 5800h,nvidia geforce rtx 3060,16,512,16.1,não identificado,gamer,hp_hpvictus16-e0361axgaming_amdryzen75800h_16
Asus,Asus Vivobook Pro 14 OLED 2021 M3401QC-KM045WS,Asus Vivobook Pro 14 OLED 2021 M3401QC-KM045WS Laptop,amd ryzen 7-5800h,nvidia geforce rtx rtx 3050,16,512,14.0,2021,gamer,asus_asusvivobookpro14oled2021m3401_amdryzen7-5800h_16
Asus,Asus TUF A15 OLED FA507RM-HF030WS,Asus TUF A15 OLED FA507RM-HF030WS Laptop,amd ryzen 7 6800h,nvidia geforce rtx 3060,16,1000,15.6,não identificado,gamer,asus_asustufa15oledfa507rm-hf030ws_amdryzen76800h_16
Asus,Asus Strix G15 G513RM-HQ273WS Gaming,Asus Strix G15 G513RM-HQ273WS Gaming Laptop,amd ryzen 7 6800h,nvidia geforce rtx 3060,16,1000,15.6,não identificado,gamer,asus_asusstrixg15g513rm-hq273wsgami_amdryzen76800h_16
Asus,Asus ROG Strix Scar 17 G733ZW-LL139WS Gaming,Asus ROG Strix Scar 17 G733ZW-LL139WS Gaming Laptop,intel core i9 12th gen,nvidia geforce rtx 3070 ti,32,1000,17.3,não identificado,gamer,asus_asusrogstrixscar17g733zw-ll139_intelcorei912thgen_32
HP,Victus 15,Victus 15,ryzen 5,rtx 5050,16,512,15,não identificado,gamer,hp_victus15_ryzen5_16
ASUS,TUF Gaming A16,TUF Gaming A16,ryzen 7,rtx 5060,16,1024,não identificado,não identificado,gamer,asus_tufgaminga16_ryzen7_16
Acer,Nitro V 16,Nitro V 16,ryzen 7,rtx 5050,16,512,16,não identificado,gamer,acer_nitrov16_ryzen7_16
MSI,Cyborg 15,Cyborg 15,core i7-13th,rtx 4050,16,512,15,não identificado,gamer,msi_cyborg15_corei7-13th_16
ASUS,ROG Zephyrus G14,ROG Zephyrus G14,ryzen 9,rtx 5070,32,1024,não identificado,não identificado,gamer,asus_rogzephyrusg14_ryzen9_32
Lenovo,LOQ 15,LOQ 15,core i5-13th,rtx 4050,12,512,15,não identificado,gamer,lenovo_loq15_corei5-13th_12
Lenovo,Legion Slim 5,Legion Slim 5,ryzen 7,rtx 5060,16,1024,não identificado,não identificado,gamer,lenovo_legionslim5_ryzen7_16
Gigabyte,G5,G5,core i5-12th,rtx 4060,16,512,não identificado,não identificado,gamer,gigabyte_g5_corei5-12th_16
ASUS,ProArt P16,ProArt P16,ryzen ai 9,rtx 5080,64,2048,não identificado,não identificado,gamer,asus_proartp16_ryzenai9_64
não identificado,MSI Stealth GS77 12UHS-226IN,MSI Stealth GS77 12UHS-226IN,12th gen core i9,não identificado,32?gb ddr5 ram,2?tb ssd,17.3?inches,não identificado,gamer,gen_msistealthgs7712uhs-226in_12thgencorei9_32?gbddr5ram
não identificado,Acer Predator Helios 500 Ph517-52,Acer Predator Helios 500 Ph517-52,11th gen intel core i9 11980hk,não identificado,64?gb ddr4 ram,2?tb ssd,17.3?inches,não identificado,gamer,gen_acerpredatorhelios500ph517-52_11thgenintelcorei911980hk_64?gbddr4ram
não identificado,MSI Stealth GS66 12UGS-290IN,MSI Stealth GS66 12UGS-290IN,12th gen intel core i7 12700h,não identificado,32?gb ddr5 ram,1?tb ssd,15.6?inches,não identificado,gamer,gen_msistealthgs6612ugs-290in_12thgenintelcorei712700h_32?gbddr5ram
não identificado,Asus ROG Zephyrus Duo 16,Asus ROG Zephyrus Duo 16,7th gen amd ryzen 9 7945hx,não identificado,32?gb ddr5 ram,2?tb ssd,16?inches,não identificado,gamer,gen_asusrogzephyrusduo16_7thgenamdryzen97945hx_32?gbddr5ram
não identificado,MSI Gaming Raider GE66 12UHS-218IN,MSI Gaming Raider GE66 12UHS-218IN,12th gen intel core i7 12700h,não identificado,32?gb ddr5 ram,2?tb ssd,17.3?inches,não identificado,gamer,gen_msigamingraiderge6612uhs-218in_12thgenintelcorei712700h_32?gbddr5ram
não identificado,Asus ROG Zephyrus Duo 16 2022,Asus ROG Zephyrus Duo 16 2022,6th gen amd ryzen 9 6900hx,não identificado,32?gb ddr5 ram,2?tb ssd,16?inches,2022,gamer,gen_asusrogzephyrusduo162022_6thgenamdryzen96900hx_32?gbddr5ram
não identificado,Dell Alienware X17 R2 D569943,Dell Alienware X17 R2 D569943WIN9,12th gen intel core i7 12700h,não identificado,32?gb lpddr5 ram,1?tb ssd,17.3?inches,não identificado,gamer,gen_dellalienwarex17r2d569943_12thgenintelcorei712700h_32?gblpddr5ram
não identificado,Lenovo Legion 5 Pro 82RF00E1IN,Lenovo Legion 5 Pro 82RF00E1IN,12th gen intel core i7 12700h,não identificado,32?gb ddr5 ram,1?tb ssd,16?inches,não identificado,gamer,gen_lenovolegion5pro82rf00e1in_12thgenintelcorei712700h_32?gbddr5ram
não identificado,Asus ROG Zephyrus Duo 16 2022 GX650RXZ-LO227WS,Asus ROG Zephyrus Duo 16 2022 GX650RXZ-LO227WS,6th gen amd ryzen 9 6900hx,não identificado,32?gb ddr5 ram,2?tb ssd,16?inches,2022,gamer,gen_asusrogzephyrusduo162022gx650r_6thgenamdryzen96900hx_32?gbddr5ram
não identificado,Asus ROG Flow X13 GV301QH-K5459TS,Asus ROG Flow X13 GV301QH-K5459TS,5th gen amd ryzen 9 5980hs,não identificado,32?gb lpddr4x ram,1?tb ssd,13.4?inches,não identificado,gamer,gen_asusrogflowx13gv301qh-k5459ts_5thgenamdryzen95980hs_32?gblpddr4xram
não identificado,Asus ROG Zephyrus G14 2023 GA402XV-N2034WS,Asus ROG Zephyrus G14 2023 GA402XV-N2034WS,7th gen amd ryzen 9 7940hs,não identificado,32?gb ddr5 ram,1?tb ssd,14?inches,2023,gamer,gen_asusrogzephyrusg142023ga402xv-_7thgenamdryzen97940hs_32?gbddr5ram
não identificado,Asus ROG Zephyrus G14 2023 GA402XZ-N2020WS,Asus ROG Zephyrus G14 2023 GA402XZ-N2020WS,7th gen amd ryzen 9 7940hs,não identificado,32?gb ddr5 ram,1?tb ssd,14?inches,2023,gamer,gen_asusrogzephyrusg142023ga402xz-_7thgenamdryzen97940hs_32?gbddr5ram
não identificado,Asus ROG Strix SCAR 16 2023 G634JY-NM054WS,Asus ROG Strix SCAR 16 2023 G634JY-NM054WS,13th gen intel core i9 13980hx,não identificado,32?gb ddr5 ram,1?tb ssd,16?inches,2023,gamer,gen_asusrogstrixscar162023g634jy-n_13thgenintelcorei913980hx_32?gbddr5ram
não identificado,Asus ROG Strix Scar 15 G533ZXZ-LN116WS,Asus ROG Strix Scar 15 G533ZXZ-LN116WS,12th gen intel core i9 12900h,não identificado,32?gb ddr5 ram,1?tb ssd,15.6?inches,não identificado,gamer,gen_asusrogstrixscar15g533zxz-ln11_12thgenintelcorei912900h_32?gbddr5ram
não identificado,Asus ROG Zephyrus G14 2022 GA402RK-L8148WS,Asus ROG Zephyrus G14 2022 GA402RK-L8148WS,6th gen amd ryzen 9 6900hs?,não identificado,32?gb ddr5 ram,1?tb ssd,14?inches,2022,gamer,gen_asusrogzephyrusg142022ga402rk-_6thgenamdryzen96900hs?_32?gbddr5ram
não identificado,Acer Predator Triton 500 SE PT516-52s NH.QFQSI.001,Acer Predator Triton 500 SE PT516-52s NH.QFQSI.001,12th gen intel core i7 12700h,não identificado,32?gb ddr5 ram,2?tb ssd,16?inches,não identificado,gamer,gen_acerpredatortriton500sept516-5_12thgenintelcorei712700h_32?gbddr5ram
não identificado,Asus ROG Zephyrus S15 GX502LXS-HF081T,Asus ROG Zephyrus S15 GX502LXS-HF081T,10th gen intel core i7 10875h,não identificado,32?gb ddr4 ram,1?tb ssd,15.6?inches,não identificado,gamer,gen_asusrogzephyruss15gx502lxs-hf0_10thgenintelcorei710875h_32?gbddr4ram
não identificado,Asus ROG Strix G17 2023 G713PU-LL060WS,Asus ROG Strix G17 2023 G713PU-LL060WS,7th gen amd ryzen 9 7845hx,não identificado,16?gb ddr5 ram,1?tb ssd,17.3?inches,2023,gamer,gen_asusrogstrixg172023g713pu-ll06_7thgenamdryzen97845hx_16?gbddr5ram
não identificado,Asus ROG Zephyrus G16 2023 GU603VV-N4044WS,Asus ROG Zephyrus G16 2023 GU603VV-N4044WS,13th gen intel core i9 13900h,não identificado,16?gb ddr4 ram,1?tb ssd,16?inches,2023,gamer,gen_asusrogzephyrusg162023gu603vv-_13thgenintelcorei913900h_16?gbddr4ram
não identificado,Asus ROG Strix Scar 17 2023 G733PZ-LL046WS,Asus ROG Strix Scar 17 2023 G733PZ-LL046WS,7th gen amd ryzen 9 7945hx,não identificado,16?gb ddr4 ram,1?tb ssd,17.3?inches,2023,gamer,gen_asusrogstrixscar172023g733pz-l_7thgenamdryzen97945hx_16?gbddr4ram
não identificado,MSI Raider GE77HX 12UHS-205IN,MSI Raider GE77HX 12UHS-205IN,12th gen intel core i9 12900hx,não identificado,32?gb ddr5 ram,2?tb ssd,17.3?inches,não identificado,gamer,gen_msiraiderge77hx12uhs-205in_12thgenintelcorei912900hx_32?gbddr5ram
não identificado,Razer Blade 15 Advanced Gaming,Razer Blade 15 Advanced Gaming Laptop,10th gen intel core i7-10875h,não identificado,32?gb ddr5 ram,2?tb ssd,15.6 inches,não identificado,gamer,gen_razerblade15advancedgaming_10thgenintelcorei7-10875h_32?gbddr5ram
não identificado,HP Victus 16-d0333TX,HP Victus 16-d0333TX,11th gen intel core i5 11400h,não identificado,16?gb ddr4 ram,512?gb ssd,16.1?inches,não identificado,gamer,gen_hpvictus16-d0333tx_11thgenintelcorei511400h_16?gbddr4ram
não identificado,HP Victus 15-fb0106AX,HP Victus 15-fb0106AX,5th gen amd ryzen 5 5600h,não identificado,16?gb ddr4 ram,512?gb ssd,15.6?inches,não identificado,gamer,gen_hpvictus15-fb0106ax_5thgenamdryzen55600h_16?gbddr4ram
não identificado,Asus TUF Gaming A15 FA506IHRZ-HN111W,Asus TUF Gaming A15 FA506IHRZ-HN111W,4th gen amd ryzen 5 4600h,não identificado,8?gb ddr4 ram,512?gb ssd,15.6?inches,não identificado,gamer,gen_asustufgaminga15fa506ihrz-hn11_4thgenamdryzen54600h_8?gbddr4ram
não identificado,HP Victus 15-fb0121AX,HP Victus 15-fb0121AX,5th gen amd ryzen 5 5600h,não identificado,8?gb ddr4 ram,512?gb ssd,15.6?inches,não identificado,gamer,gen_hpvictus15-fb0121ax_5thgenamdryzen55600h_8?gbddr4ram
não identificado,Lenovo IdeaPad Gaming 3 15IHU6 82K101B6IN,Lenovo IdeaPad Gaming 3 15IHU6 82K101B6IN,11th gen intel core i5 11320h,não identificado,8?gb ddr4 ram,512?gb ssd,15.6?inches,não identificado,gamer,gen_lenovoideapadgaming315ihu682k1_11thgenintelcorei511320h_8?gbddr4ram
não identificado,Asus TUF Gaming A15 2022 FA577RE-HN055WS,Asus TUF Gaming A15 2022 FA577RE-HN055WS,6th gen amd ryzen 7 6800h,não identificado,16?gb ddr5 ram,512?gb ssd,15.6?inches,2022,gamer,gen_asustufgaminga152022fa577re-hn_6thgenamdryzen76800h_16?gbddr5ram
não identificado,Asus ROG Flow Z13-ACRNM RMT02 GZ301VIC-MU004WS,Asus ROG Flow Z13-ACRNM RMT02 GZ301VIC-MU004WS,13th gen intel core i9 13900h,não identificado,32?gb lpddr5 ram,1?tb ssd,13.4?inches,não identificado,gamer,gen_asusrogflowz13-acrnmrmt02gz301_13thgenintelcorei913900h_32?gblpddr5ram
não identificado,HP Victus 16-d0302TX,HP Victus 16-d0302TX,11th gen intel core i5 11400h,não identificado,8?gb ddr4 ram,512?gb ssd,16.1?inches,não identificado,gamer,gen_hpvictus16-d0302tx_11thgenintelcorei511400h_8?gbddr4ram
não identificado,HP Victus 15-fa1066TX,HP Victus 15-fa1066TX,13th gen intel core i7 13700h,não identificado,16?gb ddr4 ram,512?gb ssd,15.6?inches,não identificado,gamer,gen_hpvictus15-fa1066tx_13thgenintelcorei713700h_16?gbddr4ram
não identificado,Lenovo Legion 5 82RB00K8IN,Lenovo Legion 5 82RB00K8IN,12th gen intel core i7 12700h,não identificado,16?gb ddr5 ram,512?gb ssd,15.6?inches,não identificado,gamer,gen_lenovolegion582rb00k8in_12thgenintelcorei712700h_16?gbddr5ram
