model_name,brand,cpu,cpu_cores,cpu_threads,ram,ssd_gb,hdd_gb,os,gpu,gpu_vram_gb,screen_size_in,resolution_w,resolution_h,resolution_type,spec_score,price_euro,cpu_tier,gpu_tier,ssd_present,norm_cpu,norm_gpu,norm_ram,norm_price
Lenovo V15 ITL G2 82KBA033IH Laptop,Lenovo,Intel Core i3 11th Gen,2,4,8,512,0,Windows,Intel Integrated UHD,,15.6,1920,1080,FHD,62,329.03,2.08,1.0,1,0.368141592920354,0.10869565217391305,0.125,0.9293305268583947
HP Pavilion 15-ec2004AX Gaming Laptop,HP,AMD Ryzen 5 5600H,6,12,8,512,0,Windows,NVIDIA GeForce GTX 1650,4.0,15.6,1920,1080,FHD,66,544.66,3.0,3.2,1,0.5309734513274336,0.3478260869565218,0.125,0.8830172469339977
Lenovo V15 82KBA03HIH Laptop,Lenovo,Intel Core i3 11th Gen,2,4,8,256,1000,Windows,Intel Integrated UHD,,15.6,1920,1080,FHD,66,344.34,2.08,1.0,1,0.368141592920354,0.10869565217391305,0.125,0.9260422259928263
Asus Vivobook 16X 2022 M1603QA-MB502WS Laptop,Asus,AMD Ryzen 5-5600H,6,12,8,512,0,Windows,AMD Radeon Vega 7,,16.0,1920,1200,FHD,66,475.2,3.0,1.8,1,0.5309734513274336,0.1956521739130435,0.125,0.897935952232651
HP 15s-fr4000TU Laptop,HP,Intel Core i5 11th Gen,4,8,8,512,0,Windows,Intel Integrated Iris Xe,,15.6,1920,1080,FHD,63,514.0,3.08,1.5,1,0.5451327433628318,0.16304347826086957,0.125,0.8896024399149466
Lenovo IdeaPad Gaming 3 82K101ECIN Laptop,Lenovo,Intel Core i5 11th Gen,4,8,8,256,1000,Windows,NVIDIA GeForce GTX 1650,4.0,15.6,1920,1080,FHD,73,549.99,3.08,3.2,1,0.5451327433628318,0.3478260869565218,0.125,0.8818724628965399
HP 15s-eq1559AU Laptop,HP,AMD Athlon Silver 3050U,2,2,8,512,0,Windows,AMD Radeon Graphics,,15.6,1366,768,HD,57,283.36,1.25,1.6,1,0.22123893805309733,0.1739130434782609,0.125,0.9391395863313216
Dell Inspiron 3520 Laptop,Dell,Intel Core i3 12th Gen,6,8,8,512,0,Windows,Intel UHD Graphics,,15.6,1920,1080,FHD,61,427.64,2.16,1.0,1,0.3823008849557522,0.10869565217391305,0.125,0.908150948259198
Dell Inspiron 3511 Laptop,Dell,Intel Core i3 11th Gen,2,4,8,512,0,Windows,Intel UHD Graphics,,15.56,1920,1080,FHD,59,376.36,2.08,1.0,1,0.368141592920354,0.10869565217391305,0.125,0.9191649305182672
Asus Vivobook Pro 15 OLED M6500QH-HN701WS Laptop,Asus,AMD Ryzen 7 5800H,8,16,16,512,0,Windows,NVIDIA GeForce GTX 1650,4.0,15.6,1920,1080,FHD,68,640.1,4.0,3.2,1,0.7079646017699115,0.3478260869565218,0.25,0.8625185248824072
Apple MacBook Air 2020 MGND3HN Laptop,Apple,Apple M1,8,0,8,256,0,Mac,Apple M1 Integrated Graphics,,13.3,2560,1600,QHD,47,813.83,4.0,1.5,1,0.7079646017699115,0.16304347826086957,0.125,0.8252045791361498
HP 15s-fq5007TU Laptop,HP,Intel Core i3 12th Gen,6,8,8,512,0,Windows,Intel UHD Graphics,,15.6,1920,1080,FHD,60,453.86,2.16,1.0,1,0.3823008849557522,0.10869565217391305,0.125,0.9025193840073884
HP 15s-fq5111TU Laptop,HP,Intel Core i5 12th Gen,10,12,8,512,0,Windows,Intel Iris Xe,,15.6,1920,1080,FHD,61,567.74,3.16,1.5,1,0.55929203539823,0.16304347826086957,0.125,0.8780600957924354
Dell Inspiron 3520 D560871WIN9B Laptop,Dell,Intel Core i5 12th Gen,10,12,8,512,0,Windows,Intel UHD Graphics,,15.6,1920,1080,FHD,55,555.06,3.16,1.0,1,0.55929203539823,0.10869565217391305,0.125,0.8807835219828605
Asus TUF Gaming A15 FA506IHRZ-HN111W Laptop,Asus,AMD Ryzen 5 4600H,6,12,8,512,0,Windows,NVIDIA GeForce GTX 1650,4.0,15.6,1920,1080,FHD,69,484.9,3.0,3.2,1,0.5309734513274336,0.3478260869565218,0.125,0.895852574153225
HP 15s-er1501AU Laptop,HP,AMD Ryzen 3 3250U,2,4,8,256,0,Windows,AMD Radeon,,15.6,1920,1080,FHD,57,276.35,2.0,1.5,1,0.35398230088495575,0.16304347826086957,0.125,0.9406452028608862
HP Victus 15-fb0040AX Gaming Laptop,HP,AMD Ryzen 5 5600H,6,12,8,512,0,Windows,NVIDIA GeForce GTX 1650,4.0,15.6,1920,1080,FHD,72,580.06,3.0,3.2,1,0.5309734513274336,0.3478260869565218,0.125,0.8754139908503189
Realme Book Slim Laptop,Realme,Intel Core i5 11th Gen,4,8,8,512,0,Windows,Intel Iris Xe Graphics,,14.0,2160,1440,FHD,61,484.9,3.08,1.5,1,0.5451327433628318,0.16304347826086957,0.125,0.895852574153225
Asus Vivobook 16X 2022 M1603QA-MB511WS Laptop,Asus,AMD Ryzen 5-5600H,6,12,16,512,0,Windows,AMD Radeon Vega 7 Graphics,,16.0,1920,1200,FHD,67,523.7,3.0,1.8,1,0.5309734513274336,0.1956521739130435,0.25,0.8875190618355205
Apple MacBook Air 2022 Laptop,Apple,Apple M2,8,0,8,256,0,Mac,8-Core GPU,,13.6,2560,1664,QHD,48,1047.5,4.25,3.0,1,0.7522123893805309,0.32608695652173914,0.125,0.7750166455465108
Asus VivoBook 14 X415JA-BV301WS Laptop,Asus,Intel Core i3 10th Gen,2,4,8,0,1000,Windows,Intel UHD Graphics,,14.0,1920,1080,FHD,51,289.93,2.0,1.0,0,0.35398230088495575,0.10869565217391305,0.125,0.9377284735496896
HP 15s-fq2717TU Laptop,HP,Intel Core i3 11th Gen,2,4,8,512,0,Windows,Intel Integrated UHD,,15.6,1920,1080,FHD,56,406.43,2.08,1.0,1,0.368141592920354,0.10869565217391305,0.125,0.9127064584720462
Lenovo V15 ‎82C70005UK Laptop,Lenovo,AMD Ryzen 5 5500U,6,12,8,512,0,Windows,AMD Radeon Graphics,,15.6,1920,1080,FHD,60,373.26,3.0,1.6,1,0.5309734513274336,0.1739130434782609,0.125,0.9198307523787023
Lenovo V15 82KDA00XIH Laptop,Lenovo,AMD Ryzen 5 5500U,6,12,8,512,0,Windows,AMD Radeon Graphics,,15.6,1920,1080,FHD,55,373.34,3.0,1.6,1,0.5309734513274336,0.1739130434782609,0.125,0.9198135698790781
Lenovo E41-55 82FJ00AGIH Laptop,Lenovo,AMD Athlon Gold 3150U,2,4,4,256,0,Windows,AMD Radeon RADEON,,14.0,1920,1080,FHD,41,184.2,1.25,1.5,1,0.22123893805309733,0.16304347826086957,0.0625,0.9604372946154341
Asus VivoBook 15 X1500EA-EJ322WS Laptop,Asus,Intel Core i3 11th Gen,2,4,8,512,0,Windows,Intel UHD Graphics,,15.6,1920,1080,FHD,41,348.99,2.08,1.0,1,0.368141592920354,0.10869565217391305,0.125,0.9250434932021736
HP Victus 15-fa0165TX Laptop,HP,Intel Core i5 12th Gen,8,12,8,512,0,Windows,NVIDIA GeForce GTX 1650,4.0,15.6,1920,1080,FHD,73,678.9,3.16,3.2,1,0.55929203539823,0.3478260869565218,0.125,0.8541850125647028
HP 15s-FR2511TU Laptop,HP,Intel Core i3 11th Gen,2,4,8,512,0,Windows,Intel UHD Graphics,,15.6,1920,1080,FHD,60,396.54,2.08,1.0,1,0.368141592920354,0.10869565217391305,0.125,0.9148306449880796
Asus TUF Gaming A17 FA706IHRB-HX041W Gaming Laptop,Asus,AMD Ryzen 5 4600H,6,12,8,512,0,Windows,NVIDIA GeForce GTX 1650,4.0,17.3,1920,1080,FHD,67,514.0,3.0,3.2,1,0.5309734513274336,0.3478260869565218,0.125,0.8896024399149466
HP Pavilion 15-eg2009TU Laptop,HP,Intel Core i5 12th Gen,12,16,8,512,0,Windows,Intel Iris Xe,,15.6,1920,1080,FHD,62,611.0,3.16,1.5,1,0.55929203539823,0.16304347826086957,0.125,0.8687686591206856
HP 15s- eq2212AU Laptop,HP,AMD Ryzen 3 5300U,4,8,8,512,0,Windows,AMD Radeon Graphics,,15.6,1920,1080,FHD,59,368.5,2.0,1.6,1,0.35398230088495575,0.1739130434782609,0.125,0.9208531111063382
Dell Inspiron 3520 Laptop,Dell,Intel Core i5 12th Gen,10,12,8,256,1000,Windows,Intel Iris Xe Graphics,,15.6,1920,1080,FHD,53,562.5,3.16,1.5,1,0.55929203539823,0.16304347826086957,0.125,0.8791855495178161
HP 245 G8 62G68PA Laptop,HP,AMD Ryzen 3  3250U,2,4,8,0,1000,Windows,AMD Radeon Graphics,,14.0,1920,1080,FHD,59,270.53,2.0,1.6,0,0.35398230088495575,0.1739130434782609,0.125,0.9418952297085419
Acer One 14 Z2-493 Laptop,Acer,AMD Ryzen 3 3250U,2,4,4,256,0,Windows,AMD Radeon Radeon Graphics,,14.0,1366,768,HD,50,203.6,2.0,1.6,1,0.35398230088495575,0.1739130434782609,0.0625,0.9562705384565819
Acer Aspire 7 A715-51G NH.QGCSI.001 Gaming Laptop,Acer,Intel Core i5 12th Gen,12,16,8,512,0,Windows,NVIDIA GeForce RTX 3050,4.0,15.6,1920,1080,FHD,74,630.4,3.16,4.9,1,0.55929203539823,0.532608695652174,0.125,0.8646019029618334
Dell Inspiron 5320 Laptop,Dell,Intel Core i7 12th Gen,12,16,16,512,0,Windows,Intel Integrated UHD,,13.3,1920,1080,FHD,65,823.7,4.16,1.0,1,0.736283185840708,0.10869565217391305,0.25,0.8230846882450225
MSI Bravo 15 B5DD-410IN Gaming Laptop,MSI,AMD Ryzen 5 5600H,6,12,8,512,0,Windows,AMD Radeon RX 5500M,4.0,15.6,1920,1080,FHD,68,465.5,3.0,2.5,1,0.5309734513274336,0.27173913043478265,0.125,0.9000193303120771
Lenovo IdeaPad Flex 5 82R9008GIN Laptop,Lenovo,AMD Ryzen 5 5500U,6,12,16,512,0,Windows,AMD Radeon,,14.0,1920,1200,FHD,74,592.67,3.0,1.5,1,0.5309734513274336,0.16304347826086957,0.25,0.872705599347065
HP Victus 15-fa0070TX Laptop,HP,Intel Core i5 12th Gen,8,12,8,512,0,Windows,NVIDIA GeForce GTX 1650,4.0,15.6,1920,1080,FHD,71,659.5,3.16,3.2,1,0.55929203539823,0.3478260869565218,0.125,0.858351768723555
Lenovo IdeaPad Slim 1 82R10049IN Laptop,Lenovo,AMD Ryzen 3 3250U,2,4,8,512,0,Windows,AMD Radeon Graphics,,15.6,1920,1080,FHD,60,332.71,2.0,1.6,1,0.35398230088495575,0.1739130434782609,0.125,0.9285401318756846
Asus Vivobook S15 OLED K3502ZA-L501WS Laptop,Asus,Intel Core i5 12th Gen,12,16,16,512,0,Windows,Intel Iris XE Graphics,,15.6,1920,1080,FHD,65,708.1,3.16,1.5,1,0.55929203539823,0.16304347826086957,0.25,0.8479134002018943
Lenovo IdeaPad D330 82H0001YIN Laptop,Lenovo,Intel Celeron N4020,4,2,4,0,128,Windows,Intel UHD Graphics 600,,10.1,1200,800,HD,49,223.09,1.0,1.0,0,0.17699115044247787,0.10869565217391305,0.0625,0.9520844519856526
Infinix INBook X1 XL11 Laptop,Infinix,Intel Core i3 10th Gen,2,4,8,256,0,Windows,Intel Integrated UHD,,14.0,1920,1080,FHD,44,368.59,2.0,1.0,1,0.35398230088495575,0.10869565217391305,0.125,0.920833780794261
Infinix Zero Book Series ZL12 Laptop,Infinix,Intel Core i7 12th Gen,14,20,16,512,0,Windows,Intel Integrated Iris Xe,,15.6,1920,1080,FHD,63,630.4,4.16,1.5,1,0.736283185840708,0.16304347826086957,0.25,0.8646019029618334
Asus VivoBook 15 X1500EA-EJ701W Laptop,Asus,Intel Core i7 11th Gen,4,8,16,512,0,Windows,Intel Iris Xe Graphics,,15.6,1920,1080,FHD,63,550.95,4.08,1.5,1,0.7221238938053097,0.16304347826086957,0.25,0.8816662729010503
Lenovo IdeaPad Gaming 3 82K201YAIN Laptop,Lenovo,AMD Ryzen 5 5600H,6,12,8,512,0,Windows,NVIDIA GeForce GTX 1650,4.0,15.6,1920,1080,FHD,69,543.1,3.0,3.2,1,0.5309734513274336,0.3478260869565218,0.125,0.8833523056766683
Asus Vivobook Pro 14 OLED M3400QA-KM502WS Gaming Laptop,Asus,AMD Ryzen 5 5600H,6,12,8,512,0,Windows,AMD Radeon Graphics,,14.0,2880,1800,QHD,69,514.1,3.0,1.6,1,0.5309734513274336,0.1739130434782609,0.125,0.8895809617904165
HP Pavilion x360 14-ek0074TU Laptop,HP,Intel Core i5 12th Gen,10,12,16,512,0,Windows,Intel Integrated Iris Xe,,14.0,1920,1080,FHD,68,712.85,3.16,1.5,1,0.55929203539823,0.16304347826086957,0.25,0.8468931892867115
Lenovo IdeaPad Gaming 3 82K201UEIN Laptop,Lenovo,AMD Ryzen 5-5600H,6,12,8,512,0,Windows,NVIDIA GeForce GTX 1650,4.0,15.6,1920,1080,FHD,69,567.35,3.0,3.2,1,0.5309734513274336,0.3478260869565218,0.125,0.878143860478103
Asus Vivobook Pro 15 OLED M6500IH-HN701WS Laptop,Asus,AMD Ryzen 7-4800H,8,16,16,512,0,Windows,NVIDIA GeForce GTX 1650 Max Q,4.0,15.6,1920,1080,FHD,69,572.2,4.0,3.2,1,0.7079646017699115,0.3478260869565218,0.25,0.87710217143839
HP Victus 15-fb0050AX Gaming Laptop,HP,AMD Ryzen 5 5600H,6,12,8,512,0,Windows,NVIDIA GeForce RTX 3050,4.0,15.6,1920,1080,FHD,72,655.72,3.0,4.9,1,0.5309734513274336,0.532608695652174,0.125,0.8591636418307953
Lenovo IdeaPad Slim 5 82SF008YIN Laptop,Lenovo,Intel Core i5 12th Gen,10,12,16,512,0,Windows,Intel Iris Xe Graphics,,15.6,1920,1080,FHD,66,703.15,3.16,1.5,1,0.55929203539823,0.16304347826086957,0.25,0.8489765673661376
Acer Aspire 5 A515-57G UN.K9TSI.002 Gaming Laptop,Acer,Intel Core i5 12th Gen,12,16,16,512,0,Windows,NVIDIA GeForce RTX 2050,4.0,15.6,1920,1080,FHD,69,611.0,3.16,4.2,1,0.55929203539823,0.4565217391304348,0.25,0.8687686591206856
HP 14s-dy5005TU Laptop,HP,Intel Core i5 12th Gen,10,12,16,512,0,Windows,Intel Integrated Intel Iris Xe Graphics,,14.0,1920,1080,FHD,57,620.7,3.16,1.5,1,0.55929203539823,0.16304347826086957,0.25,0.8666852810412595
Asus Vivobook 15 2022 X1502ZA-EJ312WS Laptop,Asus,Intel Core i3 12th Gen,10,12,8,512,0,Windows,Intel Iris Xe,,15.6,1920,1080,FHD,54,410.31,2.16,1.5,1,0.3823008849557522,0.16304347826086957,0.125,0.9118731072402758
Lenovo IdeaPad Slim 3 82RK0062IN Laptop,Lenovo,Intel Core i5 12th Gen,10,12,8,512,0,Windows,‎Intel Iris Xe Graphics,,15.6,1920,1080,FHD,55,567.35,3.16,1.5,1,0.55929203539823,0.16304347826086957,0.125,0.878143860478103
MSI Thin GF63 11SC-852IN Gaming Laptop,MSI,Intel Core i7 11th Gen,8,16,8,512,0,Windows,NVIDIA GeForce GTX 1650 MAX Q,4.0,15.6,1920,1080,FHD,73,620.8,4.08,3.2,1,0.7221238938053097,0.3478260869565218,0.125,0.8666638029167293
Asus Zenbook 17 Fold UX9702AA-MD023WS Laptop,Asus,Intel Core i7 12th Gen,10,12,16,1000,0,Windows,Intel Iris Xe Graphics,,17.3,2560,1920,QHD,80,3200.9,4.16,1.5,1,0.736283185840708,0.16304347826086957,0.25,0.31250671191391566
Nokia PureBook S14 NKi511TL165S Laptop,Nokia,Intel Core i5 11th Gen,4,8,16,512,0,Windows,Intel Integrated Iris Xe,,14.1,1920,1080,FHD,62,397.6,3.08,1.5,1,0.5451327433628318,0.16304347826086957,0.25,0.9146029768680599
Dell Latitude 3420 Laptop,Dell,Intel Core i5 11th Gen,4,8,8,512,0,Windows,Intel UHD Graphics,,14.0,1366,768,HD,56,715.28,3.08,1.0,1,0.5451327433628318,0.10869565217391305,0.125,0.8463712708606285
Acer Aspire 3 A315-24 Laptop,Acer,AMD Ryzen 5 7520U,4,8,8,512,0,Windows,AMD Radeon Graphiics,,15.6,1920,1080,FHD,56,509.15,3.0,1.5,1,0.5309734513274336,0.16304347826086957,0.125,0.8906441289546597
HP 14s-dq2649TU Laptop,HP,Intel Core i3 11th Gen,2,4,8,512,0,Windows,Intel Integrated UHD,,14.0,1920,1080,FHD,57,441.35,2.08,1.0,1,0.368141592920354,0.10869565217391305,0.125,0.9052062973861122
Samsung Galaxy Book2 NP550XED-KA1IN 15 Laptop,Samsung,Intel Core i5 12th Gen,10,12,8,512,0,Windows,Intel Integrated UHD,,15.6,1920,1080,FHD,60,659.5,3.16,1.0,1,0.55929203539823,0.10869565217391305,0.125,0.858351768723555
Samsung Galaxy Book 3 Pro NP960XFG-KC1IN Laptop,Samsung,Intel Core i7 13th Gen,12,16,16,512,0,Windows,‎Intel Iris Xe Graphics,,16.0,2880,1800,QHD,73,1454.9,4.24,1.5,1,0.7504424778761062,0.16304347826086957,0.25,0.6875147662106145
Samsung Galaxy Book 3 Pro 14 NP940XFG-KC4IN Laptop,Samsung,Intel Core i7 13th Gen,12,16,16,512,0,Windows,‎Intel Iris Xe Graphics,,14.0,2880,1800,QHD,72,1357.9,4.24,1.5,1,0.7504424778761062,0.16304347826086957,0.25,0.7083485470048755
Samsung Galaxy Book 3 Pro 14 NP940XFG-KC5IN Laptop,Samsung,Intel Core i7 13th Gen,12,16,16,1000,0,Windows,‎Intel Iris Xe Graphics,,14.0,2880,1800,QHD,74,1513.1,4.24,1.5,1,0.7504424778761062,0.16304347826086957,0.25,0.6750144977340579
Samsung Galaxy Book 3 Pro 14 NP940XFG-KC1IN Laptop,Samsung,Intel Core i5 13th Gen,12,16,16,512,0,Windows,‎Intel Iris Xe Graphics,,14.0,2880,1800,QHD,71,1280.3,3.24,1.5,1,0.5734513274336284,0.16304347826086957,0.25,0.7250155716402844
Samsung Galaxy Book 3 360 15 NP750QFG-KA2IN Laptop,Samsung,Intel Core i5 13th Gen,12,16,16,512,0,Windows,Intel Iris Xe Graphics,,15.6,1920,1080,FHD,71,1115.4,3.24,1.5,1,0.5734513274336284,0.16304347826086957,0.25,0.7604329989905281
Samsung Galaxy Book 3 360 13 NP730QFG-KA1IN Laptop,Samsung,Intel Core i5 13th Gen,10,12,16,512,0,Windows,Intel Iris Xe Graphics,,13.3,1920,1080,FHD,67,1066.9,3.24,1.5,1,0.5734513274336284,0.16304347826086957,0.25,0.7708498893876586
Samsung Galaxy Book 3 360 13 NP730QFG-KA3IN Laptop,Samsung,Intel Core i7 13th Gen,10,12,16,1000,0,Windows,Intel Iris Xe Graphics,,13.3,1920,1080,FHD,69,1299.7,4.24,1.5,1,0.7504424778761062,0.16304347826086957,0.25,0.7208488154814321
Samsung Galaxy Book 3 360 13 NP730QFG-KA2IN Laptop,Samsung,Intel Core i7 13th Gen,10,12,16,512,0,Windows,Intel Iris Xe Graphics,,13.3,1920,1080,FHD,67,1144.5,4.24,1.5,1,0.7504424778761062,0.16304347826086957,0.25,0.7541828647522498
Samsung Galaxy Book 3 Pro 360 NP960QFG-KA2IN Laptop,Samsung,Intel Core i5 13th Gen,12,16,16,512,0,Windows,Intel Iris Xe Graphics,,16.0,2880,1800,QHD,75,1513.1,3.24,1.5,1,0.5734513274336284,0.16304347826086957,0.25,0.6750144977340579
Samsung Galaxy Book 3 Pro NP960XFG-KC2IN Laptop,Samsung,Intel Core i7 13th Gen,12,16,16,1000,0,Windows,‎Intel Iris Xe Graphics,,16.0,2880,1800,QHD,74,1610.1,4.24,1.5,1,0.7504424778761062,0.16304347826086957,0.25,0.6541807169397968
Samsung Galaxy Book 3 Pro 360 NP960QFG-KA1IN Laptop,Samsung,Intel Core i7 13th Gen,12,16,16,512,0,Windows,Intel Iris Xe Graphics,,16.0,2880,1800,QHD,81,1590.7,4.24,1.5,1,0.7504424778761062,0.16304347826086957,0.25,0.6583474730986489
Samsung Galaxy Book 3 360 NP750QFG-KA1IN Laptop,Samsung,Intel Core i7 13th Gen,12,16,16,512,0,Windows,Intel Iris Xe Graphics,,15.6,1920,1080,FHD,73,1193.0,4.24,1.5,1,0.7504424778761062,0.16304347826086957,0.25,0.7437659743551193
Samsung Galaxy Book 3 Pro 360 NP960QFG-KA3IN Laptop,Samsung,Intel Core i7 13th Gen,12,16,16,1000,0,Windows,Intel Iris Xe Graphics,,16.0,2880,1800,QHD,82,1745.9,4.24,1.5,1,0.7504424778761062,0.16304347826086957,0.25,0.6250134238278313
Lenovo IdeaPad Gaming 3 82K1017WIN Laptop,Lenovo,Intel Core i5 11th Gen,4,8,8,512,0,Windows,NVIDIA GeForce GTX 1650,4.0,15.6,1920,1080,FHD,71,513.13,3.08,3.2,1,0.5451327433628318,0.3478260869565218,0.125,0.8897892995983591
Acer One 14 Z2-493 Laptop,Acer,AMD Ryzen 3 3250U,2,4,8,256,0,Windows,AMD Radeon Graphics,,14.0,1366,768,HD,53,252.1,2.0,1.6,1,0.35398230088495575,0.1739130434782609,0.125,0.9458536480594515
Dell Inspiron 3525 D560789WIN9S Laptop,Dell,AMD Ryzen 5-5625U,6,12,8,512,0,Windows,AMD Radeon Radeon Graphics,,15.6,1920,1080,FHD,68,479.58,3.0,1.6,1,0.5309734513274336,0.1739130434782609,0.125,0.8969952103782297
Acer Aspire 3 A315-59 Laptop,Acer,Intel Core i3 12th Gen,6,8,8,512,0,Windows,Intel Iris Xe Graphics,,15.6,1920,1080,FHD,54,387.9,2.16,1.5,1,0.3823008849557522,0.16304347826086957,0.125,0.916686354947486
Lenovo IdeaPad Gaming 3 82K201Y9IN Laptop,Lenovo,AMD Ryzen 5-5600H,6,12,8,256,1000,Windows,NVIDIA GeForce GTX 1650,4.0,15.6,1920,1080,FHD,73,552.8,3.0,3.2,1,0.5309734513274336,0.3478260869565218,0.125,0.8812689275972422
HP Pavilion 15s-eq2182AU Laptop,HP,AMD Ryzen 5 5500U,6,12,16,512,0,Windows,AMD Radeon Graphics,,15.6,1920,1080,FHD,63,476.49,3.0,1.6,1,0.5309734513274336,0.1739130434782609,0.25,0.8976588844262119
HP Victus 15-fa0350TX Laptop,HP,Intel Core i5 12th Gen,8,12,8,512,0,Windows,NVIDIA GeForce RTX 3050,4.0,15.6,1920,1080,FHD,75,756.5,3.16,4.9,1,0.55929203539823,0.532608695652174,0.125,0.837517987929294
Asus TUF Gaming A15 2022 FA577RE-HN055WS Gaming Laptop,Asus,AMD Ryzen 7 6800H,8,16,16,512,0,Windows,NVIDIA GeForce RTX 3050 Ti,4.0,15.6,1920,1080,FHD,80,932.02,4.0,5.1,1,0.7079646017699115,0.5543478260869565,0.25,0.7998195837539466
HP Victus 16-e0352AX Gaming Laptop,HP,AMD Ryzen 5-5600H,6,12,8,512,0,Windows,NVIDIA GeForce RTX 3050,4.0,16.1,1920,1080,FHD,72,620.7,3.0,4.9,1,0.5309734513274336,0.532608695652174,0.125,0.8666852810412595
Asus TUF Gaming F15 FX506LHB-HN355WS Gaming Laptop,Asus,Intel Core i5 10th Gen,4,8,8,512,0,Windows,NVIDIA GeForce GTX 1650,4.0,15.6,1920,1080,FHD,63,533.4,3.0,3.2,1,0.5309734513274336,0.3478260869565218,0.125,0.8854356837560944
HP Pavilion 15-eg2002TU Laptop,HP,Intel Core i5 12th Gen,12,16,16,512,0,Windows,Intel Iris Xᵉ Graphics,,15.6,1920,1080,FHD,65,678.9,3.16,1.5,1,0.55929203539823,0.16304347826086957,0.25,0.8541850125647028
Samsung Galaxy Book2 Pro 360 15 Laptop,Samsung,Intel Core i7 12th Gen,8,16,16,512,0,Windows,Intel Iris Xe Graphics,,15.6,1920,1080,FHD,74,1260.9,4.16,1.5,1,0.736283185840708,0.16304347826086957,0.25,0.7291823277991365
Dell Vostro 3510 Laptop,Dell,Intel Core i3 11th Gen,2,4,8,256,1000,Windows,Intel UHD Graphics,,15.6,1920,1080,FHD,56,368.5,2.08,1.0,1,0.368141592920354,0.10869565217391305,0.125,0.9208531111063382
Asus VivoBook K15 OLED KM513UA-L503WS Laptop,Asus,AMD Ryzen 5 5500U,6,12,8,256,1000,Windows,AMD Radeon AMD,,15.6,1920,1080,FHD,65,465.5,3.0,1.5,1,0.5309734513274336,0.16304347826086957,0.125,0.9000193303120771
HP 14s-fq1092au Laptop,HP,AMD Ryzen 5 5500U,6,12,8,512,0,Windows,AMD Radeon AMD,,14.0,1920,1080,FHD,65,446.76,3.0,1.5,1,0.5309734513274336,0.16304347826086957,0.125,0.9040443308490302
Microsoft Surface Laptop Go 1943 THJ-00023 Laptop,Microsoft,Intel Core i5 10th Gen,4,8,8,256,0,Windows,Intel Integrated UHD,,12.4,1536,1024,HD,55,649.9,3.0,1.0,1,0.5309734513274336,0.10869565217391305,0.125,0.8604136686784509
HP 245 G8 689T3PA Laptop,HP,AMD Ryzen 3 3250U,2,4,8,512,0,Windows,AMD Radeon Graphics,,14.0,1366,768,HD,59,271.49,2.0,1.6,1,0.35398230088495575,0.1739130434782609,0.125,0.9416890397130523
Lenovo IdeaPad 3i ‎82RJ005BUS Laptop,Lenovo,Intel Core i5 12th Gen,10,12,8,256,0,Windows,Intel iris Xe Integrated,,14.0,1920,1080,FHD,62,484.9,3.16,1.5,1,0.55929203539823,0.16304347826086957,0.125,0.895852574153225
Apple MacBook Pro 16 inch Laptop,Apple,M2 Max 12-core CPU,12,0,32,1000,0,Mac,38-core GPU,,16.2,3456,2234,QHD,66,3394.03,5.65,5.5,1,1.0,0.5978260869565218,0.5,0.2710260100088059
Samsung Galaxy Book 2 NP550XED-KA3IN Laptop,Samsung,Intel Core i7 12th Gen,10,12,16,512,0,Windows,Intel Integrated UHD,,15.6,1920,1080,FHD,63,708.0,4.16,1.0,1,0.736283185840708,0.10869565217391305,0.25,0.8479348783264246
Asus VivoBook 15 K513EP-BQ1093T Laptop,Asus,Intel Core i5 11th Gen,4,8,8,512,0,Windows,NVIDIA GeForce MX330,2.0,15.6,1920,1080,FHD,54,446.1,3.08,2.0,1,0.5451327433628318,0.2173913043478261,0.125,0.9041860864709294
Lenovo IdeaPad Gaming 3 15IHU6 82K101GSIN Laptop,Lenovo,Intel Core i5 11th Gen,4,8,8,512,0,Windows,NVIDIA GeForce GTX 1650,4.0,15.6,1920,1080,FHD,72,533.4,3.08,3.2,1,0.5451327433628318,0.3478260869565218,0.125,0.8854356837560944
Asus VivoBook 14 X415EA-EK701WS Laptop,Asus,Intel Core i7 11th Gen,4,8,16,512,0,Windows,Intel Integrated UHD,,14.0,1920,1080,FHD,69,552.8,4.08,1.0,1,0.7221238938053097,0.10869565217391305,0.25,0.8812689275972422
Asus VivoBook 14 2022 X1402ZA-EK312WS Laptop,Asus,Intel Core i3 12th Gen,10,12,8,512,0,Windows,Intel Integrated Iris Xe Graphics,,14.0,1920,1080,FHD,61,397.6,2.16,1.5,1,0.3823008849557522,0.16304347826086957,0.125,0.9146029768680599
HP 247 G8 600A9PA Laptop,HP,AMD Ryzen 3 5300U,4,8,8,512,0,Windows,AMD Radeon Graphics,,14.0,1366,768,HD,61,320.09,2.0,1.6,1,0.35398230088495575,0.1739130434782609,0.125,0.9312506711913916
Asus Vivobook Pro 16 OLED K6602HC-N1902WS Gaming Laptop,Asus,Intel Core i9 11th Gen,8,16,16,512,0,Windows,NVIDIA GeForce RTX 3050,4.0,16.0,1920,1200,FHD,75,853.5,4.68,4.9,1,0.8283185840707964,0.532608695652174,0.25,0.816684207135033
Acer Swift 3 OLED SF314-71 NX.KAVSI.001 Laptop,Acer,Intel Core i7 12th Gen,14,20,16,1000,0,Windows,Intel Integrated Iris Xe,,14.0,2880,1800,QHD,69,1125.19,4.16,1.5,1,0.736283185840708,0.16304347826086957,0.25,0.7583302905990249
Dell Latitude 3430 Laptop,Dell,Intel Core i5 12th Gen,10,12,8,512,0,Windows,Intel Iris Xe Graphics,,14.0,1366,768,HD,59,1047.6,3.16,1.5,1,0.55929203539823,0.16304347826086957,0.125,0.7749951674219807
HP Pavilion 15-eg2018TX Laptop,HP,Intel Core i5 12th Gen,10,12,16,512,0,Windows,NVIDIA GeForce MX550,2.0,15.6,1920,1080,FHD,56,728.18,3.16,2.4,1,0.55929203539823,0.2608695652173913,0.25,0.843600592796237
Microsoft Surface Pro 9 QEZ-00065 Laptop,Microsoft,Intel Core i5 12th Gen,10,12,8,256,0,Windows,Intel Iris Xe Graphics,,13.0,2880,1920,QHD,51,969.99,3.16,1.5,1,0.55929203539823,0.16304347826086957,0.125,0.7916643398698425
HP 247 G8 ‎6B5R3PA Laptop,HP,AMD Ryzen 3 5300U,4,8,8,512,0,Linux,AMD Radeon Graphics,,14.0,1366,768,HD,56,291.19,2.0,1.6,1,0.35398230088495575,0.1739130434782609,0.125,0.9374578491806096
HP Omen 16-n0079AX Gaming Laptop,HP,AMD Ryzen 7 6800H,8,16,16,512,0,Windows,AMD Radeon RX 6650M,8.0,16.1,1920,1080,FHD,81,1050.41,4.0,5.5,1,0.7079646017699115,0.5978260869565218,0.25,0.774391632122683
Asus VivoBook 14 2022 X1402ZA-MW511WS Laptop,Asus,Intel Core i5 12th Gen,12,16,16,512,0,Windows,Intel Integrated Iris Xe,,14.0,1920,1080,FHD,74,649.8,3.16,1.5,1,0.55929203539823,0.16304347826086957,0.25,0.8604351468029812
HP 14s-dr3001TU Laptop,HP,Intel Pentium Silver N6000,4,4,8,256,0,Windows,Intel UHD Graphics,,14.0,1366,768,HD,51,300.6,1.25,1.0,1,0.22123893805309733,0.10869565217391305,0.125,0.9354367576623209
Asus VivoBook 14 X415JA-EK522WS Laptop,Asus,Intel Core i5 10th Gen,4,8,8,512,0,Windows,Intel UHD,,14.0,1920,1080,FHD,60,407.3,3.0,1.0,1,0.5309734513274336,0.10869565217391305,0.125,0.9125195987886338
Asus Chromebook Flip C214MA-BU0704 Laptop,Asus,Intel Celeron N4020,2,2,4,0,32,Chrome,Intel Integrated UHD 600,,11.6,1366,768,HD,0,155.1,1.0,1.0,0,0.17699115044247787,0.10869565217391305,0.0625,0.9666874288537125
Lenovo IdeaPad Gaming 3 15IAH7 82S900R6IN Laptop,Lenovo,Intel Core i5 12th Gen,8,12,16,512,0,Windows,NVIDIA GeForce RTX 3050,4.0,15.6,1920,1080,FHD,75,785.6,3.16,4.9,1,0.55929203539823,0.532608695652174,0.25,0.8312678536910156
Acer Predator Helios 300 PH315-55 Gaming Laptop,Acer,Intel Core i9 12th Gen,14,20,16,1000,0,Windows,NVIDIA GeForce RTX 3060,6.0,15.6,2560,1440,QHD,76,1542.2,4.76,6.0,1,0.8424778761061946,0.6521739130434783,0.25,0.6687643634957795
Acer Extensa 15 EX215-54 Laptop,Acer,Intel Core i3 11th Gen,2,4,8,512,0,Windows,Intel Integrated UHD,,15.6,1920,1080,FHD,50,329.7,2.08,1.0,1,0.368141592920354,0.10869565217391305,0.125,0.9291866234240426
Asus ProArt StudioBook Pro 16 OLED H7600ZM-L701WS Laptop,Asus,Intel Core i7 12th Gen,14,20,16,1000,0,Windows,NVIDIA GeForce RTX 3060,6.0,16.0,3840,2400,4K,88,1925.35,4.16,6.0,1,0.736283185840708,0.6521739130434783,0.25,0.5864709293584485
Asus VivoBook 15 X515JA-EJ382WS Laptop,Asus,Intel Core i3 10th Gen,2,4,8,512,0,Windows,Intel Integrated UHD,,15.6,1920,1080,FHD,55,325.68,2.0,1.0,1,0.35398230088495575,0.10869565217391305,0.125,0.9300500440301552
Infinix INBook X1 Neo Laptop,Infinix,Intel Celeron N5100,4,0,4,128,0,Windows,Intel Integrated UHD,,14.0,1920,1080,FHD,47,223.0,1.0,1.0,1,0.17699115044247787,0.10869565217391305,0.0625,0.9521037822977297
Asus TUF Dash F15 2022 FX517ZC-HN108WS Gaming Laptop,Asus,Intel Core i7 12th Gen,10,16,16,1000,0,Windows,NVIDIA GeForce RTX 3050,4.0,15.6,1920,1080,FHD,76,931.1,4.16,4.9,1,0.736283185840708,0.532608695652174,0.25,0.8000171824996241
Asus VivoBook 15 X515EA-EJ522WS Laptop,Asus,Intel Core i5 11th Gen,4,8,8,512,0,Windows,Intel Integrated Iris Xe,,15.6,1920,1080,FHD,61,455.8,3.08,1.5,1,0.5451327433628318,0.16304347826086957,0.125,0.9021027083915032
Asus Vivobook 15 2022 X1502ZA-EZ311WS Touch Laptop,Asus,Intel Core i3 12th Gen,10,12,8,512,0,Windows,Intel Iris Xe,,15.6,1920,1080,FHD,59,425.63,2.16,1.5,1,0.3823008849557522,0.16304347826086957,0.125,0.9085826585622543
HP 14s-dy2507TU Laptop,HP,Intel Core i3 11th Gen,2,4,8,256,0,Windows,Intel Integrated UHD Graphics,,14.0,1920,1080,FHD,55,344.25,2.08,1.0,1,0.368141592920354,0.10869565217391305,0.125,0.9260615563049035
HP Pavilion 15s-fq5112TU Laptop,HP,Intel Core i5 12th Gen,10,12,16,512,0,Windows,Intel Iris Xe Graphics,,15.6,1920,1080,FHD,55,606.15,3.16,1.5,1,0.55929203539823,0.16304347826086957,0.25,0.8698103481603986
Asus TUF Gaming F15,Asus,Intel Core i7 10th Gen,14,20,16,512,0,Windows,NVIDIA GeForce RTX 3050-Ti,4.0,15.6,1920,1080,FHD,79,921.4,4.0,4.9,1,0.7079646017699115,0.532608695652174,0.25,0.8021005605790502
Asus ROG Strix G17 2022 G713IE-HX040W Gaming Laptop,Asus,AMD Ryzen 7 4800H,8,16,16,1000,0,Windows,NVIDIA GeForce RTX 3050 Ti,4.0,17.3,1920,1080,FHD,75,853.5,4.0,5.1,1,0.7079646017699115,0.5543478260869565,0.25,0.816684207135033
Infinix INBook X1 Neo XL22 Laptop,Infinix,Intel Celeron N5100,4,0,8,256,0,Windows,Intel Integrated UHD,,14.0,1920,1080,FHD,50,290.9,1.0,1.0,1,0.17699115044247787,0.10869565217391305,0.125,0.9375201357417471
Asus TUF Dash F15 2022 FX517ZC-HN083WS Gaming Laptop,Asus,Intel Core i5 12th Gen,8,12,16,512,0,Windows,NVIDIA GeForce RTX 3050,4.0,15.6,1920,1080,FHD,67,756.5,3.16,4.9,1,0.55929203539823,0.532608695652174,0.25,0.837517987929294
Acer Nitro 5 AN515-56 Gaming Laptop,Acer,Intel Core i5 11th Gen,6,12,16,512,0,Windows,NVIDIA GeForce GTX 1650,4.0,15.6,1920,1080,FHD,73,611.0,3.08,3.2,1,0.5451327433628318,0.3478260869565218,0.25,0.8687686591206856
Acer Aspire 5 A515-57G Gaming Laptop,Acer,Intel Core i5 12th Gen,12,16,8,512,0,Windows,NVIDIA GeForce RTX 2050,4.0,15.6,1920,1080,FHD,67,581.99,3.16,4.2,1,0.55929203539823,0.4565217391304348,0.125,0.8749994630468867
Lenovo IdeaPad Slim 1 82R1004AIN Laptop,Lenovo,AMD Ryzen 5 3500U,4,8,8,512,0,Windows,AMD Radeon Graphics,,15.6,1920,1080,FHD,61,388.25,3.0,1.6,1,0.5309734513274336,0.1739130434782609,0.125,0.9166111815116305
Acer Aspire 7 A715-75G NH.QGBSI.001 Gaming Laptop,Acer,Intel Core i5 12th Gen,12,16,8,512,0,Windows,NVIDIA GeForce GTX 1650,4.0,15.6,1920,1080,FHD,69,562.5,3.16,3.2,1,0.55929203539823,0.3478260869565218,0.125,0.8791855495178161
Lenovo IdeaPad Gaming 3 82K201ULIN Laptop,Lenovo,AMD Ryzen 5 5600H,6,12,16,512,0,Windows,NVIDIA GeForce RTX 3050,4.0,15.6,1920,1080,FHD,75,698.3,3.0,4.9,1,0.5309734513274336,0.532608695652174,0.25,0.8500182564058506
Asus TUF Dash F15 2022 FX517ZC-HN035WS Gaming Laptop,Asus,Intel Core i5 12th Gen,8,12,8,512,0,Windows,NVIDIA GeForce RTX 3050,4.0,15.6,1920,1080,FHD,72,737.1,3.16,4.9,1,0.55929203539823,0.532608695652174,0.125,0.8416847440881462
Asus Vivobook Pro 14 OLED M3400QA-KM512WS Gaming Laptop,Asus,AMD Ryzen 5 5600H,6,12,16,512,0,Windows,AMD Radeon Graphics,,14.0,2880,1800,QHD,72,581.9,3.0,1.6,1,0.5309734513274336,0.1739130434782609,0.25,0.8750187933589639
HP Pavilion 15-eg2039TU Laptop,HP,Intel Core i7 12th Gen,12,16,16,1000,0,Windows,Intel Integrated Iris Xe,,15.6,1920,1080,FHD,66,834.1,4.16,1.5,1,0.736283185840708,0.16304347826086957,0.25,0.8208509632938852
HP Pavilion 14-dv2041TU Laptop,HP,Intel Core i5 12th Gen,10,12,16,512,0,Windows,Intel Iris Xe Graphics,,14.0,1920,1080,FHD,62,698.3,3.16,1.5,1,0.55929203539823,0.16304347826086957,0.25,0.8500182564058506
MSI Gaming Crosshair 15 B12UEZ-677IN Laptop,MSI,Intel Core i7 12th Gen,14,20,16,1000,0,Windows,NVIDIA GeForce RTX 3060,6.0,15.6,2560,1440,QHD,84,1076.7,4.16,6.0,1,0.736283185840708,0.6521739130434783,0.25,0.7687450331837024
Apple MacBook Pro 2022 Laptop,Apple,Apple M2,8,0,8,512,0,Mac,10 Core GPU,,13.3,2560,1600,QHD,45,1357.9,4.25,3.0,1,0.7522123893805309,0.32608695652173914,0.125,0.7083485470048755
HP Pavilion 14-dv2015TU Laptop,HP,Intel Core i7 12th Gen,10,12,16,1000,0,Windows,Intel Iris Xe Graphics,,14.0,1920,1080,FHD,65,824.4,4.16,1.5,1,0.736283185840708,0.16304347826086957,0.25,0.8229343413733112
Asus Vivobook 15 2022 X1502ZA-BQ502WS Laptop,Asus,Intel Core i5 12th Gen,12,16,8,512,0,Windows,Intel Integrated Iris Xe,,15.6,1920,1080,FHD,63,551.2,3.16,1.5,1,0.55929203539823,0.16304347826086957,0.125,0.8816125775897249
Dell G15-5511 Gaming Laptop,Dell,Intel Core i5 11th Gen,6,12,16,512,0,Windows,NVIDIA GeForce RTX 3050,4.0,15.6,1920,1080,FHD,69,660.59,3.08,4.9,1,0.5451327433628318,0.532608695652174,0.25,0.8581176571661763
Dell G15-5520 Laptop,Dell,Intel Core i7 12th Gen,14,20,16,512,0,Windows,NVIDIA GeForce RTX 3050 Ti,4.0,15.6,1920,1080,FHD,75,1051.48,4.16,5.1,1,0.736283185840708,0.5543478260869565,0.25,0.7741618161902102
Acer Aspire 3 A315-58 Laptop,Acer,Intel Core i5 11th Gen,4,8,8,512,0,Windows,Intel Iris Xe,,15.6,1920,1080,FHD,53,421.85,3.08,1.5,1,0.5451327433628318,0.16304347826086957,0.125,0.9093945316694946
HP Pavilion 15-EC2048AX Gaming Laptop,HP,AMD Ryzen 5 5600H,6,12,8,512,0,Windows,NVIDIA GeForce RTX 3050Ti,4.0,15.6,1920,1080,FHD,72,669.57,3.0,4.9,1,0.5309734513274336,0.532608695652174,0.125,0.8561889215833673
Dell Inspiron 3525 Laptop,Dell,AMD Athlon Silver 3050U,2,2,8,256,0,Windows,AMD Radeon Graphics,,15.6,1920,1080,FHD,48,320.1,1.25,1.6,1,0.22123893805309733,0.1739130434782609,0.125,0.9312485233789385
Avita Satus Ultimus S111 Laptop,Avita,Intel Celeron N4020,2,2,4,128,0,Windows,Intel Integrated UHD Graphics,,14.1,1920,1080,FHD,47,164.8,1.0,1.0,1,0.17699115044247787,0.10869565217391305,0.0625,0.9646040507742863
Samsung Galaxy Book Go Laptop,Samsung,Snapdragon 7c,0,0,4,0,128,Windows,Qualcomm Adreno,,14.0,1920,1080,FHD,0,320.0,2.0,1.5,0,0.35398230088495575,0.16304347826086957,0.0625,0.9312700015034687
Asus Vivobook 13 Slate OLED T3300KA-LQ122WS Laptop,Asus,Intel Pentium Silver N6000,4,4,4,0,128,Windows,Intel UHD Graphics,,13.3,1920,1080,FHD,51,290.9,1.25,1.0,0,0.22123893805309733,0.10869565217391305,0.0625,0.9375201357417471
Asus VivoBook 15 X515EA-EJ322WS Laptop,Asus,Intel Core i3 11th Gen,2,4,8,512,0,Windows,Intel UHD Graphics,,15.6,1920,1080,FHD,50,349.1,2.08,1.0,1,0.368141592920354,0.10869565217391305,0.125,0.9250198672651904
Lenovo Ideapad 15ALC6 82KU017KIN Laptop,Lenovo,AMD Ryzen 5 5500U,6,12,8,512,0,Windows,AMD Radeon,,15.6,1920,1080,FHD,59,463.65,3.0,1.5,1,0.5309734513274336,0.16304347826086957,0.125,0.9004166756158852
HP Pavilion 15-EC2146AX Gaming Laptop,HP,AMD Ryzen 7 5800H,8,16,16,512,0,Windows,NVIDIA GeForce RTX 3050,4.0,15.6,1920,1080,FHD,72,715.45,4.0,4.9,1,0.7079646017699115,0.532608695652174,0.25,0.8463347580489271
Infinix INBook X1 XL11 Laptop,Infinix,Intel Core i5 10th Gen,4,8,8,512,0,Windows,Intel Integrated UHD,,14.0,1920,1080,FHD,48,363.65,3.0,1.0,1,0.5309734513274336,0.10869565217391305,0.125,0.9218948001460512
Apple MacBook Pro 14 inch MKGP3HN Laptop,Apple,M1 Pro 8-core CPU,8,0,16,512,0,Mac,14-Core GPU,,14.2,3024,1964,QHD,53,1664.46,4.9,3.0,1,0.8672566371681416,0.32608695652173914,0.25,0.6425052084451985
HP Victus 16-e0162AX Gaming Laptop,HP,AMD Ryzen 5 5600H,6,12,8,512,0,Windows,AMD Radeon RX 5500M,4.0,16.1,1920,1080,FHD,65,596.45,3.0,2.5,1,0.5309734513274336,0.27173913043478265,0.125,0.8718937262398248
Dell Inspiron 3511 Laptop,Dell,Intel Core i5 11th Gen,4,8,8,512,0,Windows,NVIDIA GeForce MX350,2.0,15.6,1920,1080,FHD,61,575.27,3.08,2.2,1,0.5451327433628318,0.23913043478260873,0.125,0.8764427930153139
Dell Latitude 5420 Laptop,Dell,Intel Core i5 11th Gen,4,8,8,256,0,Windows,Intel Iris Xe Graphics,,14.0,1920,1080,FHD,60,722.65,3.08,1.5,1,0.5451327433628318,0.16304347826086957,0.125,0.8447883330827552
HP Pavilion 15-DK2100TX Gaming Laptop,HP,Intel Core i5 11th Gen,4,8,8,256,1000,Windows,NVIDIA GeForce GTX 1650,4.0,15.6,1920,1080,FHD,75,649.8,3.08,3.2,1,0.5451327433628318,0.3478260869565218,0.125,0.8604351468029812
Dell Inspiron 5518 Laptop,Dell,Intel Core i5 11th Gen,4,8,16,512,0,Windows,Intel Iris Xe Graphics,,15.6,1920,1080,FHD,71,659.5,3.08,1.5,1,0.5451327433628318,0.16304347826086957,0.25,0.858351768723555
Xiaomi Mi Notebook Pro 14 Laptop,Xiaomi,Intel Core i5 11th Gen,4,8,16,512,0,Windows,Intel Iris Xe Graphics,,14.0,2560,1600,QHD,62,566.04,3.08,1.5,1,0.5451327433628318,0.16304347826086957,0.25,0.8784252239094482
HP 15s-GR0012AU Laptop,HP,AMD Ryzen 3 3250U,2,4,8,256,1000,Windows,AMD Radeon Vega 6,,15.6,1920,1080,FHD,62,436.4,2.0,1.8,1,0.35398230088495575,0.1956521739130435,0.125,0.9062694645503555
HP EliteBook 840 G6,HP,8LX79PA) Laptop,4,8,8,512,0,Windows,Integrated UHD Graphics 620,,14.0,1920,1080,FHD,57,877.5,2.0,1.0,1,0.35398230088495575,0.10869565217391305,0.125,0.8115294572477931
Asus VivoBook 15 X515EA-EJ701WS Laptop,Asus,Intel Core i7 11th Gen,4,8,16,512,0,Windows,Intel Integrated Iris Xe,,15.6,1920,1080,FHD,61,533.4,4.08,1.5,1,0.7221238938053097,0.16304347826086957,0.25,0.8854356837560944
HP 245 G8 Laptop,HP,AMD Athlon Silver 3050U,2,2,8,0,1000,Windows,AMD Radeon Graphics,,14.0,1366,768,HD,47,252.19,1.25,1.6,0,0.22123893805309733,0.1739130434782609,0.125,0.9458343177473743
HP 15s-eq2146AU Laptop,HP,AMD Ryzen 3 5300U,4,8,8,256,0,Windows,AMD Radeon Graphics,,15.6,1920,1080,FHD,59,392.75,2.0,1.6,1,0.35398230088495575,0.1739130434782609,0.125,0.9156446659077729
Lenovo V15 82KBA01TIH Laptop,Lenovo,Intel Core i5 11th Gen,4,8,8,512,0,Windows,Intel Integrated Iris Xe,,15.6,1920,1080,FHD,65,480.05,3.08,1.5,1,0.5451327433628318,0.16304347826086957,0.125,0.896894263192938
Apple MacBook Pro M2 2022 Laptop,Apple,Apple M2,8,0,16,512,0,Mac,10 Core GPU,,13.3,2560,1600,QHD,47,1638.33,4.25,3.0,1,0.7522123893805309,0.32608695652173914,0.25,0.648117442384931
Lenovo V15 82KDA01UIH Laptop,Lenovo,AMD Ryzen 3 5300U,4,8,8,512,0,Linux,AMD Radeon Graphics,,15.6,1920,1080,FHD,56,320.0,2.0,1.6,1,0.35398230088495575,0.1739130434782609,0.125,0.9312700015034687
Lenovo Yoga 9i 83B1002GIN Laptop,Lenovo,Intel Core i7 13th Gen,12,16,16,1000,0,Windows,Intel Iris Xe Integrated Graphics,,14.0,3840,2400,4K,78,1697.4,4.24,1.5,1,0.7504424778761062,0.16304347826086957,0.25,0.6354303142249618
Honor MagicBook X14 Laptop,Honor,Intel Core i5 11th Gen,4,8,8,512,0,Windows,‎Intel Iris Xe Graphics,,14.0,1920,1080,FHD,63,455.8,3.08,1.5,1,0.5451327433628318,0.16304347826086957,0.125,0.9021027083915032
Chuwi CoreBook X Laptop,Chuwi,Intel Core i3 12th Gen,6,8,16,512,0,Windows,Intel HD Graphics,,14.0,2160,1440,FHD,54,329.7,2.16,1.5,1,0.3823008849557522,0.16304347826086957,0.25,0.9291866234240426
Dell Inspiron 15 3520 D560915WIN9S Laptop,Dell,Intel Core i3 12th Gen,6,8,8,512,0,Windows,Intel UHD Graphics,,15.6,1920,1080,FHD,59,454.93,2.16,1.0,1,0.3823008849557522,0.10869565217391305,0.125,0.9022895680749157
Dell Inspiron 3520 D560866WIN9S Laptop,Dell,Intel Core i5 12th Gen,10,12,8,512,0,Windows,Intel Iris Xe Graphics,,15.6,1920,1080,FHD,60,617.79,3.16,1.5,1,0.55929203539823,0.16304347826086957,0.125,0.8673102944650873
Lenovo V15 82KDA00YIH Laptop,Lenovo,AMD Ryzen 5 5500U,6,12,8,512,0,Linux,AMD Radeon Graphics,,15.6,1920,1080,FHD,56,408.73,3.0,1.6,1,0.5309734513274336,0.1739130434782609,0.125,0.9122124616078524
HP 245 G8 3S7L2PA Laptop,HP,AMD Ryzen 3 3250U,2,4,4,0,1000,Windows,AMD Radeon Graphics,,14.0,1920,1080,FHD,53,242.4,2.0,1.6,0,0.35398230088495575,0.1739130434782609,0.0625,0.9479370261388775
Acer Aspire 3 A314-35 UN.K0SSI.040 Laptop,Acer,Intel Pentium Silver N6005,4,4,4,256,0,Windows,Intel Integrated UHD,,14.0,1366,768,HD,50,368.5,1.25,1.0,1,0.22123893805309733,0.10869565217391305,0.0625,0.9208531111063382
Asus VivoBook 15 X1500EA-EJ3379WS Laptop,Asus,Intel Core i3 11th Gen,2,4,8,512,0,Windows,Intel UHD Graphics,,15.6,1920,1080,FHD,51,417.0,2.08,1.0,1,0.368141592920354,0.10869565217391305,0.125,0.9104362207092077
Lenovo V15 82KBA01KIH Laptop,Lenovo,Intel Core i5 11th Gen,4,8,8,512,0,Linux,Intel Integrated UHD,,15.6,1920,1080,FHD,60,509.25,3.08,1.0,1,0.5451327433628318,0.10869565217391305,0.125,0.8906226508301295
HP 255 G8 Business Laptop,HP,AMD Athlon 3050U,2,2,8,0,1000,Windows,AMD Radeon Graphics,,15.6,1366,768,HD,47,265.68,1.25,1.6,0,0.22123893805309733,0.1739130434782609,0.125,0.9429369187482549
Lenovo E41-55 82FJ00ALIH Laptop,Lenovo,AMD Athlon 3150U,2,2,4,0,1000,Linux,AMD Radeon AMD,,14.0,1366,768,HD,48,184.2,1.25,1.5,0,0.22123893805309733,0.16304347826086957,0.0625,0.9604372946154341
Lenovo E41-55 82FJ00BLIH Laptop,Lenovo,AMD Athlon 3050U,2,2,4,256,0,Windows,AMD Radeon AMD,,14.0,1366,768,HD,51,203.6,1.25,1.5,1,0.22123893805309733,0.16304347826086957,0.0625,0.9562705384565819
Dell Inspiron 5620 Laptop,Dell,Intel Core i7 12th Gen,10,12,16,512,0,Windows,NVIDIA GeForce MX570,2.0,16.0,1920,1080,FHD,69,954.96,4.16,2.5,1,0.736283185840708,0.27173913043478265,0.25,0.7948925019867266
Acer Aspire 7 A715-51G UN.QGCSI.002 Gaming Laptop,Acer,Intel Core i5 12th Gen,12,16,16,512,0,Windows,NVIDIA GeForce RTX 3050,4.0,15.6,1920,1080,FHD,76,717.7,3.16,4.9,1,0.55929203539823,0.532608695652174,0.25,0.8458515002469984
Asus VivoBook 14 X415EA-EK522WS Laptop,Asus,Intel Core i5 11th Gen,4,8,8,512,0,Windows,Intel Integrated Intel UHD,,14.0,1920,1080,FHD,65,480.05,3.08,1.0,1,0.5451327433628318,0.10869565217391305,0.125,0.896894263192938
Dell Alienware M15 R7 Gaming Laptop,Dell,Intel Core i7 12th Gen,14,20,16,512,0,Windows,NVIDIA GeForce RTX 3060,6.0,15.6,1920,1080,FHD,84,1639.2,4.16,6.0,1,0.736283185840708,0.6521739130434783,0.25,0.6479305827015185
Asus Vivobook 16X M1603QA-MB512WS Laptop,Asus,AMD Ryzen 5-5600H,6,12,16,512,0,Windows,AMD Radeon Vega 7,,16.0,1920,1200,FHD,68,533.4,3.0,1.8,1,0.5309734513274336,0.1956521739130435,0.25,0.8854356837560944
Acer Extensa EX215-31 Laptop,Acer,Intel Pentium N5030,4,0,8,256,0,Windows,Intel Integrated UHD 605,,15.6,1366,768,HD,50,242.4,1.25,1.0,1,0.22123893805309733,0.10869565217391305,0.125,0.9479370261388775
Asus Vivobook 15 2022 X1502ZA-EJ514WS Laptop,Asus,Intel Core i5 12th Gen,10,12,8,512,0,Windows,Intel Iris Xe,,15.6,1920,1080,FHD,62,552.8,3.16,1.5,1,0.55929203539823,0.16304347826086957,0.125,0.8812689275972422
Asus VivoBook 15 X1500EA-EJ522WS Laptop,Asus,Intel Core i5 11th Gen,4,8,8,512,0,Windows,Intel Iris Xe Graphics,,15.6,1920,1080,FHD,56,454.83,3.08,1.5,1,0.5451327433628318,0.16304347826086957,0.125,0.9023110461994459
Lenovo IdeaPad 3 82KU017KIN Laptop,Lenovo,AMD Ryzen 5 5500U,6,12,8,512,0,Windows,AMD Radeon Graphics,,15.6,1920,1080,FHD,57,439.2,3.0,1.6,1,0.5309734513274336,0.1739130434782609,0.125,0.9056680770635108
Dell G15-5521 D560897WIN9S Gaming Laptop,Dell,Intel Core i9 12th Gen,14,20,16,1000,0,Windows,NVIDIA GEFORCE RTX 3070 Ti,8.0,15.6,2560,1440,QHD,71,1348.2,4.76,7.2,1,0.8424778761061946,0.782608695652174,0.25,0.7104319250843016
Dell Inspiron 5420 Laptop,Dell,Intel Core i7 12th Gen,10,12,16,512,0,Windows,Intel Integrated Iris,,14.0,1920,1200,FHD,57,771.05,4.16,1.5,1,0.736283185840708,0.16304347826086957,0.25,0.8343929208101548
HP 255 G8 6X4B2PA Laptop,HP,AMD Athlon 3050,2,2,4,256,0,Linux,‎AMD Integrated,,15.6,1920,1080,FHD,0,209.84,1.25,1.5,1,0.22123893805309733,0.16304347826086957,0.0625,0.9549303034858996
Asus Vivobook 15 OLED X1505ZA-L1511WS Laptop,Asus,Intel Core i5 12th Gen,10,12,16,512,0,Windows,Intel Integrated Iris Xe,,15.6,1920,1080,FHD,61,654.74,3.16,1.5,1,0.55929203539823,0.16304347826086957,0.25,0.859374127451191
Microsoft Surface Laptop 5 13.5 inch,Microsoft,Intel Core i5 12th Gen,10,12,8,256,0,Windows,Intel Iris Xe,,13.5,2256,1504,FHD,50,960.2,3.16,1.5,1,0.55929203539823,0.16304347826086957,0.125,0.7937670482613458
Infinix INBook X2 Plus XL25 Laptop,Infinix,Intel Core i3 11th Gen,2,4,8,256,0,Windows,Intel Integrated UHD,,15.6,1920,1080,FHD,45,339.4,2.08,1.0,1,0.368141592920354,0.10869565217391305,0.125,0.9271032453446165
Infinix INBook X2 Plus XL25 Laptop,Infinix,Intel Core i7 11th Gen,4,8,16,512,0,Windows,Intel Integrated Iris Xe,,15.6,1920,1080,FHD,59,562.5,4.08,1.5,1,0.7221238938053097,0.16304347826086957,0.25,0.8791855495178161
Infinix INBook X2 Plus XL25 Laptop,Infinix,Intel Core i5 11th Gen,4,8,8,512,0,Windows,Intel Integrated Iris Xe,,15.6,1920,1080,FHD,49,465.5,3.08,1.5,1,0.5451327433628318,0.16304347826086957,0.125,0.9000193303120771
Honor MagicBook 14 M-WFQ9AHNE Laptop,Honor,AMD Ryzen 5 5500U,6,12,16,512,0,Windows,AMD Radeon,,14.0,1920,1080,FHD,59,436.4,3.0,1.5,1,0.5309734513274336,0.16304347826086957,0.25,0.9062694645503555
HP Victus 15-fa0092TX Laptop,HP,Intel Core i5 12th Gen,8,12,16,512,0,Windows,NVIDIA GeForce RTX 3050,4.0,15.6,1920,1080,FHD,69,795.3,3.16,4.9,1,0.55929203539823,0.532608695652174,0.25,0.8291844756115896
HP ProBook 440 G8 Laptop,HP,Intel Core i5 11th Gen,4,8,8,512,0,Windows,Intel Iris Xe Graphics,,14.0,1366,768,HD,56,504.3,3.08,1.5,1,0.5451327433628318,0.16304347826086957,0.125,0.8916858179943727
Lenovo Legion 5 82RB00K8IN Laptop,Lenovo,Intel Core i7 12th Gen,14,20,16,1000,0,Windows,NVIDIA GeForce RTX 3060,6.0,15.6,2560,1600,QHD,86,1377.3,4.16,6.0,1,0.736283185840708,0.6521739130434783,0.25,0.7041817908460233
Dell Inspiron 3520 D560879WIN9S Laptop,Dell,Intel Core i5 12th Gen,10,12,16,512,0,Windows,Intel Iris Xe Graphics,,15.6,1920,1080,FHD,62,640.1,3.16,1.5,1,0.55929203539823,0.16304347826086957,0.25,0.8625185248824072
HP Omen 16-n0091AX Gaming Laptop,HP,AMD Ryzen 7 6800H,8,16,16,512,0,Windows,NVIDIA GeForce RTX 3050Ti,4.0,16.1,1920,1080,FHD,69,1124.26,4.0,4.9,1,0.7079646017699115,0.532608695652174,0.25,0.7585300371571554
MSI Modern 15 B12M-202IN Laptop,MSI,Intel Core i5 12th Gen,10,12,8,512,0,Windows,Intel Integrated Iris Xe,,15.6,1920,1080,FHD,61,538.25,3.16,1.5,1,0.55929203539823,0.16304347826086957,0.125,0.8843939947163814
Lenovo Legion 5 Pro 16IAH7H 82RF00DYIN Gaming Laptop,Lenovo,Intel Core i7 12th Gen,14,20,16,1000,0,Windows,NVIDIA GeForce RTX 3060,6.0,16.0,2560,1600,QHD,84,1600.4,4.16,6.0,1,0.736283185840708,0.6521739130434783,0.25,0.6562640950192229
Asus Vivobook Pro 15 OLED M3500QC-L1461WS Gaming Laptop,Asus,AMD Ryzen 5 5600H,6,12,16,512,0,Windows,NVIDIA GeForce RTX 3050,4.0,15.6,1920,1080,FHD,69,955.45,3.0,4.9,1,0.5309734513274336,0.532608695652174,0.25,0.7947872591765287
Lenovo V15 82C3001VSP Laptop,Lenovo,Intel Celeron N4020,2,2,4,256,0,Windows,Intel Integrated UHD,,15.6,1920,1080,FHD,51,213.39,1.0,1.0,1,0.17699115044247787,0.10869565217391305,0.0625,0.9541678300650787
Dell Inspiron 5320 Laptop,Dell,Intel Core i5 12th Gen,12,16,16,512,0,Windows,Intel Integrated UHD,,13.3,2560,1600,QHD,66,741.95,3.16,1.0,1,0.55929203539823,0.10869565217391305,0.25,0.8406430550484332
Asus TUF Gaming A15 2022 FA506QM-HN008W Gaming Laptop,Asus,AMD Ryzen 7 5800H,8,16,16,512,0,Windows,NVIDIA GeForce RTX 3060,6.0,15.6,1920,1080,FHD,75,872.9,4.0,6.0,1,0.7079646017699115,0.6521739130434783,0.25,0.8125174509761808
Lenovo E41-55 AMD Laptop,Lenovo,AMD Athlon Pro 3045B,2,2,8,0,1000,Windows,AMD Radeon Graphics,,14.0,1920,1080,FHD,44,223.09,1.25,1.6,0,0.22123893805309733,0.1739130434782609,0.125,0.9520844519856526
Asus VivoBook 14 2022 X1402ZA-EK391WS Laptop,Asus,Intel Core i3 12th Gen,10,12,8,256,0,Windows,Intel Integrated Iris Xe Graphics,,14.0,1920,1080,FHD,60,378.2,2.16,1.5,1,0.3823008849557522,0.16304347826086957,0.125,0.9187697330269121
Lenovo IdeaPad 3 82KU00LQIN Laptop,Lenovo,AMD Ryzen 5 5500U,6,12,8,512,0,Windows,AMD Radeon Graphics,,15.6,1920,1080,FHD,55,455.8,3.0,1.6,1,0.5309734513274336,0.1739130434782609,0.125,0.9021027083915032
Lenovo V15 G2-ITL Business Laptop,Lenovo,Intel Core i5 11th Gen,4,8,8,512,0,Windows,Intel Integrated UHD,,15.6,1920,1080,FHD,56,475.29,3.08,1.0,1,0.5451327433628318,0.10869565217391305,0.125,0.8979166219205739
Lenovo IdeaPad Gaming 3 82K1019BIN Laptop,Lenovo,Intel Core i5 11th Gen,4,8,16,512,0,Windows,NVIDIA GeForce RTX 3050,4.0,15.6,1920,1080,FHD,71,669.19,3.08,4.9,1,0.5451327433628318,0.532608695652174,0.25,0.856270538456582
MSI Gaming Katana GF76 11SC-847IN Laptop,MSI,Intel Core i5 11th Gen,6,12,8,512,0,Windows,NVIDIA GeForce GTX1650,4.0,15.6,1920,1080,FHD,72,543.1,3.08,3.2,1,0.5451327433628318,0.3478260869565218,0.125,0.8833523056766683
MSI Katana GF66 12UD-640IN Gaming Laptop,MSI,Intel Core i5 12th Gen,8,12,16,512,0,Windows,NVIDIA GeForce RTX 3050 Ti,4.0,15.6,1920,1080,FHD,76,756.5,3.16,5.1,1,0.55929203539823,0.5543478260869565,0.25,0.837517987929294
MSI Thin GF63 12HW-004IN Gaming Laptop,MSI,Intel Core i5 12th Gen,12,16,8,512,0,Windows,Intel Integrated ARC,,15.6,1920,1080,FHD,60,533.4,3.16,1.5,1,0.55929203539823,0.16304347826086957,0.125,0.8854356837560944
Lenovo IdeaPad Gaming 3 82SA00B2IN Laptop,Lenovo,Intel Core i7 12th Gen,14,20,16,512,0,Windows,NVIDIA GeForce RTX 3060,6.0,16.0,1920,1200,FHD,79,1028.1,4.16,6.0,1,0.736283185840708,0.6521739130434783,0.25,0.7791834017053632
Lenovo IdeaPad Slim 5 82LN00JSIN Laptop,Lenovo,AMD Ryzen 7 5700U,8,16,16,512,0,Windows,AMD Radeon Graphics,,15.6,1920,1080,FHD,68,630.4,4.0,1.6,1,0.7079646017699115,0.1739130434782609,0.25,0.8646019029618334
MSI Pulse GL66 12UEK-898IN Gaming Laptop,MSI,Intel Core i9 12th Gen,14,20,16,1000,0,Windows,NVIDIA GeForce RTX 3060,6.0,15.6,2560,1440,QHD,75,1309.5,4.76,6.0,1,0.8424778761061946,0.6521739130434783,0.25,0.7187439592774758
Chuwi HeroBook Air Laptop,Chuwi,Intel Celeron N4020,2,2,4,128,0,Windows,Intel HD Graphics,,14.1,1366,768,HD,42,155.1,1.0,1.5,1,0.17699115044247787,0.16304347826086957,0.0625,0.9666874288537125
MSI Vector GP66 12UEO-646IN Gaming Laptop,MSI,Intel Core i7 12th Gen,14,20,16,1000,0,Windows,NVIDIA GeForce RTX 3060,6.0,15.6,1920,1080,FHD,85,1299.8,4.16,6.0,1,0.736283185840708,0.6521739130434783,0.25,0.720827337356902
Lenovo IdeaPad Slim 3 81X800LCIN Laptop,Lenovo,Intel Core i3 11th Gen,2,4,8,256,0,Windows,Intel UHD Graphics,,15.6,1920,1080,FHD,49,329.7,2.08,1.0,1,0.368141592920354,0.10869565217391305,0.125,0.9291866234240426
MSI Modern 14 B5M-242IN Laptop,MSI,AMD Ryzen 5 5500U,6,12,8,512,0,Windows,AMD Radeon Radeon,,14.0,1920,1080,FHD,59,429.61,3.0,1.5,1,0.5309734513274336,0.16304347826086957,0.125,0.9077278292059537
HP Envy x360 13-bf0059TU Laptop,HP,Intel Core i7 12th Gen,10,12,16,512,0,Windows,Intel Iris X Graphics,,13.3,2880,1800,QHD,68,990.59,4.16,1.5,1,0.736283185840708,0.16304347826086957,0.25,0.7872398462166283
Asus ZenBook Pro Duo 14 OLED 2022 UX8402ZE-M711WS Laptop,Asus,Intel Core i7 12th Gen,14,20,16,1000,0,Windows,NVIDIA GeForce RTX 3050 Ti,4.0,14.5,2880,1800,QHD,81,1551.9,4.16,5.1,1,0.736283185840708,0.5543478260869565,0.25,0.6666809854163533
Dell Vostro 3425 D552305WIN9BE Laptop,Dell,AMD Ryzen 3 5425U,4,8,8,256,0,Windows,AMD Radeon AMD,,14.0,1920,1080,FHD,59,375.03,2.0,1.5,1,0.35398230088495575,0.16304347826086957,0.125,0.9194505895745183
Lenovo Ideapad Slim 3 82H802KVIN Laptop,Lenovo,Intel Core i5 11th Gen,4,8,8,512,0,Windows,Intel Iris XE Graphic,,15.6,1920,1080,FHD,59,538.25,3.08,1.5,1,0.5451327433628318,0.16304347826086957,0.125,0.8843939947163814
Dell Vostro 3425 D552309WIN9BE Laptop,Dell,AMD Ryzen 3 5425U,4,8,8,512,0,Windows,AMD Radeon AMD,,14.0,1920,1080,FHD,61,378.2,2.0,1.5,1,0.35398230088495575,0.16304347826086957,0.125,0.9187697330269121
Acer Extensa EX215-54 NX.EGJSI.00N Laptop,Acer,Intel Core i5 11th Gen,4,8,8,512,0,Windows,Intel Integrated Iris Xe,,15.6,1920,1080,FHD,59,397.6,3.08,1.5,1,0.5451327433628318,0.16304347826086957,0.125,0.9146029768680599
HP Pavilion 15s-FR5007TU Laptop,HP,Intel Core i5 12th Gen,10,12,8,512,0,Windows,Intel Iris Xe,,15.6,1920,1080,FHD,59,577.05,3.16,1.5,1,0.55929203539823,0.16304347826086957,0.125,0.876060482398677
Lenovo Ideapad Slim 3i 81WQ00NXIN Laptop,Lenovo,Intel Celeron N4020,2,2,8,256,0,Windows,Intel Integrated UHD,,15.6,1366,768,HD,49,281.11,1.0,1.0,1,0.17699115044247787,0.10869565217391305,0.125,0.9396228441332503
Asus Vivobook 15 2022 X1502ZA-EJ302WS Laptop,Asus,Intel Core i3 12th Gen,10,12,8,256,0,Windows,Intel Iris Xe,,15.6,1920,1080,FHD,51,397.6,2.16,1.5,1,0.3823008849557522,0.16304347826086957,0.125,0.9146029768680599
HP 15s-ey1508AU Laptop,HP,AMD Ryzen 3 3250U,2,4,8,256,0,Windows,AMD Radeon Radeon,,15.6,1366,768,HD,55,290.9,2.0,1.5,1,0.35398230088495575,0.16304347826086957,0.125,0.9375201357417471
MSI Thin GF63 11UC-866IN Gaming Laptop,MSI,Intel Core i7 11th Gen,8,16,8,512,0,Windows,NVIDIA GeForce RTX 3050,4.0,15.6,1920,1080,FHD,69,636.22,4.08,4.9,1,0.7221238938053097,0.532608695652174,0.125,0.8633518761141776
Asus Vivobook Pro 15 OLED M6500IH-L1701WS Laptop,Asus,AMD Ryzen 7-4800H,8,16,16,512,0,Windows,NVIDIA GeForce GTX 1650 Max Q,4.0,15.6,1920,1080,FHD,68,630.4,4.0,3.2,1,0.7079646017699115,0.3478260869565218,0.25,0.8646019029618334
Lenovo IdeaPad Slim 3 82KU017EIN Laptop,Lenovo,AMD Ryzen 5 5500U,6,12,8,512,0,Windows,AMD Radeon,,15.6,1920,1080,FHD,65,475.2,3.0,1.5,1,0.5309734513274336,0.16304347826086957,0.125,0.897935952232651
Lenovo Ideapad Gaming 3 82K201UKIN Laptop,Lenovo,AMD Ryzen 7 5800H,8,16,8,512,0,Windows,NVIDIA GeForce RTX 3050,4.0,15.6,1920,1080,FHD,67,755.14,4.0,4.9,1,0.7079646017699115,0.532608695652174,0.125,0.8378100904229042
Lenovo IdeaPad 3 14ITL6 82H701DYIN Laptop,Lenovo,Intel Core i3 11th Gen,2,4,8,512,0,Windows,Intel Integrated UHD,,14.0,1920,1080,FHD,50,368.5,2.08,1.0,1,0.368141592920354,0.10869565217391305,0.125,0.9208531111063382
Dell Latitude 5320 Business Laptop,Dell,Intel Core i5 11th Gen,4,8,8,512,0,Windows,Intel UHD Graphics,,13.3,1920,1080,FHD,62,993.28,3.08,1.0,1,0.5451327433628318,0.10869565217391305,0.125,0.7866620846667669
MSI Thin GF63 11UC-867IN Gaming Laptop,MSI,Intel Core i5 11th Gen,6,12,8,512,0,Windows,NVIDIA GeForce RTX 3050,4.0,15.6,1920,1080,FHD,67,552.8,3.08,4.9,1,0.5451327433628318,0.532608695652174,0.125,0.8812689275972422
HP 15s-fr2514TU Laptop,HP,Intel Core i3 11th Gen,2,4,8,256,0,Windows,Intel UHD Graphics,,15.6,1920,1080,FHD,44,373.44,2.08,1.0,1,0.368141592920354,0.10869565217391305,0.125,0.919792091754548
Asus Zenbook Flip 14 OLED UP5401ZA-KN501WS Laptop,Asus,Intel Core i5 12th Gen,12,16,16,512,0,Windows,Intel Integrated Iris Xe,,14.0,2880,1800,QHD,65,834.1,3.16,1.5,1,0.55929203539823,0.16304347826086957,0.25,0.8208509632938852
Acer Aspire 3 A315-23 UN.HVTSI.013 Laptop,Acer,AMD Ryzen 3 3250U,2,4,8,256,0,Windows,AMD Radeon AMD,,15.6,1920,1200,FHD,54,261.8,2.0,1.5,1,0.35398230088495575,0.16304347826086957,0.125,0.9437702699800253
HP 15s-dr3506TU Laptop,HP,Intel Core i3 11th Gen,2,4,8,256,1000,Windows,Intel UHD Graphics,,15.6,1920,1080,FHD,61,426.7,2.08,1.0,1,0.368141592920354,0.10869565217391305,0.125,0.9083528426297816
HP 14s-fq0568AU Laptop,HP,AMD Athlon 3050U,2,2,8,256,0,Windows,AMD Radeon AMD,,14.0,1366,768,HD,50,249.85,1.25,1.5,1,0.22123893805309733,0.16304347826086957,0.125,0.9463369058613802
HP 15s-du3614TU Laptop,HP,Intel Core i3 11th Gen,2,4,8,256,1000,Windows,Intel Integrated UHD,,15.6,1920,1080,FHD,61,391.78,2.08,1.0,1,0.368141592920354,0.10869565217391305,0.125,0.9158530037157155
HP 15s-eq1560AU Laptop,HP,AMD Ryzen 3 3250U,2,4,8,512,0,Windows,AMD Radeon,,15.6,1920,1080,FHD,61,368.5,2.0,1.5,1,0.35398230088495575,0.16304347826086957,0.125,0.9208531111063382
Dell Inspiron 3525 Laptop,Dell,AMD Ryzen3 5425U,4,8,8,512,0,Windows,AMD Radeon Radeon Graphics,,15.6,1920,1080,FHD,63,394.43,2.0,1.6,1,0.35398230088495575,0.1739130434782609,0.125,0.9152838334156661
Lenovo IdeaPad Gaming 3 82K10198IN Laptop,Lenovo,Intel Core i5 11th Gen,4,8,8,512,0,Windows,NVIDIA GeForce GTX 1650,4.0,15.6,1920,1080,FHD,68,528.17,3.08,3.2,1,0.5451327433628318,0.3478260869565218,0.125,0.8865589896690221
Acer Predator Helios 500 Ph517-52 Gaming Laptop,Acer,Intel Core i9 11th Gen,8,16,64,2000,1000,Windows,NVIDIA GeForce RTX 3080,16.0,17.3,3840,2160,4K,97,4191.94,4.68,8.6,1,0.8283185840707964,0.9347826086956522,1.0,0.09964990657015826
Lenovo Ideapad Gaming 3 82K201UNIN Laptop,Lenovo,AMD Ryzen 7 5800H,8,16,16,512,0,Windows,NVIDIA GeForce RTX 3060,6.0,15.6,1920,1080,FHD,75,879.79,4.0,6.0,1,0.7079646017699115,0.6521739130434783,0.25,0.8110376081960523
Lenovo IdeaPad Slim 3 82H701DNIN Laptop,Lenovo,Intel Core i3 11th Gen,2,4,8,512,0,Windows,Intel UHD Graphics,,14.0,1920,1080,FHD,48,365.69,2.08,1.0,1,0.368141592920354,0.10869565217391305,0.125,0.9214566464056358
Dell Vostro 5625 laptop,Dell,AMD Ryzen 5-5625U,6,12,8,512,0,Windows,AMD Radeon Graphics,,16.0,1920,1200,FHD,71,562.5,3.0,1.6,1,0.5309734513274336,0.1739130434782609,0.125,0.8791855495178161
HP Pavilion 14-eh0024TU Laptop,HP,Intel Core i7 12th Gen,14,20,16,1000,0,Windows,Intel Iris Xe Graphics,,14.0,2880,1800,QHD,74,892.3,4.16,1.5,1,0.736283185840708,0.16304347826086957,0.25,0.8083506948173286
Dell XPS 13 Plus 9320 Laptop,Dell,Intel Core i7 12th Gen,12,16,16,1000,0,Windows,Intel Iris Xe Graphics,,13.4,3840,2400,4K,71,1731.45,4.16,1.5,1,0.736283185840708,0.16304347826086957,0.25,0.6281170128224403
Asus ZenBook Pro Duo 15 OLED 2022 UX582ZM-H701WS Laptop,Asus,Intel Core i7 12th Gen,14,20,32,1000,0,Windows,NVIDIA GeForce RTX 3060,6.0,15.6,3840,2160,4K,91,1939.9,4.16,6.0,1,0.736283185840708,0.6521739130434783,0.5,0.5833458622393093
Dell Alienware x14 Gaming Laptop,Dell,Intel Core i7 12th Gen,14,20,16,512,0,Windows,NVIDIA GEFORCE RTX 3050 Ti,4.0,15.6,1920,1080,FHD,76,1648.9,4.16,5.1,1,0.736283185840708,0.5543478260869565,0.25,0.6458472046220923
HP Victus 15-fa0354TX Laptop,HP,Intel Core i7 12th Gen,10,16,16,512,0,Windows,NVIDIA GeForce RTX 3050 Ti,4.0,15.6,1920,1080,FHD,63,918.58,4.16,5.1,1,0.736283185840708,0.5543478260869565,0.25,0.8027062436908009
HP 15s-fq2671TU Laptop,HP,Intel Core i3 11th Gen,2,4,8,512,0,Windows,Intel Integrated UHD,,15.6,1920,1080,FHD,55,402.55,2.08,1.0,1,0.368141592920354,0.10869565217391305,0.125,0.9135398097038167
MSI Katana GF66 11UE-861IN Gaming Laptop,MSI,Intel Core i7 11th Gen,8,16,16,512,0,Windows,NVIDIA GeForce RTX 3060,6.0,15.6,1920,1080,FHD,74,834.1,4.08,6.0,1,0.7221238938053097,0.6521739130434783,0.25,0.8208509632938852
Lenovo Yoga Slim 7 Pro 82NC00EWIN Laptop,Lenovo,Intel Core i5 11th Gen,4,8,16,512,0,Windows,Intel Iris Xe Graphics,,14.0,2880,1800,QHD,62,698.3,3.08,1.5,1,0.5451327433628318,0.16304347826086957,0.25,0.8500182564058506
HP 15s- fr2512TU Laptop,HP,Intel Core i3 11th Gen,4,8,8,256,0,Windows,Intel UHD Graphics,,15.6,1920,1080,FHD,47,406.33,2.08,1.0,1,0.368141592920354,0.10869565217391305,0.125,0.9127279365965764
Lenovo IdeaPad Slim 3 82RK006DIN Laptop,Lenovo,Intel Core i3 12th Gen,6,8,8,512,0,Windows,‎Intel UHD Graphics,,15.6,1920,1080,FHD,50,426.79,2.16,1.0,1,0.3823008849557522,0.10869565217391305,0.125,0.9083335123177044
HP Victus 16-e0650AX Gaming Laptop,HP,AMD Ryzen 7 5800H,8,16,8,512,0,Windows,NVIDIA GeForce GTX 1650,4.0,16.1,1920,1080,FHD,74,698.3,4.0,3.2,1,0.7079646017699115,0.3478260869565218,0.125,0.8500182564058506
Lenovo V15 82KBA03TIH Laptop,Lenovo,Intel Core i3 11th Gen,2,4,8,256,1000,Windows,Intel Integrated UHD,,15.6,1920,1080,FHD,50,358.9,2.08,1.0,1,0.368141592920354,0.10869565217391305,0.125,0.9229150110612341
Lenovo IdeaPad Gaming 3 82K101B7IN Laptop,Lenovo,Intel Core i5 11th Gen,4,8,16,256,1000,Windows,NVIDIA GeForce RTX 3050,4.0,15.6,1920,1080,FHD,72,754.18,3.08,4.9,1,0.5451327433628318,0.532608695652174,0.25,0.8380162804183939
Dell Inspiron 7420 Laptop,Dell,Intel Core i5 12th Gen,10,12,8,512,0,Windows,Intel Iris Xe Graphics,,14.0,1920,1200,FHD,54,727.4,3.16,1.5,1,0.55929203539823,0.16304347826086957,0.125,0.8437681221675724
Dell Inspiron 7620 Laptop,Dell,Intel Core i5 12th Gen,10,12,16,512,0,Windows,Intel Iris Xe Graphics,,16.0,1920,1200,FHD,61,916.65,3.16,1.5,1,0.55929203539823,0.16304347826086957,0.25,0.8031207714942331
Dell Inspiron 7420 2-in-1 Laptop,Dell,Intel Core i7 12th Gen,10,12,16,512,0,Windows,NVIDIA GeForce MX550,2.0,14.0,1920,1200,FHD,63,999.0,4.16,2.4,1,0.736283185840708,0.2608695652173913,0.25,0.7854335359436414
Asus ROG Strix G15 G513IE-HN040WS Gaming Laptop,Asus,AMD Ryzen 7 4800H,8,16,16,1000,0,Windows,NVIDIA GeForce RTX 3050 Ti,4.0,15.6,1920,1080,FHD,75,834.1,4.0,5.1,1,0.7079646017699115,0.5543478260869565,0.25,0.8208509632938852
Infinix INBook X1 Slim XL21 Laptop,Infinix,Intel Core i5 10th Gen,4,8,16,512,0,Windows,Intel Integrated UHD Graphics,,14.0,1920,1080,FHD,51,455.8,3.0,1.0,1,0.5309734513274336,0.10869565217391305,0.25,0.9021027083915032
HP 255 G8 62Y23PA Laptop,HP,AMD Ryzen 3 3250U,2,4,8,512,0,Windows,AMD Radeon Vega 8 Graphics,,15.6,1920,1080,FHD,56,311.21,2.0,1.8,1,0.35398230088495575,0.1956521739130435,0.125,0.9331579286496703
Asus Vivobook 16X 2022 M1603QA-MB711WS Laptop,Asus,AMD Ryzen 7-5800H,8,16,16,512,0,Windows,AMD Radeon Vega 7,,16.0,1920,1200,FHD,72,649.8,4.0,1.8,1,0.7079646017699115,0.1956521739130435,0.25,0.8604351468029812
HP Pavilion 15-eg2036TU Laptop,HP,Intel Core i5 12th Gen,12,16,16,512,0,Windows,Intel Integrated Iris Xe,,15.6,1920,1080,FHD,63,678.9,3.16,1.5,1,0.55929203539823,0.16304347826086957,0.25,0.8541850125647028
Asus TUF Gaming F17 FX707ZM-HX030WS Laptop,Asus,Intel Core i7 12th Gen,14,20,16,1000,0,Windows,NVIDIA GeForce RTX 3060,6.0,17.3,1920,1080,FHD,76,1066.9,4.16,6.0,1,0.736283185840708,0.6521739130434783,0.25,0.7708498893876586
Asus Vivobook Pro 14 OLED M3400QA-KM702WS Gaming Laptop,Asus,AMD Ryzen 7 5800H,8,16,16,512,0,Windows,AMD Radeon Graphics,,14.0,2880,1800,QHD,71,630.4,4.0,1.6,1,0.7079646017699115,0.1739130434782609,0.25,0.8646019029618334
Infinix INBook X1 Slim Series XL21 Laptop,Infinix,Intel Core i3 10th Gen,2,4,8,512,0,Windows,Intel Integrated UHD Graphics,,14.0,1920,1080,FHD,47,324.85,2.0,1.0,1,0.35398230088495575,0.10869565217391305,0.125,0.9302283124637557
Asus TUF Gaming A15 FA506ICB-HN005W Laptop,Asus,AMD Ryzen 7 4800H,8,16,8,512,0,Windows,NVIDIA GeForce RTX 3050,4.0,15.6,1920,1080,FHD,68,678.9,4.0,4.9,1,0.7079646017699115,0.532608695652174,0.125,0.8541850125647028
Asus TUF Gaming F15 FX577ZM-HQ067WS Laptop,Asus,Intel Core i7 12th Gen,14,20,16,1000,0,Windows,NVIDIA GeForce RTX 3060,6.0,15.6,2560,1440,QHD,81,1193.0,4.16,6.0,1,0.736283185840708,0.6521739130434783,0.25,0.7437659743551193
Acer Aspire Vero AV15-51-5155 Laptop,Acer,Intel Core i5 11th Gen,4,8,16,512,0,Windows,Intel Integrated Iris Xe,,15.6,1920,1080,FHD,66,533.4,3.08,1.5,1,0.5451327433628318,0.16304347826086957,0.25,0.8854356837560944
Apple MacBook Air 2022 Laptop,Apple,Apple M2,8,0,8,512,0,Mac,10-Core GPU,,13.6,2560,1664,QHD,45,1338.5,4.25,3.0,1,0.7522123893805309,0.32608695652173914,0.125,0.7125153031637277
Asus TUF Gaming F15 FA506IHRB-HN079W Gaming Laptop,Asus,AMD Ryzen 5 4600H,6,12,8,512,0,Windows,NVIDIA GeForce GTX 1650,4.0,15.6,1920,1080,FHD,72,543.1,3.0,3.2,1,0.5309734513274336,0.3478260869565218,0.125,0.8833523056766683
Asus Vivobook S15 OLED S3502ZA-L502WS Laptop,Asus,Intel Core i5 12th Gen,12,16,16,512,0,Windows,Intel Iris XE Graphics,,15.6,1920,1080,FHD,65,698.4,3.16,1.5,1,0.55929203539823,0.16304347826086957,0.25,0.8499967782813205
HP Pavilion 14-dv2053TU Laptop,HP,Intel Core i5 12th Gen,10,12,8,512,0,Windows,Intel Iris Xe Graphics,,14.0,1920,1080,FHD,60,604.1,3.16,1.5,1,0.55929203539823,0.16304347826086957,0.125,0.870250649713267
HP Pavilion 15s-fq5010TU Laptop,HP,Intel Core i5 12th Gen,12,16,8,512,0,Windows,Intel Iris Xe,,15.6,1920,1080,FHD,62,614.5,3.16,1.5,1,0.55929203539823,0.16304347826086957,0.125,0.8680169247621298
Lenovo Ideapad Slim 3 81WB01EBIN Laptop,Lenovo,Intel Core i3 10th Gen,2,4,8,512,0,Windows,Intel Integrated,,15.6,1920,1080,FHD,60,353.95,2.0,1.5,1,0.35398230088495575,0.16304347826086957,0.125,0.9239781782254773
HP Pavilion 15s-FQ5009TU Laptop,HP,Intel Core i5 12th Gen,10,12,8,512,0,Windows,Intel Iris Xe,,15.6,1920,1080,FHD,59,586.85,3.16,1.5,1,0.55929203539823,0.16304347826086957,0.125,0.8739556261947207
Samsung Galaxy Book2 Laptop,Samsung,Intel Core i5 12th Gen,12,16,8,512,0,Windows,Intel Arc A350M Graphics,4.0,15.6,1920,1080,FHD,63,775.9,3.16,3.5,1,0.55929203539823,0.3804347826086957,0.125,0.8333512317704418
Asus Strix G15 G513RM-HQ271WS Gaming Laptop,Asus,AMD Ryzen 7 6800H,8,16,16,1000,0,Windows,NVIDIA GeForce RTX 3060,6.0,15.6,2560,1440,QHD,82,1212.4,4.0,6.0,1,0.7079646017699115,0.6521739130434783,0.25,0.7395992181962671
Dell Inspiron 5520 Laptop,Dell,Intel Core i5 12th Gen,12,16,16,512,0,Windows,NVIDIA GeForce RTX 3050,4.0,15.6,1920,1080,FHD,73,775.9,3.16,4.9,1,0.55929203539823,0.532608695652174,0.25,0.8333512317704418
Asus Vivobook S14 OLED S3402ZA-KM501WS Laptop,Asus,Intel Core i5 12th Gen,12,16,16,512,0,Windows,Intel Iris Xe Graphics,,14.0,2880,1800,QHD,63,688.6,3.16,1.5,1,0.55929203539823,0.16304347826086957,0.25,0.8521016344852768
HP Pavilion 15-EG2019TX Laptop,HP,Intel Core i5 12th Gen,10,12,16,512,0,Windows,NVIDIA GeForce MX550,2.0,15.6,1920,1080,FHD,60,758.54,3.16,2.4,1,0.55929203539823,0.2608695652173913,0.25,0.8370798341888787
Samsung Galaxy Book2 15 Laptop,Samsung,Intel Core i7 12th Gen,10,12,16,512,0,Windows,Intel Iris Xe Graphics,,15.6,1920,1080,FHD,62,775.9,4.16,1.5,1,0.736283185840708,0.16304347826086957,0.25,0.8333512317704418
Samsung Galaxy Book2 15 Laptop,Samsung,Intel Core i5 12th Gen,10,12,8,512,0,Windows,Intel Iris Xe Graphics,,15.6,1920,1080,FHD,60,625.55,3.16,1.5,1,0.55929203539823,0.16304347826086957,0.125,0.8656435920015464
Dell G15-5511 Gaming Laptop,Dell,Intel Core i5 11th Gen,6,12,8,512,0,Windows,NVIDIA GeForce RTX 3050,4.0,15.6,1920,1080,FHD,67,640.1,3.08,4.9,1,0.5451327433628318,0.532608695652174,0.125,0.8625185248824072
Lenovo IdeaPad 3 81WQ00MQIN Laptop,Lenovo,Intel Celeron N4020,2,2,8,256,0,Windows,Intel Integrated UHD,,15.6,1366,768,HD,51,257.87,1.0,1.0,1,0.17699115044247787,0.10869565217391305,0.125,0.9446143602740609
Dell G15-5520 Laptop,Dell,Intel Core i5 12th Gen,12,16,16,512,0,Windows,NVIDIA GeForce RTX 3050,4.0,15.6,1920,1080,FHD,67,824.4,3.16,4.9,1,0.55929203539823,0.532608695652174,0.25,0.8229343413733112
HP Pavilion 15-EG2035TU Laptop,HP,Intel Core i5 12th Gen,8,12,16,512,0,Windows,Intel UHD Graphics,,15.6,1920,1080,FHD,67,698.39,3.16,1.0,1,0.55929203539823,0.10869565217391305,0.25,0.8499989260937735
Acer Nitro 5 AN515-58 Gaming Laptop,Acer,Intel Core i5 12th Gen,8,16,8,512,0,Windows,NVIDIA GeForce RTX 3050,4.0,15.6,1920,1080,FHD,69,738.26,3.16,4.9,1,0.55929203539823,0.532608695652174,0.125,0.8414355978435963
Asus TUF Gaming A15 2021 FA506QM-HN124W Laptop,Asus,AMD Ryzen 9 5900HX,8,16,16,512,0,Windows,NVIDIA GeForce RTX 3060,6.0,15.6,1920,1080,FHD,75,959.33,4.6,6.0,1,0.8141592920353982,0.6521739130434783,0.25,0.7939539079447582
Lenovo V15-IGL 82C3A008IH Laptop,Lenovo,Intel Celeron N4020,2,2,4,256,0,Linux,Intel Integrated UHD,,15.6,1920,1080,FHD,43,193.9,1.0,1.0,1,0.17699115044247787,0.10869565217391305,0.0625,0.9583539165360081
Dell Latitude 3420 Laptop,Dell,Intel Core i5 11th Gen,4,8,16,256,1000,Windows,Intel UHD Graphics,,14.0,1366,768,HD,65,745.93,3.08,1.0,1,0.5451327433628318,0.10869565217391305,0.25,0.8397882256921325
Dell Inspiron 3521 Laptop,Dell,Intel Pentium N5030,4,0,8,256,0,Windows,Intel Integrated UHD,,15.6,1366,768,HD,49,310.72,1.25,1.0,1,0.22123893805309733,0.10869565217391305,0.125,0.9332631714598681
Dell Vostro 5625 laptop,Dell,AMD Ryzen 5-5625U,6,12,16,512,0,Windows,AMD Vega,,16.0,1920,1200,FHD,72,606.15,3.0,1.5,1,0.5309734513274336,0.16304347826086957,0.25,0.8698103481603986
HP 240 G8 Laptop,HP,Intel Core i5 11th Gen,4,8,8,512,0,Windows,Intel Integrated,,14.0,1366,768,HD,51,587.99,3.08,1.5,1,0.5451327433628318,0.16304347826086957,0.125,0.8737107755750768
HP Pavilion 15-eh2018AU Laptop,HP,AMD Ryzen 5 5625U,6,12,8,512,0,Windows,AMD Radeon Graphics,,15.6,1920,1080,FHD,60,509.15,3.0,1.6,1,0.5309734513274336,0.1739130434782609,0.125,0.8906441289546597
HP Pavilion 14-ec1003AU Laptop,HP,AMD Ryzen 5,6,12,8,512,0,Windows,AMD Radeon Graphics,,14.0,1920,1080,FHD,60,504.3,3.0,1.6,1,0.5309734513274336,0.1739130434782609,0.125,0.8916858179943727
Samsung Galaxy Book2 Pro 360 13 Laptop,Samsung,Intel Core i7 12th Gen,8,16,16,512,0,Windows,Intel Iris Xe Graphics,,13.3,1920,1080,FHD,73,1105.7,4.16,1.5,1,0.736283185840708,0.16304347826086957,0.25,0.7625163770699542
Dell Vostro 3510 Laptop,Dell,Intel Core i5 11th Gen,4,8,8,512,0,Windows,Intel Iris Xe Graphics,,15.6,1920,1080,FHD,60,528.55,3.08,1.5,1,0.5451327433628318,0.16304347826086957,0.125,0.8864773727958075
Asus Vivobook 15 X515MA-BR101W Laptop,Asus,Intel Pentium Quad Core,4,0,4,0,1000,Windows,Intel UHD,,15.6,1366,768,HD,48,226.97,1.25,1.0,0,0.22123893805309733,0.10869565217391305,0.0625,0.9512511007538822
Samsung Galaxy Book2 Pro 360 13 Laptop,Samsung,Intel Core i5 12th Gen,12,16,16,512,0,Windows,Intel Iris Xe Graphics,,13.3,1920,1080,FHD,72,1076.6,3.16,1.5,1,0.55929203539823,0.16304347826086957,0.25,0.7687665113082326
Asus Vivobook 13 Slate OLED T3300KA-LQ111WS Laptop,Asus,Intel Pentium Silver N6000,4,4,8,256,0,Windows,Intel UHD Graphics,,13.3,1920,1080,FHD,54,419.91,1.25,1.0,1,0.22123893805309733,0.10869565217391305,0.125,0.9098112072853798
Apple MacBook Air 2020 Z124J002KD Laptop,Apple,Apple M1,8,0,16,512,0,Mac,Apple M1 Integrated Graphics,,13.3,2560,1600,QHD,53,1222.1,4.0,1.5,1,0.7079646017699115,0.16304347826086957,0.25,0.737515840116841
HP 14s-fq1089au Laptop,HP,AMD Ryzen 3 5300U,4,8,8,512,0,Windows,AMD Radeon Graphics,,14.0,1920,1080,FHD,51,390.91,2.0,1.6,1,0.35398230088495575,0.1739130434782609,0.125,0.916039863399128
HP 15s- fq4021TU Laptop,HP,Intel Core i5 11th Gen,4,8,8,512,0,Windows,Intel Iris Xe Graphics,,15.6,1920,1080,FHD,54,538.34,3.08,1.5,1,0.5451327433628318,0.16304347826086957,0.125,0.8843746644043042
Apple MacBook Air 2020 Z124J001KD Laptop,Apple,Apple M1,8,0,16,256,0,Mac,Apple M1 Integrated Graphics,,13.3,2560,1600,QHD,43,1028.1,4.0,1.5,1,0.7079646017699115,0.16304347826086957,0.25,0.7791834017053632
HP 15s-eq2143au Laptop,HP,AMD Ryzen 3 5300U,4,8,8,512,0,Windows,AMD Radeon AMD,,15.6,1920,1080,FHD,56,384.59,2.0,1.5,1,0.35398230088495575,0.16304347826086957,0.125,0.9173972808694345
Dell Inspiron 3511 Laptop,Dell,Intel Core i5 11th Gen,4,8,8,256,1000,Windows,NVIDIA MX350,2.0,15.6,1920,1080,FHD,65,609.28,3.08,2.2,1,0.5451327433628318,0.23913043478260873,0.125,0.8691380828626044
Lenovo IdeaPad 3 82H801L7IN,Lenovo,Intel Core i3 11th Gen,2,4,8,512,0,Windows,Intel Integrated UHD,,15.6,1920,1080,FHD,53,368.13,2.08,1.0,1,0.368141592920354,0.10869565217391305,0.125,0.9209325801670998
Dell Latitude 7410 Laptop,Dell,Intel Core i5 10th Gen,4,8,8,256,0,Windows,Intel UHD Graphics,,14.0,1920,1080,FHD,60,751.74,3.0,1.0,1,0.5309734513274336,0.10869565217391305,0.125,0.8385403466569299
HP Pavilion 15-EC2145AX Gaming Laptop,HP,AMD Ryzen 5 5600H,6,12,8,512,0,Windows,NVIDIA GeForce GTX 3050,4.0,15.6,1920,1080,FHD,63,630.4,3.0,4.9,1,0.5309734513274336,0.532608695652174,0.125,0.8646019029618334
HP Pavilion 15-ec2150AX Laptop,HP,AMD Ryzen 5 5600H,6,12,8,512,0,Windows,NVIDIA GeForce GTX 1650,4.0,15.6,1920,1080,FHD,68,581.13,3.0,3.2,1,0.5309734513274336,0.3478260869565218,0.125,0.8751841749178462
Dell Latitude 5420 Laptop,Dell,Intel Core i7 11th Gen,4,8,16,512,0,Windows,Intel Iris Xe Graphics,,14.0,1920,1080,FHD,61,1086.4,4.08,1.5,1,0.7221238938053097,0.16304347826086957,0.25,0.7666616551042762
HP 14s-dy2506TU Laptop,HP,Intel Core i3 11th Gen,4,8,8,256,0,Windows,Intel Integrated UHD,,14.0,1920,1080,FHD,50,344.25,2.08,1.0,1,0.368141592920354,0.10869565217391305,0.125,0.9260615563049035
Lenovo IdeaPad 3 15ITL6 82H801L3IN Laptop,Lenovo,Intel Core i3 11th Gen,2,4,8,256,0,Windows,Intel Integrated UHD,,15.6,1920,1080,FHD,54,349.21,2.08,1.0,1,0.368141592920354,0.10869565217391305,0.125,0.9249962413282072
Infinix INBook X1 XL12 Laptop,Infinix,Intel Core i7 10th Gen,4,8,16,512,0,Windows,Intel Integrated UHD,,14.0,1920,1080,FHD,55,455.8,4.0,1.0,1,0.7079646017699115,0.10869565217391305,0.25,0.9021027083915032
Asus Vivobook X415EA-EB372WS Laptop,Asus,Intel Core i3 11th Gen,2,4,8,256,1000,Windows,Intel UHD Graphics,,14.1,1920,1080,FHD,54,378.2,2.08,1.0,1,0.368141592920354,0.10869565217391305,0.125,0.9187697330269121
Asus VivoBook 15 2021 X515JA-EJ362WS Laptop,Asus,Intel Core i3 10th Gen,2,4,8,512,0,Windows,Intel Integrated UHD,,15.6,1920,1080,FHD,50,320.0,2.0,1.0,1,0.35398230088495575,0.10869565217391305,0.125,0.9312700015034687
HP Pavilion 15-dk2095TX Gaming Laptop,HP,Intel Core i5 11th Gen,4,8,8,512,0,Windows,NVIDIA GeForce GTX 1650,4.0,15.6,1920,1080,FHD,55,601.3,3.08,3.2,1,0.5451327433628318,0.3478260869565218,0.125,0.8708520372001116
Apple MacBook Pro 16 inch MK1A3HN Laptop,Apple,M1 Max 10-core CPU,10,0,32,1000,0,Mac,32-core GPU,,16.2,3456,2234,QHD,61,2879.87,5.3,5.5,1,0.9380530973451326,0.5978260869565218,0.5,0.38145793509310766
Lenovo V15 82C30052IH Laptop,Lenovo,Intel Celeron N4020,2,2,4,0,1000,Linux,Intel Integrated UHD,,15.6,1920,1080,FHD,43,213.39,1.0,1.0,0,0.17699115044247787,0.10869565217391305,0.0625,0.9541678300650787
Dell Inspiron 3511 Laptop,Dell,Intel Core i3 11th Gen,2,4,8,256,1000,Windows,Intel Integrated,,15.6,1920,1080,FHD,54,402.45,2.08,1.5,1,0.368141592920354,0.16304347826086957,0.125,0.9135612878283468
HP Pavilion 15-ec2008AX Gaming Laptop,HP,AMD Ryzen 5 5600H,6,12,8,512,0,Windows,NVIDIA GeForce GTX 1650,4.0,15.6,1920,1080,FHD,71,568.76,3.0,3.2,1,0.5309734513274336,0.3478260869565218,0.125,0.8778410189222277
Asus VivoBook 15 X515EA-BQ312TS Laptop,Asus,Intel Core i3 11th Gen,2,4,8,256,0,Windows,Intel Integrated UHD,,15.6,1920,1080,FHD,59,339.44,2.08,1.0,1,0.368141592920354,0.10869565217391305,0.125,0.9270946540948044
Xiaomi Mi Notebook Ultra Laptop,Xiaomi,Intel Core i5 11th Gen,4,8,16,512,0,Windows,Intel Iris Xe Graphics,,15.6,3200,2000,QHD,66,611.09,3.08,1.5,1,0.5451327433628318,0.16304347826086957,0.25,0.8687493288086084
MSI Bravo 15 B5DD-043IN Gaming Laptop,MSI,AMD Ryzen 5 5600H,6,12,8,512,0,Windows,AMD Radeon RX5500M,4.0,15.6,1920,1080,FHD,69,567.45,3.0,1.5,1,0.5309734513274336,0.16304347826086957,0.125,0.8781223823535729
Lenovo IdeaPad 3 15ITL6 82H800U5IN Laptop,Lenovo,Intel Core i3 11th Gen,2,4,8,512,0,Windows,Intel Integrated UHD,,15.6,1920,1080,FHD,55,364.72,2.08,1.0,1,0.368141592920354,0.10869565217391305,0.125,0.9216649842135785
Xiaomi RedmiBook e-Learning Edition,Xiaomi,Intel Core i3 11th Gen,2,4,8,256,0,Windows,Intel UHD Graphics,,15.6,1920,1080,FHD,55,300.6,2.08,1.0,1,0.368141592920354,0.10869565217391305,0.125,0.9354367576623209
Realme Book Slim Laptop,Realme,Intel Core i3 11th Gen,2,4,8,256,0,Windows,Intel UHD Graphics,,14.0,2160,1440,FHD,53,455.8,2.08,1.0,1,0.368141592920354,0.10869565217391305,0.125,0.9021027083915032
Lenovo IdeaPad 3 15ITL6 82H8014BIN Laptop,Lenovo,Intel Core i5 11th Gen,4,8,8,512,0,Windows,Intel Integrated Iris Xe,,15.6,1920,1080,FHD,61,541.74,3.08,1.5,1,0.5451327433628318,0.16304347826086957,0.125,0.8836444081702786
Acer Extensa EX215-31 Laptop,Acer,Intel Pentium N5030,4,4,4,0,1000,Windows,Intel UHD Graphics 605,,15.6,1366,768,HD,0,213.3,1.25,1.0,0,0.22123893805309733,0.10869565217391305,0.0625,0.9541871603771559
Asus ROG Flow X13 GV301QH-K5462TS Gaming Laptop,Asus,AMD Ryzen 9,8,16,16,1000,0,Windows,NVIDIA GeForce GTX 1650,4.0,13.4,3840,2400,4K,84,1028.1,4.6,3.2,1,0.8141592920353982,0.3478260869565218,0.25,0.7791834017053632
Lenovo Yoga 9i 82BG005JIN Laptop,Lenovo,Intel Core i7 11th Gen,4,8,16,1000,0,Windows,Intel Iris Xe Graphics,,14.0,3840,2160,4K,67,1678.0,4.08,1.5,1,0.7221238938053097,0.16304347826086957,0.25,0.6395970703838141
Dell Inspiron 3501 Laptop,Dell,Intel Core i5 11th Gen,4,8,8,256,1000,Windows,Intel Iris Xe Graphics,,15.6,1920,1080,FHD,57,597.91,3.08,1.5,1,0.5451327433628318,0.16304347826086957,0.125,0.8715801456216843
Apple MacBook Air 2020 MGN73HN Laptop,Apple,Apple M1,8,0,8,512,0,Mac,Apple M1 Integrated Graphics,,13.3,2560,1600,QHD,47,1066.9,4.0,1.5,1,0.7079646017699115,0.16304347826086957,0.125,0.7708498893876586
Dell Inspiron 3593 Laptop,Dell,Intel Core i3 10th Gen,2,4,4,0,1000,Windows,Intel Integrated UHD,,15.6,1920,1080,FHD,55,358.8,2.0,1.0,0,0.35398230088495575,0.10869565217391305,0.0625,0.9229364891857643
Microsoft Surface Laptop 3 1873,Microsoft,V4G-00021) Laptop,4,8,8,128,0,Windows,AMD Radeon Vega 9,,15.0,2496,1664,FHD,59,969.9,2.0,1.8,1,0.35398230088495575,0.1956521739130435,0.125,0.7916836701819197
HP EliteBook 840 G6,HP,Intel Core i5 12th Gen,4,8,8,512,0,Windows,Radeon RX 550,2.0,14.0,1920,1080,FHD,66,1416.2,3.16,2.5,1,0.55929203539823,0.27173913043478265,0.125,0.6958268004037886
Dell Latitude 5320 2-in-1 Laptop,Dell,Intel Core i5 11th Gen,4,8,16,256,0,Windows,Intel UHD Graphics,,13.3,1920,1080,FHD,65,853.59,3.08,1.0,1,0.5451327433628318,0.10869565217391305,0.25,0.8166648768229559
Lenovo V15 ITL 82KBA03JIH Laptop,Lenovo,Intel Core i3 11th Gen,2,4,8,512,0,Windows,Intel Integrated UHD,,15.6,1920,1080,FHD,51,329.7,2.08,1.0,1,0.368141592920354,0.10869565217391305,0.125,0.9291866234240426
Asus VivoBook 15 X1500EA-EJ3381WS Laptop,Asus,Intel Core i3 11th Gen,2,4,8,512,0,Windows,Intel UHD Graphics,,15.6,1920,1080,FHD,51,382.18,2.08,1.0,1,0.368141592920354,0.10869565217391305,0.125,0.9179149036706115
HP Envy x360 15-ew0037TU Laptop,HP,Intel Core i5 12th Gen,10,12,16,512,0,Windows,Intel Integrated Iris Xe,,15.6,1920,1080,FHD,72,805.09,3.16,1.5,1,0.55929203539823,0.16304347826086957,0.25,0.8270817672200863
HP 15s-eq2213AU Laptop,HP,AMD Ryzen 3 5300U,4,8,8,512,0,Windows,AMD Radeon Graphics,,15.6,1920,1080,FHD,55,397.31,2.0,1.6,1,0.35398230088495575,0.1739130434782609,0.125,0.9146652634291974
Asus Vivobook Pro 16X OLED N7601ZM-MQ711WS Gaming Laptop,Asus,Intel Core i7 12th Gen,10,16,16,1000,0,Windows,NVIDIA GeForce RTX 3060,6.0,16.0,3840,2400,4K,86,1639.2,4.16,6.0,1,0.736283185840708,0.6521739130434783,0.25,0.6479305827015185
HP Victus 16-d0310TX Gaming Laptop,HP,Intel Core i5 11th Gen,6,12,8,512,0,Windows,NVIDIA GeForce GTX 1650,4.0,16.1,1920,1080,FHD,72,818.86,3.08,3.2,1,0.5451327433628318,0.3478260869565218,0.125,0.8241242294722825
HP Victus 15-fb0777AX Gaming Laptop,HP,AMD Ryzen 5 5600H,6,12,8,512,0,Windows,AMD Radeon RX 6500M Graphics,4.0,15.6,1920,1080,FHD,68,686.92,3.0,4.4,1,0.5309734513274336,0.47826086956521746,0.125,0.8524624669773835
HP Victus 16-d0311TX Gaming Laptop,HP,Intel Core i5 11th Gen,6,12,16,512,0,Windows,NVIDIA GeForce GTX 1650,4.0,16.1,1920,1080,FHD,74,737.1,3.08,3.2,1,0.5451327433628318,0.3478260869565218,0.25,0.8416847440881462
Dell G15-5520 D560897WIN9S Laptop,Dell,Intel Core i9 12th Gen,14,20,16,1000,0,Windows,NVIDIA GeForce RTX 3060,6.0,15.6,1920,1080,FHD,78,1454.02,4.76,6.0,1,0.8424778761061946,0.6521739130434783,0.25,0.68770377370648
HP Victus 16-e0333TX Gaming Laptop,HP,AMD Ryzen 5 5600H,6,12,16,512,0,Windows,NVIDIA GeForce RTX3060,6.0,16.1,1920,1080,FHD,73,902.0,3.0,6.0,1,0.5309734513274336,0.6521739130434783,0.25,0.8062673167379024
Lenovo Legion 5 Pro 82RG00ELIN Laptop,Lenovo,AMD Ryzen 7 6800H,8,16,16,1000,0,Windows,NVIDIA GeForce RTX 3060,6.0,16.0,2560,1600,QHD,75,1551.9,4.0,6.0,1,0.7079646017699115,0.6521739130434783,0.25,0.6666809854163533
MSI Katana GF66 12UD Gaming Laptop,MSI,Intel Core i7 12th Gen,14,20,16,512,0,Windows,NVIDIA GeForce RTX 3050Ti,4.0,15.6,1920,1080,FHD,76,1018.5,4.16,4.9,1,0.736283185840708,0.532608695652174,0.25,0.781245301660259
MSI Pulse GL66 12UGSZOK Gaming Laptop,MSI,Intel Core i9 12th Gen,14,20,16,1000,0,Windows,NVIDIA GeForce RTX 3070Ti,8.0,15.6,2560,1440,QHD,80,2027.3,4.76,7.2,1,0.8424778761061946,0.782608695652174,0.25,0.5645739813999442
HP Pavilion 15-eg2091TU Laptop,HP,Intel Core i5 12th Gen,12,16,16,512,0,Windows,Intel Iris Xe Graphics,,15.6,1920,1080,FHD,63,718.75,3.16,1.5,1,0.55929203539823,0.16304347826086957,0.25,0.8456259799394317
HP Envy x360 15-ew0043TU 2-in-1 Laptop,HP,Intel Core i5 12th Gen,10,12,16,512,0,Windows,Intel Iris Xe Graphics,,15.6,1920,1080,FHD,71,969.99,3.16,1.5,1,0.55929203539823,0.16304347826086957,0.25,0.7916643398698425
HP Envy x360 15-ew0047TU 2-in-1 Laptop,HP,Intel Core i7 12th Gen,10,12,16,512,0,Windows,Intel Iris X Graphics,,15.6,1920,1080,FHD,72,1125.2,4.16,1.5,1,0.736283185840708,0.16304347826086957,0.25,0.7583281427865718
HP ProBook 445 G8 Laptop,HP,AMD Ryzen 7 5800U,8,16,16,512,0,Windows,AMD Radeon,,14.0,1366,768,HD,72,717.79,4.0,1.5,1,0.7079646017699115,0.16304347826086957,0.25,0.8458321699349213
Apple MacBook Pro 16 inch Laptop,Apple,M2 Pro 12-core CPU,12,0,16,1000,0,Mac,19-core GPU,,16.2,3456,2234,QHD,59,2618.03,5.3,3.0,1,0.9380530973451326,0.32608695652173914,0.25,0.43769625636289433
Apple MacBook Pro 16 inch Laptop,Apple,M2 Pro 12-core CPU,12,0,16,512,0,Mac,19-core GPU,,16.2,3456,2234,QHD,55,2424.03,5.3,3.0,1,0.9380530973451326,0.32608695652173914,0.25,0.47936381795141636
Apple MacBook Pro 14 inch Laptop,Apple,M2 Max 12-core CPU,12,0,32,1000,0,Mac,30-core GPU,,14.2,3024,1964,QHD,62,3006.03,5.65,5.5,1,1.0,0.5978260869565218,0.5,0.35436113318585016
Apple MacBook Pro 14 inch Laptop,Apple,M2 Pro 12-core CPU,12,0,16,1000,0,Mac,19-core GPU,,14.2,3024,1964,QHD,56,2424.03,5.3,3.0,1,0.9380530973451326,0.32608695652173914,0.25,0.47936381795141636
Apple MacBook Pro 14 inch Laptop,Apple,M2 Pro 10-core CPU,10,0,16,512,0,Mac,16-core GPU,,14.2,3024,1964,QHD,54,1939.03,5.2,3.0,1,0.9203539823008849,0.32608695652173914,0.25,0.5835327219227218
HP Pavilion Plus 14-eh0037TU Laptop,HP,Intel Core i5 12th Gen,12,16,16,512,0,Windows,Intel Integrated Iris Xe,,14.0,2880,1800,QHD,71,795.3,3.16,1.5,1,0.55929203539823,0.16304347826086957,0.25,0.8291844756115896
Apple MacBook Pro 2022 Laptop,Apple,Apple M2,8,0,16,256,0,Mac,10 Core GPU,,13.3,2560,1600,QHD,44,1445.3,4.25,3.0,1,0.7522123893805309,0.32608695652173914,0.25,0.6895766661655104
Apple MacBook Air M2 2022 Laptop,Apple,Apple M2,8,0,16,512,0,Mac,10-Core GPU,,13.6,2560,1664,QHD,47,1542.3,4.25,3.0,1,0.7522123893805309,0.32608695652173914,0.25,0.6687428853712494
Apple MacBook Air 2022 Laptop,Apple,Apple M2,8,0,16,256,0,Mac,10-Core GPU,,13.6,2560,1664,QHD,44,1337.63,4.25,3.0,1,0.7522123893805309,0.32608695652173914,0.25,0.7127021628471402
Samsung Galaxy Book2 NP550XED-KA2IN Laptop,Samsung,Intel Core i5 12th Gen,8,12,16,512,0,Windows,Intel Integrated UHD,,15.6,1920,1080,FHD,59,688.6,3.16,1.0,1,0.55929203539823,0.10869565217391305,0.25,0.8521016344852768
Lenovo Legion 7i 82TD009KIN Gaming Laptop,Lenovo,Intel Core i9 12th Gen,16,24,32,1000,0,Windows,NVIDIA GeForce RTX 3080 Ti,16.0,16.0,2560,1600,QHD,90,3491.9,4.76,9.2,1,0.8424778761061946,1.0,0.5,0.2500053695311325
Dell Inspiron 3511 D560783WIN9BD Laptop,Dell,Intel Core i3 11th Gen,2,4,8,512,0,Windows,Intel UHD Graphics,,15.56,1920,1080,FHD,57,593.66,2.08,1.0,1,0.368141592920354,0.10869565217391305,0.125,0.8724929659142164
Dell Vostro 3425 D552308WIN9B Laptop,Dell,AMD Ryzen 3 5425U,4,8,8,256,0,Windows,AMD Radeon AMD,,14.0,1920,1080,FHD,61,493.26,2.0,1.5,1,0.35398230088495575,0.16304347826086957,0.125,0.894057002942503
HP 245 G8 ‎6E3Z1PA Laptop,HP,AMD Ryzen 3 3250U,2,4,8,512,0,Linux,AMD Radeon Graphics,,14.0,1366,768,HD,53,349.2,2.0,1.6,1,0.35398230088495575,0.1739130434782609,0.125,0.9249983891406602
MSI Modern 14 C12M-269IN Laptop,MSI,Intel Core i3 12th Gen,6,8,8,512,0,Windows,Intel Integrated UHD,,14.0,1920,1080,FHD,61,436.4,2.16,1.0,1,0.3823008849557522,0.10869565217391305,0.125,0.9062694645503555
Dell Inspiron 5420 ICC-C782537WIN8 Laptop,Dell,Intel Core i5 12th Gen,12,16,16,512,0,Windows,Intel Integrated Iris Xe,,14.0,1920,1080,FHD,68,891.99,3.16,1.5,1,0.55929203539823,0.16304347826086957,0.25,0.8084172770033721
HP 15s-du3612TU Laptop,HP,Intel Core i3 11th Gen,2,4,8,256,1000,Windows,Intel Integrated UHD,,15.6,1920,1080,FHD,62,407.3,2.08,1.0,1,0.368141592920354,0.10869565217391305,0.125,0.9125195987886338
Infinix INBook X2 Plus XL25 Laptop,Infinix,Intel Core i5 11th Gen,4,8,16,512,0,Windows,Intel Integrated Iris Xe,,15.6,1920,1080,FHD,53,484.9,3.08,1.5,1,0.5451327433628318,0.16304347826086957,0.25,0.895852574153225
Dell Inspiron 3520 Laptop,Dell,Intel Core i5 12th Gen,10,12,8,512,0,Windows,Intel Iris Xe Graphics,,15.6,1920,1080,FHD,61,601.68,3.16,1.5,1,0.55929203539823,0.16304347826086957,0.125,0.8707704203268971
Dell Vostro 3420 Laptop,Dell,Intel Core i5 12th Gen,10,12,16,512,0,Windows,Intel UHD Graphics,,14.0,1920,1080,FHD,61,678.03,3.16,1.0,1,0.55929203539823,0.10869565217391305,0.25,0.8543718722481153
Dell Inspiron 3520 2022 Laptop,Dell,Intel Core i5 12th Gen,10,12,8,256,1000,Windows,NVIDIA MX550 Graphics,2.0,15.6,1920,1080,FHD,67,708.0,3.16,2.4,1,0.55929203539823,0.2608695652173913,0.125,0.8479348783264246
HP Envy x360 15-ew0040TU Laptop,HP,Intel Core i5 12th Gen,10,12,16,512,0,Windows,Intel Integrated Iris Xe,,15.6,1920,1080,FHD,67,756.5,3.16,1.5,1,0.55929203539823,0.16304347826086957,0.25,0.837517987929294
HP Envy x360 15-ew0048TU Laptop,HP,Intel Core i7 12th Gen,10,12,16,1000,0,Windows,Intel Integrated Iris Xe,,15.6,2880,1800,QHD,73,1066.9,4.16,1.5,1,0.736283185840708,0.16304347826086957,0.25,0.7708498893876586
HP Envy x360 15-ew0043TU Laptop,HP,Intel Core i5 12th Gen,10,12,16,512,0,Windows,Intel Integrated Iris Xe,,15.6,1920,1080,FHD,65,824.4,3.16,1.5,1,0.55929203539823,0.16304347826086957,0.25,0.8229343413733112
Dell G15-5520 Gaming Laptop,Dell,Intel Core i5 12th Gen,12,16,8,512,0,Windows,NVIDIA GeForce RTX 3050,4.0,15.6,1920,1080,FHD,75,775.9,3.16,4.9,1,0.55929203539823,0.532608695652174,0.125,0.8333512317704418
HP Pavilion 14-ec1005AU Laptop,HP,AMD Ryzen 5 5625U,6,12,16,512,0,Windows,AMD Radeon Graphics,,14.0,1920,1080,FHD,61,580.21,3.0,1.6,1,0.5309734513274336,0.1739130434782609,0.25,0.8753817736635237
HP Pavilion 14-ec1005AU Laptop,HP,Intel Core i5 12th Gen,12,16,16,512,0,Windows,Intel Iris Xe Graphics,,15.6,1920,1080,FHD,63,737.1,3.16,1.5,1,0.55929203539823,0.16304347826086957,0.25,0.8416847440881462
HP Envy x360 13-bf0121TU  Laptop,HP,Intel Core i5 12th Gen,10,12,16,512,0,Windows,Intel Integrated Iris Xe,,13.4,1920,1200,FHD,72,775.9,3.16,1.5,1,0.55929203539823,0.16304347826086957,0.25,0.8333512317704418
HP Envy x360 13-ay1064AU 2-in-1 Laptop,HP,AMD Ryzen 7 5800U,8,16,16,512,0,Windows,AMD Radeon Graphic,,13.3,1920,1080,FHD,72,950.6,4.0,1.5,1,0.7079646017699115,0.16304347826086957,0.25,0.7958289482162417
Dell Vostro 3520 Laptop,Dell,Intel Core i5 12th Gen,10,12,8,512,0,Windows,Intel Iris Xe Graphics,,15.6,1920,1080,FHD,56,582.68,3.16,1.5,1,0.55929203539823,0.16304347826086957,0.125,0.8748512639876286
Asus ROG Zephyrus G15 GA503RMZ-LN155WS Gaming Laptop,Asus,AMD Ryzen 7 6800HS,8,16,16,1000,0,Windows,NVIDIA GeForce RTX 3060,6.0,15.6,2560,1440,QHD,81,1532.5,4.0,6.0,1,0.7079646017699115,0.6521739130434783,0.25,0.6708477415752057
Dell Vostro 3420 Laptop,Dell,Intel Core i5 12th Gen,10,12,8,512,0,Windows,Intel UHD Graphics,,14.0,1920,1080,FHD,59,562.5,3.16,1.0,1,0.55929203539823,0.10869565217391305,0.125,0.8791855495178161
Dell Vostro 3525 Laptop,Dell,AMD R5-5625U,6,12,16,512,0,Windows,AMD Radeon Radeon Graphics,,15.6,1920,1080,FHD,62,538.64,2.0,1.6,1,0.35398230088495575,0.1739130434782609,0.25,0.8843102300307137
Dell Vostro 3525 Laptop,Dell,AMD Ryzen 5-5625U,6,12,8,512,0,Windows,AMD Radeon Radeon Graphics,,15.6,1920,1080,FHD,60,499.54,3.0,1.6,1,0.5309734513274336,0.1739130434782609,0.125,0.8927081767220086
Dell Vostro 3420 Laptop,Dell,Intel Core i3 12th Gen,6,8,8,512,0,Windows,Intel UHD Graphics,,14.0,1920,1080,FHD,56,426.7,2.16,1.0,1,0.3823008849557522,0.10869565217391305,0.125,0.9083528426297816
Asus ROG Zephyrus G15 GA503RSZ-HQ061WS Gaming Laptop,Asus,AMD Ryzen 9 6900HS,8,16,16,1000,0,Windows,NVIDIA GeForce RTX 3070Ti,8.0,15.6,2560,1440,QHD,85,2056.3,4.6,7.2,1,0.8141592920353982,0.782608695652174,0.25,0.558345325286196
MSI Modern 15 B12M Laptop,MSI,Intel Core i7 12th Gen,10,12,16,512,0,Windows,Intel Integrated Iris Xe,,15.6,1920,1080,FHD,62,659.5,4.16,1.5,1,0.736283185840708,0.16304347826086957,0.25,0.858351768723555
MSI Modern 15 B12M Laptop,MSI,Intel Core i5 12th Gen,10,12,16,512,0,Windows,Intel Integrated Iris Xe,,15.6,1920,1080,FHD,62,562.5,3.16,1.5,1,0.55929203539823,0.16304347826086957,0.25,0.8791855495178161
MSI Modern 14 C12M Laptop,MSI,Intel Core i5 12th Gen,10,12,8,512,0,Windows,Intel Integrated Iris Xe,,14.0,1920,1080,FHD,59,552.8,3.16,1.5,1,0.55929203539823,0.16304347826086957,0.125,0.8812689275972422
Asus Vivobook 15 X1502ZA-EJ381WS Laptop,Asus,Intel Core i3 12th Gen,10,12,8,512,0,Windows,Intel UHD Graphics,,15.6,1920,1080,FHD,55,417.0,2.16,1.0,1,0.3823008849557522,0.10869565217391305,0.125,0.9104362207092077
HP 240 G8 Business Laptop,HP,Intel Core i5 11th Gen,4,8,8,512,0,Windows,Intel Integrated,,14.0,1366,768,HD,56,514.09,3.08,1.5,1,0.5451327433628318,0.16304347826086957,0.125,0.8895831096028695
HP Victus 15-fa0031dx Gaming Laptop,HP,Intel Core i5 12th Gen,8,12,8,512,0,Windows,NVIDIA GeForce GTX 1650,4.0,15.6,1920,1080,FHD,69,774.91,3.16,3.2,1,0.55929203539823,0.3478260869565218,0.125,0.8335638652032904
Lenovo Thinkpad P15v 21AAS05L00 Laptop,Lenovo,Intel Core i7 11th Gen,8,16,16,1000,0,Windows,Nvidia Quadro T600,4.0,15.6,1920,1080,FHD,79,1551.99,4.08,2.8,1,0.7221238938053097,0.30434782608695654,0.25,0.6666616551042763
Acer Aspire 5 A515-57 2022 Laptop,Acer,Intel Core i5 12th Gen,10,12,16,512,0,Windows,Intel Iris Xe Graphic,,15.6,1920,1080,FHD,66,601.3,3.16,1.5,1,0.55929203539823,0.16304347826086957,0.25,0.8708520372001116
HP Pavilion x360 14-ek0137TU Laptop,HP,Intel Core i3 12th Gen,6,8,8,512,0,Windows,Intel Integrated UHD,,14.0,1920,1080,FHD,66,581.9,2.16,1.0,1,0.3823008849557522,0.10869565217391305,0.125,0.8750187933589639
Dell Vostro 3510 ICC-D585046WIN8 Laptop,Dell,Intel Pentium Gold 7505,2,4,8,256,0,Windows,Intel UHD Graphics,,15.6,1920,1080,FHD,53,320.0,1.25,1.0,1,0.22123893805309733,0.10869565217391305,0.125,0.9312700015034687
HP 240 G8 4K5D5PA Business Laptop,HP,Intel Core i3 11th Gen,2,4,8,512,0,Linux,Intel Integrated,,14.0,1366,768,HD,44,339.5,2.08,1.5,1,0.368141592920354,0.16304347826086957,0.125,0.9270817672200864
Lenovo E41-55 82FJ00B5IH Laptop,Lenovo,AMD Athlon 3050U,2,2,4,0,1000,Linux,AMD Radeon AMD,,14.0,1366,768,HD,47,184.2,1.25,1.5,0,0.22123893805309733,0.16304347826086957,0.0625,0.9604372946154341
Lenovo E41-55 82FJ00B5IH Laptop,Lenovo,AMD Athlon 3050U,2,2,4,256,0,Linux,AMD Radeon AMD,,14.0,1366,768,HD,48,184.2,1.25,1.5,1,0.22123893805309733,0.16304347826086957,0.0625,0.9604372946154341
MSI Katana GF66 12UC-632IN Gaming Laptop,MSI,Intel Core i7 12th Gen,14,20,8,512,0,Windows,NVIDIA GeForce RTX 3050,4.0,15.6,1920,1080,FHD,73,785.6,4.16,4.9,1,0.736283185840708,0.532608695652174,0.125,0.8312678536910156
Lenovo IdeaPad Flex 5 14ALC7 82R9006PIN Laptop,Lenovo,AMD Ryzen 5 5500U,6,12,16,512,0,Windows,AMD Radeon,,14.0,1920,1200,FHD,69,705.09,3.0,1.5,1,0.5309734513274336,0.16304347826086957,0.25,0.8485598917502524
Lenovo V14 Gen 2 ‎82C40019IX Laptop,Lenovo,Intel Core i5 11th Gen,4,8,8,512,0,Windows,Intel Iris Xe Graphics,,14.0,1920,1080,FHD,56,484.99,3.08,1.5,1,0.5451327433628318,0.16304347826086957,0.125,0.8958332438411478
Asus ROG Strix G15 G513IE-HN088WS Gaming Laptop,Asus,AMD Ryzen 7 4800H,8,16,8,512,0,Windows,NVIDIA GeForce RTX 3050 Ti,4.0,15.6,1920,1080,FHD,69,746.8,4.0,5.1,1,0.7079646017699115,0.5543478260869565,0.125,0.8396013660087202
Asus Vivobook 14 OLED UX3402ZA-KN531WS Laptop,Asus,Intel Core i5 12th Gen,12,16,16,512,0,Windows,Intel Iris Xe,,14.0,2880,1800,QHD,69,931.01,3.16,1.5,1,0.55929203539823,0.16304347826086957,0.25,0.8000365128117013
Lenovo IdeaPad Slim 3 82RJ0040IN Laptop,Lenovo,Intel Core i3 12th Gen,6,8,8,512,0,Windows,‎Intel UHD Graphics,,14.0,1920,1080,FHD,59,513.13,2.16,1.0,1,0.3823008849557522,0.10869565217391305,0.125,0.8897892995983591
Ultimus S151 NU14U2INC43VN-CS Laptop,Ultimus,Intel Celeron N4020,2,2,4,128,0,Windows,Intel Integrated UHD Graphics,,14.1,1920,1080,FHD,48,193.9,1.0,1.0,1,0.17699115044247787,0.10869565217391305,0.0625,0.9583539165360081
HP Pavilion 14-dv2014TU Laptop,HP,Intel Core i5 12th Gen,10,12,16,512,0,Windows,Intel Integrated UHD Graphics,,14.0,1920,1080,FHD,65,668.5,3.16,1.0,1,0.55929203539823,0.10869565217391305,0.25,0.8564187375158401
Ultimus S151 NU14U2INC43VD-CS Laptop,Ultimus,Intel Celeron N4020,2,2,4,128,0,Linux,Intel Integrated UHD Graphics,,14.1,1920,1080,FHD,44,174.5,1.0,1.0,1,0.17699115044247787,0.10869565217391305,0.0625,0.9625206726948603
Ultimus S152 NU15U2INC44VN-SG Laptop,Ultimus,Intel Celeron N4020,2,2,4,256,0,Windows,Intel Integrated UHD Graphics,,15.6,1920,1080,FHD,50,232.7,1.0,1.0,1,0.17699115044247787,0.10869565217391305,0.0625,0.9500204042183037
Lenovo Legion S7 82TF007LIN Gaming Laptop,Lenovo,Intel Core i7 12th Gen,14,20,16,1000,0,Windows,NVIDIA GeForce RTX 3050 Ti,4.0,16.0,2560,1600,QHD,84,1454.9,4.16,5.1,1,0.736283185840708,0.5543478260869565,0.25,0.6875147662106145
Acer Aspire 5 A515-57 NX.K2VSI.002 Laptop,Acer,Intel Core i3 12th Gen,6,8,8,512,0,Windows,Intel Integrated UHD,,15.6,1920,1080,FHD,59,417.0,2.16,1.0,1,0.3823008849557522,0.10869565217391305,0.125,0.9104362207092077
MSI Stealth GS66 12UGS-290IN Gaming Laptop,MSI,Intel Core i7 12th Gen,14,20,32,1000,0,Windows,NVIDIA GeForce RTX 3070Ti,8.0,15.6,2560,1440,QHD,96,2803.2,4.16,7.2,1,0.736283185840708,0.782608695652174,0.5,0.397925213170386
HP Envy x360 13-AY1065AU Laptop,HP,AMD Ryzen 5-5600U,6,12,8,512,0,Windows,AMD Radeon,,13.3,1920,1080,FHD,65,729.34,3.0,1.5,1,0.5309734513274336,0.16304347826086957,0.125,0.8433514465516871
Dell Latitude 14 7420 Laptop,Dell,Intel Core i5 11th Gen,4,8,16,512,0,Windows,Intel Iris Xe Graphics,,14.0,1920,1080,FHD,57,953.32,3.08,1.5,1,0.5451327433628318,0.16304347826086957,0.25,0.7952447432290213
Acer Aspire 5 A515-57 Laptop,Acer,Intel Core i5 12th Gen,10,12,8,512,0,Windows,Intel Iris Xe Graphic,,15.6,1920,1080,FHD,63,562.5,3.16,1.5,1,0.55929203539823,0.16304347826086957,0.125,0.8791855495178161
Lenovo IdeaPad Slim 3 82H802XXIN Laptop,Lenovo,Intel Core i5 11th Gen,4,8,16,512,0,Windows,Intel UHD Graphics,,15.6,1920,1080,FHD,63,575.11,3.08,1.0,1,0.5451327433628318,0.10869565217391305,0.25,0.8764771580145622
Gigabyte G5 KE RC55KE Laptop,Gigabyte,Intel Core i5 12th Gen,12,16,16,512,0,Windows,NVIDIA GeForce RTX 3060,6.0,15.6,1920,1080,FHD,74,1007.73,3.16,6.0,1,0.55929203539823,0.6521739130434783,0.25,0.7835584956721579
Gigabyte G5 ME RC55ME Laptop,Gigabyte,Intel Core i5 12th Gen,12,16,16,512,0,Windows,NVIDIA GeForce RTX 3050 TI,4.0,15.6,1920,1080,FHD,68,834.1,3.16,5.1,1,0.55929203539823,0.5543478260869565,0.25,0.8208509632938852
Gigabyte G5 GE RC55GE Laptop,Gigabyte,Intel Core i5 12th Gen,12,16,8,512,0,Windows,NVIDIA GeForce RTX 3050,4.0,15.6,1920,1080,FHD,66,1066.9,3.16,4.9,1,0.55929203539823,0.532608695652174,0.125,0.7708498893876586
Dell Inspiron 7420 D560918WIN9S Laptop,Dell,Intel Core i5 12th Gen,10,12,8,512,0,Windows,Intel Integrated UHD,,14.0,1920,1080,FHD,67,727.4,3.16,1.0,1,0.55929203539823,0.10869565217391305,0.125,0.8437681221675724
Lenovo ThinkPad X13 21BNS03K00 Laptop,Lenovo,Intel Core i7 12th Gen,12,16,16,512,0,Windows,Intel Iris Xe Graphics,,13.3,1920,1200,FHD,71,1940.0,4.16,1.5,1,0.736283185840708,0.16304347826086957,0.25,0.583324384114779
Acer Nitro 5 AN515-45 UN.QCLSI.005 Gaming Laptop,Acer,AMD Ryzen 5 5600H,6,12,16,512,1000,Windows,NVIDIA GeForce RTX 3050,4.0,15.6,1920,1080,FHD,72,737.1,3.0,4.9,1,0.5309734513274336,0.532608695652174,0.25,0.8416847440881462
Acer Nitro 5 AN515-45 UN.QCLSI.006 Gaming Laptop,Acer,AMD Ryzen 5 5600H,6,12,8,512,1000,Windows,NVIDIA GeForce RTX 3050,4.0,15.6,1920,1080,FHD,69,669.2,3.0,4.9,1,0.5309734513274336,0.532608695652174,0.125,0.856268390644129
Acer Nitro 5 AN515-45 UN.QBMSI.009 Gaming Laptop,Acer,AMD Ryzen 5 5600H,6,12,16,512,0,Windows,NVIDIA GeForce GTX 1650,4.0,15.6,1920,1080,FHD,71,620.7,3.0,3.2,1,0.5309734513274336,0.3478260869565218,0.25,0.8666852810412595
HP Envy x360 13-bf0085TU Laptop,HP,Intel Core i5 12th Gen,10,12,8,512,0,Windows,Intel Iris Xe Graphics,,13.3,1920,1200,FHD,63,775.9,3.16,1.5,1,0.55929203539823,0.16304347826086957,0.125,0.8333512317704418
HP 240 G8 Business Laptop,HP,Intel Core i3 11th Gen,2,4,8,512,0,Windows,Intel Integrated,,14.0,1366,768,HD,49,334.07,2.08,1.5,1,0.368141592920354,0.16304347826086957,0.125,0.9282480293820743
Lenovo Ideapad Slim 3 81WD014XIN Laptop,Lenovo,Intel Core i3 10th Gen,2,4,4,256,0,Windows,Intel Integrated UHD,,15.6,1920,1080,FHD,54,310.3,2.0,1.0,1,0.35398230088495575,0.10869565217391305,0.0625,0.9333533795828948
Lenovo ThinkPad T14 20W0S1HU00 Laptop,Lenovo,Intel Core i7 11th Gen,4,8,16,512,0,Windows,NVIDIA MX450,2.0,14.0,1920,1080,FHD,69,1359.94,4.08,2.3,1,0.7221238938053097,0.25,0.25,0.7079103932644601
HP Pavilion 14-ek0084TU Laptop,HP,Intel Core i5 12th Gen,10,12,8,512,0,Windows,Intel Integrated Iris Xe,,14.0,1920,1080,FHD,60,688.89,3.16,1.5,1,0.55929203539823,0.16304347826086957,0.125,0.8520393479241393
Asus Eeebook 14 E410KA-BV092W Laptop,Asus,Intel Celeron N4500,2,2,4,256,0,Windows,Intel UHD Graphics,,14.0,1920,1080,FHD,44,237.65,1.0,1.0,1,0.17699115044247787,0.10869565217391305,0.0625,0.9489572370540604
HP 240 G8 689T7PA Business Laptop,HP,intel Core i3,0,0,8,512,0,Windows,Intel Integrated,,14.0,1366,768,HD,50,334.07,2.0,1.5,1,0.35398230088495575,0.16304347826086957,0.125,0.9282480293820743
Lenovo ThinkPad E14 G3 20Y700B5IG Laptop,Lenovo,AMD Ryzen 7 5700U,8,16,16,512,0,Windows,AMD Raedon Graphics,,14.0,1920,1080,FHD,68,727.4,4.0,1.5,1,0.7079646017699115,0.16304347826086957,0.25,0.8437681221675724
Lenovo V14 82KAA057IH Laptop,Lenovo,Intel Core i3 11th Gen,2,4,8,256,0,Windows,Intel Integrated UHD,,14.0,1920,1080,FHD,53,315.24,2.08,1.0,1,0.368141592920354,0.10869565217391305,0.125,0.9322923602311046
Lenovo IdeaPad Slim 3 82H802XVIN Laptop,Lenovo,Intel Core i3 11th Gen,2,4,8,256,0,Windows,Intel UHD Graphics,,15.6,1920,1080,FHD,48,359.87,2.08,1.0,1,0.368141592920354,0.10869565217391305,0.125,0.9227066732532915
Acer Chromebook Enterprise Spin 513 R841LT-S6DJ Laptop,Acer,Snapdragon 7c,8,0,4,0,128,Chrome,Qualcomm Adreno 618,,13.3,1920,1080,FHD,0,465.5,2.0,1.5,0,0.35398230088495575,0.16304347826086957,0.0625,0.9000193303120771
Lenovo ThinkPad E14 Gen 2 20TAS08F00 Laptop,Lenovo,Intel Core i5 11th Gen,4,8,8,512,0,Windows,Intel UHD,,14.1,1920,1080,FHD,61,745.83,3.08,1.0,1,0.5451327433628318,0.10869565217391305,0.125,0.8398097038166628
Dell Inspiron 3520 D560878WIN9S Laptop,Dell,Intel Core i5 12th Gen,10,12,8,512,0,Windows,Intel Integrated Integrated,,15.6,1920,1080,FHD,57,625.55,3.16,1.5,1,0.55929203539823,0.16304347826086957,0.125,0.8656435920015464
Asus Vivobook 14 OLED UX3402ZA-KN731WS Laptop,Asus,Intel Core i7 12th Gen,12,16,16,512,0,Windows,Intel Iris Xe,,14.0,2880,1800,QHD,69,1057.2,4.16,1.5,1,0.736283185840708,0.16304347826086957,0.25,0.7729332674670848
Lenovo Ideapad Slim 3 81WB01FYIN Laptop,Lenovo,Intel Core i3 10th Gen,2,4,8,256,0,Windows,Intel Integrated,,15.6,1920,1080,FHD,50,329.7,2.0,1.5,1,0.35398230088495575,0.16304347826086957,0.125,0.9291866234240426
Dell Inspiron 3525 D560863WIN9B Laptop,Dell,AMD Ryzen 5 5625U,6,12,8,512,0,Windows,AMD Radeon Radeon,,15.6,1920,1080,FHD,62,499.45,3.0,1.5,1,0.5309734513274336,0.16304347826086957,0.125,0.8927275070340858
Lenovo Thinkpad E14 Gen 2 20TAS0Y800 Laptop,Lenovo,Intel Core i5 11th Gen,4,8,8,512,0,Linux,Intel UHD,,14.1,1920,1080,FHD,50,708.0,3.08,1.0,1,0.5451327433628318,0.10869565217391305,0.125,0.8479348783264246
Asus TUF Gaming F15 FX506LHB-HN358W Gaming Laptop,Asus,Intel Core i5 10th Gen,4,8,8,512,0,Windows,NVIDIA GeForce GTX 1650,4.0,15.6,1920,1080,FHD,63,533.4,3.0,3.2,1,0.5309734513274336,0.3478260869565218,0.125,0.8854356837560944
MSI Stealth 17M A12UE Gaming Laptop,MSI,Intel Core i7 12th Gen,14,20,16,1000,0,Windows,NVIDIA GeForce RTX 3060,6.0,17.3,1920,1080,FHD,73,1454.9,4.16,6.0,1,0.736283185840708,0.6521739130434783,0.25,0.6875147662106145
MSI Modern 15 A5M-055IN Laptop,MSI,AMD Ryzen 5 5500U,6,12,8,512,0,Windows,AMD Radeon Graphics,,15.6,1920,1080,FHD,57,562.5,3.0,1.6,1,0.5309734513274336,0.1739130434782609,0.125,0.8791855495178161
Lenovo Thinkpad E14 Gen 2 20TAS0E800 Laptop,Lenovo,Intel Core i5 11th Gen,4,8,16,512,0,Windows,Intel Iris Xe Graphics,,14.0,1920,1080,FHD,67,751.75,3.08,1.5,1,0.5451327433628318,0.16304347826086957,0.25,0.8385381988444769
Dell Vostro 3420 D552278WIN9S Laptop,Dell,Intel Core i3 11th Gen,2,4,8,512,0,Windows,Intel Integrated,,14.0,1920,1080,FHD,57,455.9,2.08,1.5,1,0.368141592920354,0.16304347826086957,0.125,0.9020812302669731
Lenovo ‎ThinkPad E14 Gen 4 Laptop,Lenovo,Intel Core i5 12th Gen,10,12,8,512,0,Windows,Intel Iris Xe,,14.0,1920,1080,FHD,57,722.65,3.16,1.5,1,0.55929203539823,0.16304347826086957,0.125,0.8447883330827552
Dell Alienware X17 R1 D569936WIN9 Gaming Laptop,Dell,Intel Core i9 11th Gen,8,16,32,1000,0,Windows,NVIDIA GEFORCE RTX 3080,16.0,17.3,1920,1080,FHD,79,3028.33,4.68,8.6,1,0.8283185840707964,0.9347826086956522,0.5,0.34957151141562315
Lenovo V15 82KBA02UIH Laptop,Lenovo,Intel Core i3 11th Gen,2,4,8,256,0,Windows,Intel Integrated UHD,,15.6,1920,1080,FHD,53,358.8,2.08,1.0,1,0.368141592920354,0.10869565217391305,0.125,0.9229364891857643
Lenovo Thinkpad P15v 21D8S00V00 Laptop,Lenovo,Intel Core i7 12th Gen,14,20,32,1000,0,Windows,Nvidia Quadro T1200,4.0,15.6,1920,1080,FHD,76,1846.88,4.16,3.5,1,0.736283185840708,0.3804347826086957,0.5,0.6033248136772696
Microsoft Surface Laptop 5 ‎RBG-00048 13.5 inch,Microsoft,Intel Core i7 12th Gen,10,12,8,256,0,Windows,Intel Iris Xe,,13.5,2256,1504,FHD,57,1736.29,4.16,1.5,1,0.736283185840708,0.16304347826086957,0.125,0.6270774715951803
Microsoft Surface Pro 9 ‎QIL-00031 Laptop,Microsoft,Intel Core i7 12th Gen,10,12,16,256,0,Windows,Intel Iris Xe Graphics,,13.0,2880,1920,QHD,56,1629.59,4.16,1.5,1,0.736283185840708,0.16304347826086957,0.25,0.6499946304688675
Microsoft Surface Pro 9 ‎‎QIX-00031 Laptop,Microsoft,Intel Core i7 12th Gen,10,12,16,512,0,Windows,Intel Iris Xe Graphics,,13.0,2880,1920,QHD,54,1872.0,4.16,1.5,1,0.736283185840708,0.16304347826086957,0.25,0.5979295087952919
Microsoft Surface Laptop 5 ‎RIP-00048 15 inch,Microsoft,Intel Core i7 12th Gen,10,12,16,512,0,Windows,Intel Iris Xe,,15.0,2496,1664,FHD,63,1775.0,4.16,1.5,1,0.736283185840708,0.16304347826086957,0.25,0.618763289589553
Dell Inspiron 14 5415 Laptop,Dell,AMD Ryzen 5 5500U,6,12,8,512,0,Windows,AMD Radeon AMD,,14.0,1920,1080,FHD,61,543.19,3.0,1.5,1,0.5309734513274336,0.16304347826086957,0.125,0.8833329753645911
Lenovo Legion 5 Pro 82RF00E1IN Gaming Laptop,Lenovo,Intel Core i7 12th Gen,14,20,32,1000,0,Windows,NVIDIA GeForce RTX 3070Ti,8.0,16.0,2560,1600,QHD,91,2114.6,4.16,7.2,1,0.736283185840708,0.782608695652174,0.5,0.5458235786851092
Lenovo Ideapad Slim 3 81WE01QSIN Laptop,Lenovo,Intel Core i3 10th Gen,2,4,4,256,0,Windows,Intel Integrated UHD,,15.6,1920,1080,FHD,50,290.9,2.0,1.0,1,0.35398230088495575,0.10869565217391305,0.0625,0.9375201357417471
Acer Aspire 3 A315-58 Laptop,Acer,Intel Core i5 11th Gen,4,8,12,512,0,Windows,Intel Iris Xe,,15.6,1920,1080,FHD,60,478.33,3.08,1.5,1,0.5451327433628318,0.16304347826086957,0.1875,0.8972636869348568
Asus E410 Eeebook E410KA-BV003W Laptop,Asus,Intel Celeron N4500,2,2,4,256,0,Windows,Intel UHD Graphics,,14.0,1920,1080,FHD,45,236.83,1.0,1.0,1,0.17699115044247787,0.10869565217391305,0.0625,0.9491333576752078
Asus Vivobook 15 2022 X1502ZA-EJ515WS Laptop,Asus,Intel Core i5 12th Gen,10,12,8,512,0,Windows,Intel Iris Xe,,15.6,1920,1080,FHD,62,552.8,3.16,1.5,1,0.55929203539823,0.16304347826086957,0.125,0.8812689275972422
Lenovo Thinkbook 14 20VD011EIH Laptop,Lenovo,Intel Core i7 11th Gen,4,8,16,512,0,Windows,Intel Iris Xe Graphics,,14.0,1920,1080,FHD,61,1004.92,4.08,1.5,1,0.7221238938053097,0.16304347826086957,0.25,0.7841620309714555
Acer Swift 3 SF314-43 Laptop,Acer,AMD Ryzen 5 5500U,6,12,8,512,0,Windows,AMD Radeon 5500U,,14.0,1920,1080,FHD,65,596.55,3.0,1.5,1,0.5309734513274336,0.16304347826086957,0.125,0.8718722481152945
Lenovo V15 G2-ITL 82KBA034IH Laptop,Lenovo,Intel Core i3 11th Gen,2,4,8,512,0,Linux,Intel Integrated UHD,,15.6,1920,1080,FHD,47,334.64,2.08,1.0,1,0.368141592920354,0.10869565217391305,0.125,0.9281256040722524
Dell XPS 9315 Laptop,Dell,Intel Core i7 12th Gen,10,12,16,1000,0,Windows,Iris Xe,,13.4,1920,1080,FHD,53,1802.26,4.16,1.5,1,0.736283185840708,0.16304347826086957,0.25,0.6129083528426298
Dell Inspiron 5415 Laptop,Dell,AMD Ryzen 7 5700U,8,16,16,512,0,Windows,AMD Radeon AMD,,14.0,1920,1080,FHD,62,872.77,4.0,1.5,1,0.7079646017699115,0.16304347826086957,0.25,0.81254537253807
HP Victus 16-e0550AX Gaming Laptop,HP,AMD Ryzen 7 5800H,8,16,8,512,0,Windows,AMD Radeon RX 5500M Graphics,4.0,16.0,1920,1080,FHD,68,669.2,4.0,2.5,1,0.7079646017699115,0.27173913043478265,0.125,0.856268390644129
Asus VivoBook 14 X415MA-BV102WS Laptop,Asus,Intel Pentium Silver N5030,4,0,8,256,0,Windows,Intel Integrated UHD,,14.1,1366,768,HD,49,271.5,1.25,1.0,1,0.22123893805309733,0.10869565217391305,0.125,0.9416868919005992
Asus VivoBook 15 2022 X515JA-EJ592WS Laptop,Asus,Intel Core i5 10th Gen,4,8,8,512,0,Windows,Intel Integrated UHD,,15.6,1920,1080,FHD,59,436.4,3.0,1.0,1,0.5309734513274336,0.10869565217391305,0.125,0.9062694645503555
Dell G15-5520 D560895WIN9S Laptop,Dell,Intel Core i7 12th Gen,10,16,16,512,0,Windows,NVIDIA GeForce RTX 3060,6.0,15.6,1920,1080,FHD,80,1206.68,4.16,6.0,1,0.736283185840708,0.6521739130434783,0.25,0.7408277669193926
Acer One 14 Z2-493 UN.431SI.129 Laptop,Acer,AMD Ryzen 3 3250U,2,4,8,0,1000,Windows,AMD Radeon Radeon Graphics,,14.0,1366,768,HD,51,387.99,2.0,1.6,0,0.35398230088495575,0.1739130434782609,0.125,0.9166670246354088
HP 15s-fq2670TU Laptop,HP,Intel Core i3 11th Gen,2,4,8,256,0,Windows,Intel Integrated,,15.6,1920,1080,FHD,54,363.65,2.08,1.5,1,0.368141592920354,0.16304347826086957,0.125,0.9218948001460512
Asus VivoBook 15 X515JA-EJ392WS Laptop,Asus,Intel Core i3 10th Gen,2,4,8,512,0,Windows,Intel Integrated UHD,,15.6,1920,1080,FHD,56,334.55,2.0,1.0,1,0.35398230088495575,0.10869565217391305,0.125,0.9281449343843295
Lenovo IdeaPad Slim 3 82RK007JIN Laptop,Lenovo,Intel Core i3 12th Gen,6,8,8,512,0,Windows,‎Intel UHD Graphics,,15.6,1920,1080,FHD,57,441.35,2.16,1.0,1,0.3823008849557522,0.10869565217391305,0.125,0.9052062973861122
Acer Chromebook 311 C733 Laptop,Acer,Intel Celeron N4020,2,2,4,0,32,Chrome,Intel HD,,11.6,1366,768,HD,0,179.35,1.0,1.5,0,0.17699115044247787,0.16304347826086957,0.0625,0.9614789836551473
Dell Latitude 7420 Laptop,Dell,Intel Core i7 11th Gen,4,8,16,512,0,Windows,Intel Iris Xe Graphics,,14.0,1920,1080,FHD,57,1091.25,4.08,1.5,1,0.7221238938053097,0.16304347826086957,0.25,0.7656199660645633
HP ProBook 445 G7 Laptop,HP,AMD Ryzen 5 4500U,6,6,8,512,0,Windows,AMD Radeon,,14.0,1920,1080,FHD,68,484.99,3.0,1.5,1,0.5309734513274336,0.16304347826086957,0.125,0.8958332438411478
Lenovo V15 82C3002VGE Laptop,Lenovo,Intel Celeron N4020,2,2,4,256,0,Windows,Intel Integrated UHD,,15.6,1920,1080,FHD,51,232.79,1.0,1.0,1,0.17699115044247787,0.10869565217391305,0.0625,0.9500010739062265
Dell Vostro 3425 D552267WIN9S Laptop,Dell,AMD Ryzen 5 5625U,6,12,16,512,0,Windows,AMD Radeon Graphics,,14.0,1920,1080,FHD,63,591.6,3.0,1.6,1,0.5309734513274336,0.1739130434782609,0.25,0.8729354152795378
Dell G15-5525 Gaming Laptop,Dell,AMD Ryzen 9-6900HX,8,16,16,1000,0,Windows,NVIDIA GeForce RTX 3060,6.0,15.6,1920,1080,FHD,76,1426.87,4.6,6.0,1,0.8141592920353982,0.6521739130434783,0.25,0.6935350845164201
Dell G15-5525 D560894WIN9S Gaming Laptop,Dell,AMD Ryzen 7 6800H,8,16,16,512,0,Windows,NVIDIA GeForce RTX 3060,6.0,15.6,1920,1080,FHD,78,1243.54,4.0,6.0,1,0.7079646017699115,0.6521739130434783,0.25,0.7329109302175734
Dell G15-5525 D560898WIN9S Gaming Laptop,Dell,AMD Ryzen 7 6800H,8,16,16,1000,0,Windows,NVIDIA GeForce RTX 3070 Ti,6.0,15.6,1920,1080,FHD,76,1544.24,4.0,7.2,1,0.7079646017699115,0.782608695652174,0.25,0.6683262097553642
Dell G15-5521 D560899WIN9S Gaming Laptop,Dell,Intel Core i9 12th Gen,14,20,16,1000,0,Windows,NVIDIA GEFORCE RTX 3070 Ti,8.0,15.6,2560,1440,QHD,72,1763.45,4.76,7.2,1,0.8424778761061946,0.782608695652174,0.25,0.6212440129727872
Dell Inspiron 7620 Laptop,Dell,Intel Core i7 12th Gen,12,16,16,512,0,Windows,NVIDIA GeForce MX550,2.0,14.5,2560,1440,QHD,62,1231.8,4.16,2.4,1,0.736283185840708,0.2608695652173913,0.25,0.7354324620374149
Acer Aspire 5 A515-57 Gaming Laptop,Acer,Intel Core i3 12th Gen,6,8,8,512,0,Windows,Intel Integrated,,15.6,1920,1080,FHD,54,465.5,2.16,1.5,1,0.3823008849557522,0.16304347826086957,0.125,0.9000193303120771
Acer Aspire 3 A315-58 NX.ADDSI.011 Laptop,Acer,Intel Core i3 11th Gen,2,4,8,512,0,Windows,Intel Integrated UHD Graphics,,15.6,1920,1080,FHD,51,368.5,2.08,1.0,1,0.368141592920354,0.10869565217391305,0.125,0.9208531111063382
Lenovo IdeaPad Slim 5 82SE005SIN Laptop,Lenovo,AMD Ryzen 5 5625U,6,12,16,512,0,Windows,AMD Radeon Graphics,,15.6,1920,1080,FHD,65,581.9,3.0,1.6,1,0.5309734513274336,0.1739130434782609,0.25,0.8750187933589639
Asus TUF Gaming A15 FA506IHRZ-HN112W Laptop,Asus,AMD Ryzen 5 4600H,6,12,8,1000,0,Windows,NVIDIA GeForce GTX 1650,4.0,15.6,1920,1080,FHD,68,640.1,3.0,3.2,1,0.5309734513274336,0.3478260869565218,0.125,0.8625185248824072
Asus Vivobook 14 OLED X1405ZA-KM511WS Laptop,Asus,Intel Core i5 12th Gen,10,12,16,512,0,Windows,Intel Iris Xe,,14.0,2880,1800,QHD,61,678.9,3.16,1.5,1,0.55929203539823,0.16304347826086957,0.25,0.8541850125647028
Lenovo ThinkPad X1 Carbon 21CB002JIG Laptop,Lenovo,Intel Core i7 12th Gen,10,12,16,1000,0,Windows,Intel Iris Xe Graphics,,14.0,1920,1200,FHD,59,2056.3,4.16,1.5,1,0.736283185840708,0.16304347826086957,0.25,0.558345325286196
Asus Vivobook 14 OLED X1405ZA-KM311WS Laptop,Asus,Intel Core i3 12th Gen,6,8,8,512,0,Windows,Intel Iris Xe,,14.0,2880,1800,QHD,56,504.3,2.16,1.5,1,0.3823008849557522,0.16304347826086957,0.125,0.8916858179943727
Dell Alienware M15 R6 Gaming Laptop,Dell,Intel Core i7 11th Gen,8,16,16,512,0,Windows,NVIDIA Geforce RTX 3060,6.0,15.6,1920,1080,FHD,79,1940.0,4.08,6.0,1,0.7221238938053097,0.6521739130434783,0.25,0.583324384114779
Lenovo IdeaPad Gaming 3 82K101E1IN Laptop,Lenovo,Intel Core i5 11th Gen,4,8,8,256,1000,Windows,NVIDIA GeForce GTX 1650,4.0,15.6,1920,1080,FHD,62,533.02,3.08,3.2,1,0.5451327433628318,0.3478260869565218,0.125,0.885517300629309
Asus Vivobook 15 OLED X1505ZA-L1311WS Laptop,Asus,Intel Core i3 12th Gen,6,8,8,512,0,Windows,Intel Integrated UHD,,15.6,1920,1080,FHD,56,489.85,2.16,1.0,1,0.3823008849557522,0.10869565217391305,0.125,0.8947894069889817
Asus ROG Strix G17 2022 G713RS-LL023WS Gaming Laptop,Asus,AMD Ryzen 9 6900HX,8,16,16,1000,0,Windows,NVIDIA GeForce RTX 3070 Ti,8.0,17.3,2560,1440,QHD,78,2046.6,4.6,7.2,1,0.8141592920353982,0.782608695652174,0.25,0.5604287033656221
Lenovo V15 82C500XHIH Laptop,Lenovo,Intel Core i5 10th Gen,4,8,8,512,0,Windows,Intel UHD Graphics,,15.6,1920,1080,FHD,53,457.02,3.0,1.0,1,0.5309734513274336,0.10869565217391305,0.125,0.9018406752722352
Lenovo IdeaPad 3 15IAU7 82RK0090IN Laptop,Lenovo,Intel Core i5 12th Gen,10,12,16,512,0,Windows,Intel Iris Xe Graphics,,15.6,2880,1800,QHD,60,616.82,3.16,1.5,1,0.55929203539823,0.16304347826086957,0.25,0.8675186322730299
Lenovo Thinkpad L14 20X1CTO Laptop,Lenovo,Intel Core i5 11th Gen,4,8,16,512,0,Windows,Intel Iris Xe Graphics,,14.0,1920,1080,FHD,67,771.15,3.08,1.5,1,0.5451327433628318,0.16304347826086957,0.25,0.8343714426856247
AGB Octev VR-1818 Gaming Laptop,AGB,Intel Core i7 11th Gen,4,8,32,1000,0,Windows,NVIDIA Geforce MX450,2.0,15.6,1920,1080,FHD,66,679.0,4.08,2.3,1,0.7221238938053097,0.25,0.5,0.8541635344401727
Infinix INBook X2 Plus XL25 Laptop,Infinix,Intel Core i3 11th Gen,2,4,8,512,0,Windows,Intel Integrated UHD,,15.6,1920,1080,FHD,47,378.2,2.08,1.0,1,0.368141592920354,0.10869565217391305,0.125,0.9187697330269121
Dell XPS 13 Plus Laptop,Dell,Intel Core i7 12th Gen,12,16,16,1000,0,Windows,Intel Iris Xe Graphics,,13.4,3840,2400,4K,74,1893.34,4.16,1.5,1,0.736283185840708,0.16304347826086957,0.25,0.5933460770205545
Lenovo IdeaPad Slim 3 82RJ005CIN Laptop,Lenovo,Intel Core i5 12th Gen,10,12,8,512,0,Windows,‎Intel Iris Xe Graphics,,14.0,1920,1080,FHD,59,581.9,3.16,1.5,1,0.55929203539823,0.16304347826086957,0.125,0.8750187933589639
Asus E410KA-BV002W Laptop,Asus,Intel Celeron N4500,2,2,4,256,0,Windows,Intel UHD Graphics,,14.0,1920,1080,FHD,45,237.5,1.0,1.0,1,0.17699115044247787,0.10869565217391305,0.0625,0.9489894542408557
MSI Creator Pro Z17 A12UMST-237IN Gaming Laptop,MSI,Intel Core i7 12th Gen,14,20,32,1000,0,Windows,NVIDIA GeForce RTX A5500,16.0,16.0,2560,1600,QHD,94,4316.4,4.16,1.5,1,0.736283185840708,0.16304347826086957,0.5,0.07291823277991372
Lenovo IdeaPad Flex 5 82R90068IN Laptop,Lenovo,AMD Ryzen 7 5700U,8,16,16,512,0,Windows,AMD Radeon,,14.0,1920,1200,FHD,75,766.2,4.0,1.5,1,0.7079646017699115,0.16304347826086957,0.25,0.835434609849868
Dell XPS 9315 Laptop,Dell,Intel Core i5 12th Gen,10,12,16,512,0,Windows,Iris Xe,,13.4,1920,1080,FHD,50,1294.95,3.16,1.5,1,0.55929203539823,0.16304347826086957,0.25,0.721869026396615
Asus Vivobook S15 OLED S3502ZA-L701WS Laptop,Asus,Intel Core i7 12th Gen,14,20,16,512,0,Windows,Intel Iris XE Graphics,,15.6,1920,1080,FHD,73,848.75,4.16,1.5,1,0.736283185840708,0.16304347826086957,0.25,0.8177044180502159
Acer Aspire 3 UN.HVTSI.012 Laptop,Acer,AMD Ryzen 3 3250U,2,4,8,256,0,Windows,AMD Radeon AMD,,15.6,1920,1080,FHD,54,290.9,2.0,1.5,1,0.35398230088495575,0.16304347826086957,0.125,0.9375201357417471
MSI Creator Z16P B12UKST-209IN Gaming Laptop,MSI,Intel Core i9 12th Gen,14,20,64,2000,0,Windows,NVIDIA GeForce RTX A3000,12.0,17.3,2560,1600,QHD,91,3831.5,4.76,1.5,1,0.8424778761061946,0.16304347826086957,1.0,0.17706565862668866
Lenovo Yoga 6 82UD0069IN Laptop,Lenovo,AMD Ryzen 5 5500U,6,12,16,512,0,Windows,AMD Radeon Graphics,,13.3,1920,1080,FHD,69,766.2,3.0,1.6,1,0.5309734513274336,0.1739130434782609,0.25,0.835434609849868
HP 14s-fq0567AU Laptop,HP,AMD Ryzen 3 3250U,2,4,8,256,0,Windows,AMD Radeon AMD,,14.0,1920,1080,FHD,47,358.8,2.0,1.5,1,0.35398230088495575,0.16304347826086957,0.125,0.9229364891857643
MSI Creator Pro M16 A12UJS-601IN Gaming Laptop,MSI,Intel Core i7 12th Gen,14,20,32,1000,0,Windows,NVIDIA GeForce RTX A2000,8.0,16.0,2560,1600,QHD,91,1910.8,4.16,1.5,1,0.736283185840708,0.16304347826086957,0.5,0.5895959964775875
HP Omen 17-ck1023TX Gaming Laptop,HP,Intel Core i9 12th Gen,16,24,32,2000,0,Windows,NVIDIA GeForce 3080Ti,16.0,16.1,2560,1440,QHD,85,2909.99,4.76,9.2,1,0.8424778761061946,1.0,0.5,0.3749887239846217
HP Omen 16-n0051AX Gaming Laptop,HP,AMD Ryzen 9 6900HX,8,16,32,1000,0,Windows,AMD Radeon RX 6650M Graphics,8.0,16.1,1920,1080,FHD,81,1503.4,4.6,5.5,1,0.8141592920353982,0.5978260869565218,0.5,0.6770978758134839
Lenovo ThinkPad E14 21E3S04X00 Laptop,Lenovo,Intel Core i5 12th Gen,10,12,8,512,0,Windows,Intel Iris Xe Graphics,,14.0,1920,1080,FHD,66,727.5,3.16,1.5,1,0.55929203539823,0.16304347826086957,0.125,0.8437466440430421
HP Omen 16-k0370TX Gaming Laptop,HP,Intel Core i7 12th Gen,14,20,16,1000,0,Windows,NVIDIA GeForce 3070Ti,8.0,16.1,1920,1080,FHD,85,1754.54,4.16,7.2,1,0.736283185840708,0.782608695652174,0.25,0.623157713868425
Chuwi Gemibook Pro Laptop,Chuwi,Intel Celeron N5100,4,4,8,256,0,Windows,Intel UHD 600 Graphics,,14.0,2160,1440,FHD,0,266.64,1.0,1.0,1,0.17699115044247787,0.10869565217391305,0.125,0.9427307287527653
HP Omen 16-k0360TX Laptop,HP,Intel Core i7 12th Gen,14,20,16,1000,0,Windows,NVIDIA GeForce RTX 3060,6.0,16.1,1920,1080,FHD,82,1401.46,4.16,6.0,1,0.736283185840708,0.6521739130434783,0.25,0.6989926759595352
Lenovo Thinkbook 15 21DJA04LIH Laptop,Lenovo,Intel Core i5 12th Gen,10,12,16,512,0,Windows,Iris Xe Graphics,,15.6,1920,1080,FHD,60,601.3,3.16,1.5,1,0.55929203539823,0.16304347826086957,0.25,0.8708520372001116
Lenovo IdeaPad Gaming 3 82S900HNIN Laptop,Lenovo,Intel Core i5 12th Gen,8,12,16,512,0,Windows,NVIDIA GeForce RTX 3050,4.0,15.6,1920,1080,FHD,73,785.6,3.16,4.9,1,0.55929203539823,0.532608695652174,0.25,0.8312678536910156
HP Omen 16-n0054AX Gaming Laptop,HP,AMD Ryzen 7 6800H,8,16,16,1000,0,Windows,NVIDIA GeForce RTX 3060,6.0,16.1,1920,1080,FHD,74,1354.9,4.0,6.0,1,0.7079646017699115,0.6521739130434783,0.25,0.7089928907407805
Lenovo Ideapad Flex 5 82R70068IN Laptop,Lenovo,Intel Core i5 12th Gen,10,12,8,512,0,Windows,Intel UHD,,14.0,1920,1200,FHD,62,737.1,3.16,1.0,1,0.55929203539823,0.10869565217391305,0.125,0.8416847440881462
HP Victus 15-fb0082AX Gaming Laptop,HP,AMD Ryzen 5 5600H,6,12,8,512,0,Windows,NVIDIA GeForce RTX 3050,4.0,15.6,1920,1080,FHD,72,698.3,3.0,4.9,1,0.5309734513274336,0.532608695652174,0.125,0.8500182564058506
Dell XPS 9315 Laptop,Dell,Intel Core i7 12th Gen,10,12,16,512,0,Windows,Iris Xe,,13.4,1920,1080,FHD,51,1284.96,4.16,1.5,1,0.736283185840708,0.16304347826086957,0.25,0.7240146910371785
HP Omen 16-n0049AX Gaming Laptop,HP,AMD Ryzen 7 6800H,8,16,16,512,0,Windows,NVIDIA GeForce RTX 3050Ti,4.0,16.0,1920,1080,FHD,66,1044.59,4.0,4.9,1,0.7079646017699115,0.532608695652174,0.25,0.7756416589703388
HP Omen 16-n0050AX Gaming Laptop,HP,AMD Ryzen 7 6800H,8,16,16,512,0,Windows,NVIDIA GeForce RTX 3050,4.0,16.0,1920,1080,FHD,66,968.06,4.0,4.9,1,0.7079646017699115,0.532608695652174,0.25,0.7920788676732747
Lenovo V14 Gen 2 ITL 82KAA001IH Laptop,Lenovo,Intel Core i5 11th Gen,4,8,8,0,1000,Linux,Intel Integrated,,14.0,1920,1080,FHD,53,484.99,3.08,1.5,0,0.5451327433628318,0.16304347826086957,0.125,0.8958332438411478
Lenovo V15 82C30057IH Laptop,Lenovo,Intel Celeron N4020,2,2,4,0,1000,Windows,Intel Integrated UHD,,15.6,1920,1080,FHD,48,290.99,1.0,1.0,0,0.17699115044247787,0.10869565217391305,0.0625,0.9375008054296698
Lenovo IdeaPad Gaming 3 82K201V2IN Laptop,Lenovo,AMD Ryzen 7 5800H,8,16,8,512,0,Windows,NVIDIA GeForce RTX 3050,4.0,15.6,1920,1080,FHD,74,746.8,4.0,4.9,1,0.7079646017699115,0.532608695652174,0.125,0.8396013660087202
Lenovo ThinkPad E14 21E3S04W00 Laptop,Lenovo,Intel Core i5 12th Gen,10,12,16,512,0,Windows,Intel Iris Xe Graphics,,14.0,1920,1080,FHD,57,722.55,3.16,1.5,1,0.55929203539823,0.16304347826086957,0.25,0.8448098112072854
Lenovo Thinkpad E14 Gen 21E3S05800 Laptop,Lenovo,Intel Core i7 12th Gen,10,12,16,1000,0,Windows,Intel Iris Xe Graphics,,14.0,1920,1080,FHD,66,994.15,4.16,1.5,1,0.736283185840708,0.16304347826086957,0.25,0.7864752249833544
Lenovo Yoga 9 82LU008TIN Laptop,Lenovo,Intel Core i7 12th Gen,14,20,16,1000,0,Windows,Intel Iris Xe Graphics,,14.0,3840,2160,4K,69,1745.9,4.16,1.5,1,0.736283185840708,0.16304347826086957,0.25,0.6250134238278313
Dell Vostro 3510 2022 Laptop,Dell,Intel Core i3 11th Gen,2,4,16,256,1000,Windows,Intel UHD Graphics,,15.6,1920,1080,FHD,56,483.54,2.08,1.0,1,0.368141592920354,0.10869565217391305,0.25,0.8961446766468352
Acer One 14 Z2-493 Business Laptop,Acer,AMD Ryzen 5 3500U,4,8,16,512,0,Windows,AMD Radeon Radeon Graphics,,14.0,1366,768,HD,59,387.9,3.0,1.6,1,0.5309734513274336,0.1739130434782609,0.25,0.916686354947486
Fujitsu UH-X 4ZR1K06212 Laptop,Fujitsu,Intel Core i7 12th Gen,10,12,16,512,0,Windows,Intel Iris Xe Graphics,,13.3,1920,1080,FHD,68,969.9,4.16,1.5,1,0.736283185840708,0.16304347826086957,0.25,0.7916836701819197
HP Envy x360 13-bf0062TU Laptop,HP,Intel Core i7 12th Gen,10,12,16,512,0,Windows,Intel Iris Xe Graphics,,13.3,2880,1800,QHD,68,1018.4,4.16,1.5,1,0.736283185840708,0.16304347826086957,0.25,0.7812667797847892
Gigabyte G5 RC45MD Laptop,Gigabyte,Intel Core i5 11th Gen,6,12,16,512,0,Windows,NVIDIA GeForce RTX 3050 Ti,4.0,15.6,1920,1080,FHD,71,743.02,3.08,5.1,1,0.5451327433628318,0.5543478260869565,0.25,0.8404132391159604
Gigabyte G5 RC45GD Laptop,Gigabyte,Intel Core i5 11th Gen,6,12,16,512,0,Windows,NVIDIA GeForce RTX 3050,4.0,15.6,1920,1080,FHD,71,717.7,3.08,4.9,1,0.5451327433628318,0.532608695652174,0.25,0.8458515002469984
Gigabyte G5 RC45KD Laptop,Gigabyte,Intel Core i5 11th Gen,6,12,16,512,0,Windows,NVIDIA GeForce RTX 3060,6.0,15.6,1920,1080,FHD,72,851.66,3.08,6.0,1,0.5451327433628318,0.6521739130434783,0.25,0.8170794046263881
MSI Katana GF66 11UE-249IN Gaming Laptop,MSI,Intel Core i7 11th Gen,8,16,16,512,0,Windows,NVIDIA GeForce RTX 3060,6.0,15.6,1920,1080,FHD,74,1125.1,4.08,6.0,1,0.7221238938053097,0.6521739130434783,0.25,0.758349620911102
Lenovo IdeaPad Gaming 3 15IAH7 82S900KQIN Laptop,Lenovo,Intel Core i5 12th Gen,8,12,16,512,0,Windows,NVIDIA GeForce RTX 3050,4.0,15.6,1920,1080,FHD,74,872.9,3.16,4.9,1,0.55929203539823,0.532608695652174,0.25,0.8125174509761808
Lenovo IdeaPad Gaming 3 15IHU6 82K101EDIN Laptop,Lenovo,Intel Core i5 11th Gen,4,8,8,512,0,Windows,NVIDIA GeForce RTX 3050 Graphics,4.0,15.6,1920,1080,FHD,68,674.15,3.08,4.9,1,0.5451327433628318,0.532608695652174,0.125,0.8552052234798857
Dell Latitude 3520 Laptop,Dell,Intel Core i3 11th Gen,2,4,8,256,0,Linux,Intel UHD Graphics,,15.6,1366,768,HD,42,375.39,2.08,1.0,1,0.368141592920354,0.10869565217391305,0.125,0.9193732683262097
Honor MagicBook X15 BohrBR-WAH9F Laptop,Honor,Intel Core i5 10th Gen,4,8,8,256,0,Windows,Intel UHD Graphics,,15.6,1920,1080,FHD,57,652.98,3.0,1.0,1,0.5309734513274336,0.10869565217391305,0.125,0.8597521424429219
Dell Vostro 3510 2022 Laptop,Dell,Intel Core i3 11th Gen,2,4,8,512,0,Windows,Intel UHD Graphics,,15.6,1920,1080,FHD,51,449.11,2.08,1.0,1,0.368141592920354,0.10869565217391305,0.125,0.9035395949225713
HP ProBook 450 G8 4Y7G3PA Laptop,HP,Intel Core i3 11th Gen,2,4,8,256,0,Windows,Intel UHD Graphics,,15.6,1366,768,HD,61,470.45,2.08,1.0,1,0.368141592920354,0.10869565217391305,0.125,0.8989561631478339
Dell Vostro 3510 2022 Laptop,Dell,Intel Core i3 11th Gen,2,4,16,512,1000,Windows,Intel UHD Graphics,,15.6,1920,1080,FHD,57,515.07,2.08,1.0,1,0.368141592920354,0.10869565217391305,0.25,0.8893726239824739
Lenovo ThinkBook 14 20VDA0QTIH Laptop,Lenovo,Intel Core i5 11th Gen,4,8,8,512,0,Linux,Intel UHD Graphics,,14.0,1920,1080,FHD,55,582.97,3.08,1.0,1,0.5451327433628318,0.10869565217391305,0.125,0.8747889774264911
Dell Vostro 3510 2022 Laptop,Dell,Intel Core i3 11th Gen,2,4,16,512,0,Windows,Intel UHD Graphics,,15.6,1920,1080,FHD,54,483.06,2.08,1.0,1,0.368141592920354,0.10869565217391305,0.25,0.89624777164458
Dell Latitude 3420 Laptop,Dell,Intel Core i3 11th Gen,2,4,16,512,0,Linux,Intel UHD Graphics,,14.0,1366,768,HD,55,674.15,2.08,1.0,1,0.368141592920354,0.10869565217391305,0.25,0.8552052234798857
Fujitsu UH-X 4ZR1J37875 Laptop,Fujitsu,Intel Core i5 12th Gen,10,12,16,512,0,Windows,Intel Iris Xe Graphics,,13.3,1920,1080,FHD,68,872.9,3.16,1.5,1,0.55929203539823,0.16304347826086957,0.25,0.8125174509761808
Dell Latitude 3420 2022 Laptop,Dell,Intel Core i5 11th Gen,4,8,16,1000,0,Windows,Intel UHD Graphics,,14.0,1920,1080,FHD,68,999.09,3.08,1.0,1,0.5451327433628318,0.10869565217391305,0.25,0.7854142056315643
Fujitsu UH-X 4ZR1J37876 Laptop,Fujitsu,Intel Core i7 12th Gen,10,12,16,512,0,Windows,Intel Iris Xe Graphics,,13.3,1920,1080,FHD,69,969.9,4.16,1.5,1,0.736283185840708,0.16304347826086957,0.25,0.7916836701819197
Acer TravelMate TMB311-31 Laptop,Acer,Intel Pentium N5030,4,4,4,128,0,Windows,UHD Graphics 600,,11.6,1366,768,HD,49,242.4,1.25,1.0,1,0.22123893805309733,0.10869565217391305,0.0625,0.9479370261388775
Lenovo IdeaPad Flex 5 81X10087IN Laptop,Lenovo,Intel Core i3 10th Gen,2,4,8,512,0,Windows,Intel Integrated Iris Xe,,14.0,1920,1080,FHD,65,640.2,2.0,1.5,1,0.35398230088495575,0.16304347826086957,0.125,0.8624970467578771
Lenovo ThinkPad E15 20TDS0TA00 Laptop,Lenovo,Intel Core i5 11th Gen,4,8,8,512,0,Windows,Intel Integrated UHD,,15.6,1920,1080,FHD,60,691.61,3.08,1.0,1,0.5451327433628318,0.10869565217391305,0.125,0.8514551429369187
HP 250 G8 6X4B3PA Laptop,HP,Intel Core i3 11th Gen,2,4,8,512,0,Windows,Intel UHD,,15.6,1366,768,HD,45,354.04,2.08,1.0,1,0.368141592920354,0.10869565217391305,0.125,0.9239588479134002
Dell Vostro 5320 Laptop,Dell,Intel Core i5 12th Gen,12,16,16,512,0,Windows,Intel Integrated UMA,,13.3,2560,1600,QHD,54,766.2,3.16,1.5,1,0.55929203539823,0.16304347826086957,0.25,0.835434609849868
HP Elitebook 840 G8 4S1H5PA Laptop,HP,Intel Core i5 11th Gen,4,8,8,512,0,Windows,Intel Iris Xe,,14.0,1920,1080,FHD,65,1346.36,3.08,1.5,1,0.5451327433628318,0.16304347826086957,0.125,0.7108271225756566
HP Pavilion x360 14-ek0072TU Laptop,HP,Intel Core i5 12th Gen,10,12,16,512,0,Windows,Intel Integrated Iris Xe,,14.0,1920,1080,FHD,67,698.39,3.16,1.5,1,0.55929203539823,0.16304347826086957,0.25,0.8499989260937735
Acer Predator Helios 300 PH315-55s Spatial Labs Edition Gaming Laptop,Acer,Intel Core i9 12th Gen,14,20,32,2000,0,Windows,NVIDIA GeForce RTX 3030,,15.6,3840,2160,4K,84,3103.99,4.76,1.5,1,0.8424778761061946,0.16304347826086957,0.5,0.33332116239609955
Dell XPS 13 Plus Laptop,Dell,Intel Core i5 12th Gen,12,16,16,512,0,Windows,Intel Iris Xe Graphics,,13.4,3840,2400,4K,69,1658.7,3.16,1.5,1,0.55929203539823,0.16304347826086957,0.25,0.6437423484181362
Acer Nitro 5 AN515-46 Laptop,Acer,AMD Ryzen 5 6600H,6,12,16,512,1000,Windows,NVIDIA GeForce RTX 3050,4.0,15.6,2560,1440,QHD,76,960.2,3.0,4.9,1,0.5309734513274336,0.532608695652174,0.25,0.7937670482613458
Acer Aspire 3 A315-23 Laptop,Acer,AMD Ryzen 5 3500U,4,8,8,512,0,Windows,AMD Radeon AMD,,15.6,1920,1080,FHD,56,497.12,3.0,1.5,1,0.5309734513274336,0.16304347826086957,0.125,0.8932279473356386
Asus TUF F15 FA507RE-HN043WS 2022 Gaming Laptop,Asus,AMD Ryzen 7 6800H,8,16,16,512,0,Windows,NVIDIA GeForce RTX 3050 Ti,4.0,15.6,1920,1080,FHD,79,872.9,4.0,5.1,1,0.7079646017699115,0.5543478260869565,0.25,0.8125174509761808
MSI GF63 Thin 10SC-848IN Gaming Laptop,MSI,Intel Core i5 10th Gen,6,12,8,512,0,Windows,NVIDIA Geforce GTX 1650,4.0,15.6,1920,1080,FHD,69,588.79,3.0,3.2,1,0.5309734513274336,0.3478260869565218,0.125,0.8735389505788355
Acer Aspire 5 A515-45-R1YC Laptop,Acer,AMD Ryzen 5 5500U,6,12,8,256,0,Windows,AMD Radeon,,15.6,1920,1080,FHD,59,436.4,3.0,1.5,1,0.5309734513274336,0.16304347826086957,0.125,0.9062694645503555
Lenovo Legion 5 Pro 82RG009AIN Laptop,Lenovo,AMD Ryzen 7 6800H,8,16,16,1000,0,Windows,NVIDIA GeForce RTX 3060,6.0,16.0,2560,1600,QHD,76,1551.9,4.0,6.0,1,0.7079646017699115,0.6521739130434783,0.25,0.6666809854163533
HP Omen 16-C0136AX Laptop,HP,AMD Ryzen 5 5600H,6,12,8,512,0,Windows,NVIDIA GeForce GTX 1650,4.0,16.1,1920,1080,FHD,72,730.4,3.0,3.2,1,0.5309734513274336,0.3478260869565218,0.125,0.8431237784316673
HP Envy x360 13-bf0058TU Laptop,HP,Intel Core i5 12th Gen,10,12,16,512,0,Windows,Intel Iris X Graphics,,13.3,2880,1800,QHD,67,999.1,3.16,1.5,1,0.55929203539823,0.16304347826086957,0.25,0.7854120578191113
HP Omen 17-ck1022TX Gaming Laptop,HP,Intel Core i7 12th Gen,16,24,32,1000,0,Windows,NVIDIA GeForce RTX 3070Ti,8.0,16.1,2560,1440,QHD,76,1939.99,4.16,7.2,1,0.736283185840708,0.782608695652174,0.5,0.583326531927232
Honor MagicBook 15 WDQ9CHNE Laptop,Honor,AMD Ryzen 5 5500U,6,12,8,256,0,Windows,AMD Radeon,,15.6,1920,1080,FHD,51,387.9,3.0,1.5,1,0.5309734513274336,0.16304347826086957,0.125,0.916686354947486
HP Envy x360 16-h0028TX Laptop,HP,Intel Core i7 12th Gen,10,12,16,512,0,Windows,Intel Iris X Graphics,,13.3,3840,2400,4K,69,1396.7,4.16,1.5,1,0.736283185840708,0.16304347826086957,0.25,0.7000150346871711
HP Envy 16-h0026tx Laptop,HP,Intel Core i9 12th Gen,14,20,32,1000,0,Windows,NVIDIA GeForce RTX 3060,6.0,15.6,3840,2160,4K,78,2133.03,4.76,6.0,1,0.8424778761061946,0.6521739130434783,0.5,0.5418651603341995
HP Envy 16-h0025tx Laptop,HP,Intel Core i9 12th Gen,14,20,16,1000,0,Windows,NVIDIA GeForce RTX 3060,6.0,16.0,3840,2160,4K,76,1867.15,4.76,6.0,1,0.8424778761061946,0.6521739130434783,0.25,0.598971197835005
Lenovo Legion 5 Pro 82RG00EKIN Laptop,Lenovo,AMD Ryzen 7 6800H,8,16,32,1000,0,Windows,NVIDIA GeForce RTX 3070,8.0,16.0,2560,1600,QHD,82,1842.9,4.0,7.2,1,0.7079646017699115,0.782608695652174,0.5,0.6041796430335702
Lenovo Yoga Slim 7 Pro 82SV0053IN Laptop,Lenovo,Intel Core i7 12th Gen,12,16,16,512,0,Windows,Intel Iris Xe Graphics,,14.0,2880,1800,QHD,63,1066.7,4.16,1.5,1,0.736283185840708,0.16304347826086957,0.25,0.770892845636719
Asus VivoBook 14 X415JA-BV322WS Laptop,Asus,Intel Core i3 10th Gen,2,4,8,512,0,Windows,Intel UHD Graphics,,14.0,1920,1080,FHD,57,329.7,2.0,1.0,1,0.35398230088495575,0.10869565217391305,0.125,0.9291866234240426
Lenovo Yoga 6 82UD0068IN 2-in-1 Laptop,Lenovo,AMD Ryzen 7 5700U,8,16,16,512,0,Windows,AMD Radeon,,13.3,1920,1080,FHD,63,776.29,4.0,1.5,1,0.7079646017699115,0.16304347826086957,0.25,0.8332674670847742
HP Chromebook 14a-na1004TU Laptop,HP,Intel Celeron N4500,2,2,4,0,64,Chrome,Intel Integrated UHD Graphics,,14.0,1366,768,HD,44,213.3,1.0,1.0,0,0.17699115044247787,0.10869565217391305,0.0625,0.9541871603771559
Lenovo V14 G2-ITL 82KAA025IH Laptop,Lenovo,Intel Core i3 11th Gen,2,4,8,0,1000,Windows,Intel Integrated UHD,,14.0,1920,1080,FHD,57,499.55,2.08,1.0,0,0.368141592920354,0.10869565217391305,0.125,0.8927060289095556
HP Envy x360 13-bf0063TU Laptop,HP,Intel Core i7 12th Gen,10,12,16,1000,0,Windows,Intel Iris X Graphics,,13.3,2880,1800,QHD,71,1066.9,4.16,1.5,1,0.736283185840708,0.16304347826086957,0.25,0.7708498893876586
Gigabyte Aero 5 XE4 OLED Laptop,Gigabyte,Intel Core i7 12th Gen,14,20,16,1000,0,Windows,NVIDIA GeForce RTX 3070Ti,8.0,15.6,1920,1080,FHD,81,1799.25,4.16,7.2,1,0.736283185840708,0.782608695652174,0.25,0.6135548443909877
Lenovo V14-IIL 82C4019YIH Laptop,Lenovo,Intel Core i5 10th Gen,4,8,4,256,0,Windows,Intel Integrated UHD,,14.0,1366,768,HD,47,465.6,3.0,1.0,1,0.5309734513274336,0.10869565217391305,0.0625,0.8999978521875469
Asus VivoBook 14 2022 X1402ZA-EK521WS Laptop,Asus,Intel Core i5 12th Gen,10,12,8,512,0,Windows,Intel Integrated UHD,,14.0,1920,1080,FHD,63,523.7,3.16,1.0,1,0.55929203539823,0.10869565217391305,0.125,0.8875190618355205
Asus VivoBook 14 2022 X1402ZA-MW512WS Laptop,Asus,Intel Core i5 12th Gen,12,16,16,512,0,Windows,Intel Integrated Iris Xe,,14.0,1920,1080,FHD,67,649.8,3.16,1.5,1,0.55929203539823,0.16304347826086957,0.25,0.8604351468029812
Asus VivoBook 14 2022 X1402ZA-MW311WS Laptop,Asus,Intel Core i3 12th Gen,10,12,8,512,0,Windows,Intel Integrated UHD,,14.0,1920,1080,FHD,63,446.1,2.16,1.0,1,0.3823008849557522,0.10869565217391305,0.125,0.9041860864709294
Lenovo Thinkpad E14 Gen 2 20TBS4K300 Laptop,Lenovo,Intel Core i5 11th Gen,4,8,8,512,0,Linux,Intel UHD,,14.1,1920,1080,FHD,56,693.06,3.08,1.0,1,0.5451327433628318,0.10869565217391305,0.125,0.8511437101312314
Lenovo E41-55 ‎82C700FNGE Laptop,Lenovo,AMD Athlon Pro 3045B,2,2,4,0,1000,Windows,AMD Radeon Graphics,,15.6,1920,1080,FHD,42,213.39,1.25,1.6,0,0.22123893805309733,0.1739130434782609,0.0625,0.9541678300650787
Dell Latitude 3420 Laptop,Dell,Intel Core i5 11th Gen,4,8,16,512,1000,Windows,Intel UHD Graphics,,14.0,1366,768,HD,65,735.26,3.08,1.0,1,0.5451327433628318,0.10869565217391305,0.25,0.8420799415795013
HP 250 G8 6G9R1PA Notebook,HP,Intel Core i3 11th Gen,0,0,8,512,0,Linux,Intel Integrated Intel® UHD Graphics,,15.6,1366,768,HD,0,349.0,2.08,1.0,1,0.368141592920354,0.10869565217391305,0.125,0.9250413453897206
Acer TravelMate TMP215-53 Laptop,Acer,Intel Pentium Gold 7505,2,4,4,0,1000,Windows,Intel Integrated,,15.6,1366,768,HD,53,261.8,1.25,1.5,0,0.22123893805309733,0.16304347826086957,0.0625,0.9437702699800253
MSI Creator M16 A11UC-669IN Laptop,MSI,Intel Core i7 11th Gen,8,16,16,512,0,Windows,NVIDIA GeForce RTX3050,4.0,16.0,2560,1600,QHD,78,1125.1,4.08,4.9,1,0.7221238938053097,0.532608695652174,0.25,0.758349620911102
Lenovo ThinkPad X1 Yoga 20XYS00R00 Laptop,Lenovo,Intel Core i7 11th Gen,4,8,16,1000,0,Windows,Intel UHD Graphics,,14.0,1920,1080,FHD,66,2414.23,4.08,1.0,1,0.7221238938053097,0.10869565217391305,0.25,0.48146867415537276
Lenovo ThinkPad T14 2021 20W0S03F00 Laptop,Lenovo,Intel Core i5 11th Gen,4,8,8,512,0,Windows,512 MB Intel Integrated,,14.0,1920,1080,FHD,66,843.9,3.08,1.5,1,0.5451327433628318,0.16304347826086957,0.125,0.8187461070899289
Huawei MateBook D14 Laptop,Huawei,Intel Core i5 10th Gen,4,8,8,512,0,Windows,Intel UHD Graphics,,14.0,1920,1080,FHD,62,697.44,3.0,1.0,1,0.5309734513274336,0.10869565217391305,0.125,0.8502029682768101
Lenovo IdeaPad Slim 5 82FG01HAIN Laptop,Lenovo,Intel Core i5 11th Gen,4,8,16,512,0,Windows,Intel Iris Xe Graphics,,15.6,1920,1080,FHD,53,581.9,3.08,1.5,1,0.5451327433628318,0.16304347826086957,0.25,0.8750187933589639
Asus VivoBook 14 2021 X415KA-BV121WS Laptop,Asus,Intel Silver N6000,4,4,8,256,0,Windows,Intel Integrated Intel UHD,,14.1,1366,768,HD,48,281.2,2.0,1.0,1,0.35398230088495575,0.10869565217391305,0.125,0.9396035138211731
Dell Inspiron 3511 Laptop,Dell,Intel Core i3 11th Gen,2,4,8,512,1000,Windows,Intel UHD Graphics,,15.56,1920,1080,FHD,57,451.04,2.08,1.0,1,0.368141592920354,0.10869565217391305,0.125,0.9031250671191391
Lenovo V14 G2-ITL ﻿82KAA05VIH Laptop,Lenovo,Intel Core i3 11th Gen,2,4,4,256,0,Windows,Intel Integrated UHD,,15.0,1920,1080,FHD,50,378.3,2.08,1.0,1,0.368141592920354,0.10869565217391305,0.0625,0.9187482549023819
Huawei MateBook 14 2021‎ WDH9A Laptop,Huawei,Intel Core i5 11th Gen,4,8,8,512,0,Windows,Intel Iris Xe Graphics,,14.0,2160,1440,FHD,61,979.03,3.08,1.5,1,0.5451327433628318,0.16304347826086957,0.125,0.7897227174123156
Asus ROG Zephyrus G14 GA402RJZ-L4136WS Gaming Laptop,Asus,AMD Ryzen 9 6900HS,8,16,16,1000,0,Windows,AMD Radeon RX 6700S,8.0,14.0,1920,1080,FHD,82,1503.5,4.6,6.4,1,0.8141592920353982,0.6956521739130436,0.25,0.6770763976889538
HP Envy x360 13-bf0078TU Laptop,HP,Intel Core i5 12th Gen,10,12,8,512,0,Windows,Intel Iris X Graphics,,13.3,1920,1080,FHD,65,785.6,3.16,1.5,1,0.55929203539823,0.16304347826086957,0.125,0.8312678536910156
Asus ROG Flow X16 2022 GV601RM-M5053WS Gaming Laptop,Asus,AMD Ryzen 7 6800HS,8,16,16,1000,0,Windows,AMD Radeon Radeon 680M,6.0,16.0,2560,1600,QHD,87,1823.5,4.0,1.5,1,0.7079646017699115,0.16304347826086957,0.25,0.6083463991924225
Asus ROG Flow X16 2022 GV601RM-M5039WS Gaming Laptop,Asus,AMD Ryzen 9 6900HS,8,0,16,1000,0,Windows,AMD Radeon Radeon 680M,6.0,16.0,2560,1600,QHD,84,2056.3,4.6,1.5,1,0.8141592920353982,0.16304347826086957,0.25,0.558345325286196
Lenovo V14 Gen 2 82KAA002IH Laptop,Lenovo,Intel Core i5 11th Gen,4,8,8,512,0,Linux,Intel Iris Xe Graphics,,14.0,1920,1080,FHD,51,457.83,3.08,1.5,1,0.5451327433628318,0.16304347826086957,0.125,0.9016667024635409
Avita Pura E NS14A6 Laptop,Avita,Intel Core i3 10th Gen,2,4,8,256,0,Windows,Intel UHD Graphics 620,,14.0,1920,1080,FHD,48,290.9,2.0,1.0,1,0.35398230088495575,0.10869565217391305,0.125,0.9375201357417471
Lenovo ThinkBook 13s ITL Gen 2 20V9A036IH Laptop,Lenovo,Intel Core i7 11th Gen,4,8,16,512,0,Windows,Intel Integrated Iris Xe,,13.0,2560,1600,QHD,65,834.19,4.08,1.5,1,0.7221238938053097,0.16304347826086957,0.25,0.820831632981808
Lenovo Thinkpad T15P Gen 2 ‎21A7001LUS Laptop,Lenovo,Intel Core i7 11th Gen,8,16,16,512,0,Windows,NVIDIA GeForce GTX 1650,4.0,14.0,1920,1080,FHD,69,2124.3,4.08,3.2,1,0.7221238938053097,0.3478260869565218,0.25,0.5437402006056831
Lenovo Ideapad Flex 5 82R700ASIN Laptop,Lenovo,Intel Core i3 12th Gen,6,8,8,512,0,Windows,Intel Integrated UHD,,14.0,1920,1080,FHD,62,580.07,2.16,1.0,1,0.3823008849557522,0.10869565217391305,0.125,0.8754118430378659
Lenovo Ideapad Slim 3i 82H802EYIN Laptop,Lenovo,Intel Core i3 11th Gen,2,4,8,256,0,Windows,Intel UHD Integrated Graphics,,15.6,1920,1080,FHD,54,358.9,2.08,1.0,1,0.368141592920354,0.10869565217391305,0.125,0.9229150110612341
Lenovo IdeaPad Flex 5 82R7006HIN Laptop,Lenovo,Intel Core i5 11th Gen,4,8,16,512,0,Windows,Intel Integrated UHD Xe,,14.0,1920,1080,FHD,69,722.55,3.08,1.0,1,0.5451327433628318,0.10869565217391305,0.25,0.8448098112072854
Dell Vostro 3400 Laptop AMD,Dell,AMD Ryzen 5 3450U,4,0,8,256,0,Windows,AMD Radeon,,14.0,1920,1080,FHD,56,358.8,3.0,1.5,1,0.5309734513274336,0.16304347826086957,0.125,0.9229364891857643
Lenovo Yoga Slim 7 Pro 82NC00FRIN Laptop,Lenovo,Intel Core i5 11th Gen,4,8,16,512,0,Windows,Intel Iris Xe Graphics,,14.0,2880,1800,QHD,62,722.81,3.08,1.5,1,0.5451327433628318,0.16304347826086957,0.25,0.844753968083507
MSI Katana GF66 12UC-636IN Gaming Laptop,MSI,Intel Core i5 12th Gen,12,16,8,512,0,Windows,NVIDIA GeForce RTX 3050,4.0,15.6,1920,1080,FHD,67,688.6,3.16,4.9,1,0.55929203539823,0.532608695652174,0.125,0.8521016344852768
MSI Gaming Katana GF76 11UC-848IN Laptop,MSI,Intel Core i7 11th Gen,8,16,16,512,0,Windows,Nvidia RTX 3050,4.0,17.32,1920,1080,FHD,69,746.8,4.08,4.9,1,0.7221238938053097,0.532608695652174,0.25,0.8396013660087202
MSI Gaming Katana GF76 11UD-849IN Laptop,MSI,Intel Core i7 11th Gen,8,16,16,512,0,Windows,Nvidia RTX 3050 Ti,4.0,17.32,1920,1080,FHD,69,805.0,4.08,5.1,1,0.7221238938053097,0.5543478260869565,0.25,0.8271010975321635
MSI Katana GF66 12UE-1001IN Gaming Laptop,MSI,Intel Core i5 12th Gen,12,16,16,512,0,Windows,NVIDIA GeForce RTX 3060,6.0,15.6,1920,1080,FHD,71,834.1,3.16,6.0,1,0.55929203539823,0.6521739130434783,0.25,0.8208509632938852
MSI Gaming Katana GF66 12UE-1002IN Laptop,MSI,Intel Core i7 12th Gen,14,20,16,1000,0,Windows,Nvidia GeForce RTX 3060,6.0,15.6,1920,1080,FHD,78,1028.1,4.16,6.0,1,0.736283185840708,0.6521739130434783,0.25,0.7791834017053632
Acer Swift X SFX14-41G Laptop,Acer,AMD Ryzen 5 5600U,6,12,16,512,0,Windows,NVIDIA GeForce RTX 3050,4.0,14.0,1920,1080,FHD,65,737.2,3.0,4.9,1,0.5309734513274336,0.532608695652174,0.25,0.8416632659636161
Lenovo V14-IGL ‎82C2S02K00 Laptop,Lenovo,Intel Celeron N4020,2,2,4,256,0,Windows,Intel Integrated UHD,,14.0,1920,1080,FHD,49,213.39,1.0,1.0,1,0.17699115044247787,0.10869565217391305,0.0625,0.9541678300650787
HP 255 G8 6V2R7PA Laptop,HP,AMD Athlon 3050U,2,2,4,0,1000,Linux,AMD Radeon Graphics,,15.6,1366,768,HD,48,239.1,1.25,1.6,0,0.22123893805309733,0.1739130434782609,0.0625,0.9486458042483731
Asus TUF Gaming F15 FX566HCB-HN231T Gaming Laptop,Asus,Intel Core i7 11th Gen,8,16,8,1000,0,Windows,‎NVIDIA GeForce RTX 3050,4.0,15.6,1920,1080,FHD,65,979.7,4.08,4.9,1,0.7221238938053097,0.532608695652174,0.125,0.7895788139779634
Dell Vostro 3400 Laptop,Dell,Intel Core i3 11th Gen,2,4,8,0,1000,Windows,Intel Integrated Iris Xe,,14.0,1920,1080,FHD,56,373.44,2.08,1.5,0,0.368141592920354,0.16304347826086957,0.125,0.919792091754548
Asus ROG Flow X13 GV301RC-LJ073WS Gaming Laptop,Asus,AMD Ryzen 9 6900HS,8,16,32,1000,0,Windows,‎NVIDIA GeForce RTX 3050,4.0,13.4,1920,1200,FHD,81,1474.3,4.6,4.9,1,0.8141592920353982,0.532608695652174,0.5,0.6833480100517623
AGB Octev GA-9009 Gaming Laptop,AGB,Intel Core i7 11th Gen,4,8,16,1000,0,Windows,NVIDIA Geforce MX450,2.0,15.6,1920,1080,FHD,61,630.5,4.08,2.3,1,0.7221238938053097,0.25,0.25,0.8645804248373032
Lenovo Thinkbook 14 Gen 2 20VDA0G9IH Laptop,Lenovo,Intel Core i5 11th Gen,4,8,8,512,0,Windows,Intel Iris Xe Graphics,,14.0,1920,1080,FHD,57,808.97,3.08,1.5,1,0.5451327433628318,0.16304347826086957,0.125,0.8262484159883159
Asus ROG Flow X13 GV301RE-LJ156WS Gaming Laptop,Asus,AMD Ryzen 9 6900HS,8,16,32,1000,0,Windows,‎NVIDIA GeForce RTX 3050 Ti,4.0,13.4,1920,1200,FHD,81,1668.3,4.6,5.1,1,0.8141592920353982,0.5543478260869565,0.5,0.6416804484632401
Gigabyte Aorus 5 SE4 Gaming Laptop,Gigabyte,Intel Core i7 12th Gen,14,20,16,512,0,Windows,NVIDIA GeForce RTX 3070,8.0,15.6,2560,1440,QHD,75,1406.4,4.16,7.2,1,0.736283185840708,0.782608695652174,0.25,0.6979316566077449
HP Victus 15-fb0052AX Gaming Laptop,HP,AMD Ryzen 7 5800H,8,16,8,512,0,Windows,NVIDIA GeForce RTX 3050,4.0,15.6,1920,1080,FHD,74,762.9,4.0,4.9,1,0.7079646017699115,0.532608695652174,0.125,0.8361433879593634
Lenovo Ideapad Flex 5 14IAU7 82R7006EIN Laptop,Lenovo,Intel Core i3 12th Gen,6,8,8,512,0,Windows,Intel Integrated UHD,,14.0,1920,1080,FHD,61,591.6,2.16,1.0,1,0.3823008849557522,0.10869565217391305,0.125,0.8729354152795378
Lenovo Thinkpad L13 Gen 2 20VHS07500 Laptop,Lenovo,Intel Core i5 11th Gen,4,8,16,512,0,Windows,Intel Iris Xe Graphics,,14.0,1920,1080,FHD,66,902.09,3.08,1.5,1,0.5451327433628318,0.16304347826086957,0.25,0.8062479864258253
Lenovo 15ACH6 82JW00P5IN Laptop,Lenovo,AMD Ryzen 5 5600H,6,12,16,512,0,Windows,NVIDIA GeForce GTX 1650,4.0,15.6,1920,1200,FHD,71,678.9,3.0,3.2,1,0.5309734513274336,0.3478260869565218,0.25,0.8541850125647028
Lenovo IdeaPad Slim 5 15ITL05 82SE0061IN Laptop,Lenovo,Intel Core i5 11th Gen,4,8,16,512,0,Windows,Intel Iris Xe Graphics,,15.6,1920,1080,FHD,62,620.7,3.08,1.5,1,0.5451327433628318,0.16304347826086957,0.25,0.8666852810412595
Acer Nitro 5 AN515-45 NH.QCLSI.004 Gaming Laptop,Acer,AMD Ryzen 5 5600H,6,12,8,512,0,Windows,NVIDIA GeForce RTX 3050,4.0,15.6,1920,1080,FHD,67,659.5,3.0,4.9,1,0.5309734513274336,0.532608695652174,0.125,0.858351768723555
Gigabyte Aero 5 KE4 OLED Laptop,Gigabyte,Intel Core i7 12th Gen,14,20,16,1000,0,Windows,NVIDIA GeForce RTX 3060,6.0,15.6,1920,1080,FHD,79,1396.7,4.16,6.0,1,0.736283185840708,0.6521739130434783,0.25,0.7000150346871711
Lenovo V14 G2-ITL 82KA00G8IH Laptop,Lenovo,Intel Core i3 11th Gen,2,4,4,256,0,Linux,Intel Integrated UHD,,14.0,1920,1080,FHD,0,286.15,2.08,1.0,1,0.368141592920354,0.10869565217391305,0.0625,0.9385403466569299
Asus ROG Strix G17 2022 G713RW-KH110WS Gaming Laptop,Asus,AMD Ryzen 9 6900HX,8,16,16,1000,0,Windows,NVIDIA GeForce RTX 3070 Ti,8.0,17.3,1920,1080,FHD,76,1996.07,4.6,7.2,1,0.8141592920353982,0.782608695652174,0.25,0.571281599690715
MSI Crosshair 15 B12UGZ-1012IN Gaming Laptop,MSI,Intel Core i7 12th Gen,14,20,16,1000,0,Windows,NVIDIA GeForce RTX 3070,8.0,15.6,2560,1440,QHD,81,1309.4,4.16,7.2,1,0.736283185840708,0.782608695652174,0.25,0.718765437402006
MSI Crosshair 15 B12UEZ-897IN Gaming Laptop,MSI,Intel Core i7 12th Gen,14,20,16,512,0,Windows,NVIDIA GeForce RTX 3060,6.0,15.6,1920,1080,FHD,76,1018.4,4.16,6.0,1,0.736283185840708,0.6521739130434783,0.25,0.7812667797847892
Lenovo V15 Gen 2 Laptop,Lenovo,Intel Core i3 11th Gen,2,4,8,512,0,Windows,Intel Integrated UHD,,15.0,1920,1080,FHD,54,396.45,2.08,1.0,1,0.368141592920354,0.10869565217391305,0.125,0.9148499753001568
Lenovo V15 82KDA01DIH Laptop,Lenovo,AMD Ryzen 3 5300U,4,8,8,256,0,Windows,AMD Radeon Graphics,,15.6,1920,1080,FHD,62,387.99,2.0,1.6,1,0.35398230088495575,0.1739130434782609,0.125,0.9166670246354088
Acer Spin 3 SP314-55N Laptop,Acer,Intel Core i5 12th Gen,10,12,16,512,0,Windows,Intel Irix Xe Graphics,,14.0,1920,1080,FHD,59,824.4,3.16,1.5,1,0.55929203539823,0.16304347826086957,0.25,0.8229343413733112
Lenovo Legion 5 82JU00SYIN Laptop,Lenovo,AMD Ryzen 7 5800H,8,16,16,1000,0,Windows,NVIDIA GeForce RTX 3060,6.0,16.0,2560,1600,QHD,79,1260.94,4.0,6.0,1,0.7079646017699115,0.6521739130434783,0.25,0.7291737365493245
Lenovo ThinkPad T14 20W0S1C800 Laptop,Lenovo,Intel Core i7 11th Gen,4,8,16,512,0,Windows,Intel Iris Xe Graphics,,14.0,1920,1080,FHD,67,1377.4,4.08,1.5,1,0.7221238938053097,0.16304347826086957,0.25,0.704160312721493
MSI Raider GE77HX 12UHS-205IN Gaming Laptop,MSI,Intel Core i9 12th Gen,16,24,32,2000,0,Windows,NVIDIA GeForce RTX 3080 Ti,16.0,17.3,3840,2160,4K,86,2909.9,4.76,9.2,1,0.8424778761061946,1.0,0.5,0.3750080542966987
MSI Vector GP76 12UGSO-868IN Gaming Laptop,MSI,Intel Core i7 12th Gen,14,20,16,1000,0,Windows,NVIDIA GeForce RTX 3070 Ti,8.0,17.3,1920,1080,FHD,82,1658.6,4.16,7.2,1,0.736283185840708,0.782608695652174,0.25,0.6437638265426663
MSI Creator M16 A12UD-633IN Laptop,MSI,Intel Core i7 12th Gen,14,20,16,512,0,Windows,NVIDIA GeForce RTX 3050 Ti,4.0,16.0,2560,1660,QHD,79,969.9,4.16,5.1,1,0.736283185840708,0.5543478260869565,0.25,0.7916836701819197
MSI Alpha 15 B5EEK-235IN Laptop,MSI,AMD Ryzen 7 5800H,8,16,8,512,0,Windows,AMD Radeon RX 6600M,8.0,15.6,1920,1080,FHD,75,775.9,4.0,4.8,1,0.7079646017699115,0.5217391304347826,0.125,0.8333512317704418
MSI Creator Pro M16 A12UIS-634IN Gaming Laptop,MSI,Intel Core i7 12th Gen,14,20,16,1000,0,Windows,NVIDIA GeForce RTX A1000,4.0,16.0,2560,1660,QHD,80,1066.9,4.16,1.5,1,0.736283185840708,0.16304347826086957,0.25,0.7708498893876586
MSI Thin GF63 11SC-1046IN Gaming Laptop,MSI,Intel Core i5 11th Gen,6,12,8,512,0,Windows,NVIDIA GeForce GTX 1650 Max-Q,4.0,15.6,1920,1080,FHD,69,528.55,3.08,3.2,1,0.5451327433628318,0.3478260869565218,0.125,0.8864773727958075
Asus ROG Strix Scar 17 SE G733CX-LL012WS Gaming Laptop,Asus,Intel Core i9 12th Gen,16,24,32,4000,0,Windows,NVIDIA GeForce RTX 3080Ti,16.0,17.3,2560,1440,QHD,86,4655.9,4.76,9.2,1,0.8424778761061946,1.0,0.5,0.0
Asus VivoBook 14 X415JA-EK324WS Laptop,Asus,Intel Core i3 10th Gen,2,4,8,512,0,Windows,Intel UHD Graphics,,14.0,1920,1080,FHD,50,317.67,2.0,1.0,1,0.35398230088495575,0.10869565217391305,0.125,0.9317704418050216
Chuwi HeroBook Pro Laptop,Chuwi,Intel Celeron N4020,2,2,8,256,0,Windows,Intel HD Graphics,,14.1,1366,768,HD,48,232.7,1.0,1.5,1,0.17699115044247787,0.16304347826086957,0.125,0.9500204042183037
MSI Gaming Katana GF66 12UE-262IN Laptop,MSI,Intel Core i7 12th Gen,14,20,16,1000,0,Windows,Nvidia GeForce RTX 3060,6.0,15.6,1920,1080,FHD,75,1404.89,4.16,6.0,1,0.736283185840708,0.6521739130434783,0.25,0.6982559762881504
Asus ROG Strix Scar 15 G533ZXZ-LN116WS Gaming Laptop,Asus,Intel Core i9 12th Gen,14,20,32,1000,0,Windows,NVIDIA GeForce RTX 3080 Ti,16.0,15.6,2560,1440,QHD,87,2735.3,4.76,9.2,1,0.8424778761061946,1.0,0.5,0.41250885972636864
MSI Katana GF76 11UE-485IN Laptop,MSI,Intel Core i7 11th Gen,8,16,16,512,0,Windows,Nvidia RTX 3060,6.0,17.32,1920,1080,FHD,72,901.13,4.08,6.0,1,0.7221238938053097,0.6521739130434783,0.25,0.8064541764213149
MSI Delta 15 A5EFK-201IN Gaming Laptop,MSI,AMD Ryzen 7 5800H,8,16,16,1000,0,Windows,AMD Radeon RX 6700M,10.0,15.6,1920,1080,FHD,79,979.6,4.0,7.0,1,0.7079646017699115,0.7608695652173914,0.25,0.7896002921024936
Asus VivoBook K15 OLED K513EA-L503WS Laptop,Asus,Intel Core i5 11th Gen,4,8,16,256,1000,Windows,Intel Integrated Iris Xe,,15.6,1920,1080,FHD,66,649.9,3.08,1.5,1,0.5451327433628318,0.16304347826086957,0.25,0.8604136686784509
Asus VivoBook Pro 15 OLED K6500ZC-L502WS Laptop,Asus,Intel Core i5 12th Gen,8,12,16,512,0,Windows,NVIDIA GeForce RTX 3050,4.0,15.6,1920,1080,FHD,73,872.9,3.16,4.9,1,0.55929203539823,0.532608695652174,0.25,0.8125174509761808
Lenovo IdeaPad Slim 5 82SF004XIN Laptop,Lenovo,Intel Core i7 12th Gen,10,12,16,512,0,Windows,Intel Iris Xe Graphics,,15.6,1920,1080,FHD,67,805.0,4.16,1.5,1,0.736283185840708,0.16304347826086957,0.25,0.8271010975321635
Lenovo V15 G2 82KDA00UIH Laptop,Lenovo,AMD Ryzen 3 5300U,4,8,4,512,0,Linux,AMD Radeon Graphic,,15.6,1920,1080,FHD,53,322.53,2.0,1.5,1,0.35398230088495575,0.16304347826086957,0.0625,0.9307266049528555
Lenovo IdeaPad 3 15ITL6 82H802KYIN Laptop,Lenovo,Intel Core i5 11th Gen,4,8,8,512,0,Windows,Intel Integrated Iris Xe,,15.6,1920,1080,FHD,56,518.85,3.08,1.5,1,0.5451327433628318,0.16304347826086957,0.125,0.8885607508752336
Lenovo ThinkBook 14 20VDA0THIH Laptop,Lenovo,Intel Core i5 11th Gen,4,8,8,512,0,Windows,Intel Iris Xe Graphics,,14.0,1920,1080,FHD,62,751.75,3.08,1.5,1,0.5451327433628318,0.16304347826086957,0.125,0.8385381988444769
Asus Vivobook S14 Flip 2022 TN3402QA-LZ501WS Laptop,Asus,AMD Ryzen 5-5600H,6,12,16,512,0,Windows,AMD Radeon Graphics,,14.0,1920,1200,FHD,56,661.54,3.0,1.6,1,0.5309734513274336,0.1739130434782609,0.25,0.8579136149831397
Lenovo Legion 5 15ACH6 82JU018YIN Gaming Laptop,Lenovo,AMD Ryzen 7 5800H,8,16,16,512,0,Windows,NVIDIA GeForce RTX 3060,6.0,15.6,1920,1080,FHD,75,1143.63,4.0,6.0,1,0.7079646017699115,0.6521739130434783,0.25,0.7543697244356622
Asus EeeBook E410KA-BV101WS Laptop,Asus,Intel Pentium N6000,4,4,8,256,0,Windows,Intel Integrated UHD,,14.1,1366,768,HD,48,281.2,1.25,1.0,1,0.22123893805309733,0.10869565217391305,0.125,0.9396035138211731
Lenovo V14-IGL Laptop,Lenovo,Intel Celeron N4020,2,2,4,0,1000,Windows,Intel Integrated UHD,,14.0,1920,1080,FHD,48,223.09,1.0,1.0,0,0.17699115044247787,0.10869565217391305,0.0625,0.9520844519856526
Acer Nitro 5 AN515-45 Gaming Laptop,Acer,AMD Ryzen 5 5600H,6,12,8,512,0,Windows,NVIDIA GeForce GTX 1650,4.0,15.6,1920,1080,FHD,69,581.9,3.0,3.2,1,0.5309734513274336,0.3478260869565218,0.125,0.8750187933589639
HP 14s-dy2508TU Laptop,HP,Intel Core i3 11th Gen,2,4,8,512,0,Windows,Intel Integrated UHD,,14.0,1920,1080,FHD,54,387.9,2.08,1.0,1,0.368141592920354,0.10869565217391305,0.125,0.916686354947486
Asus VivoBook Ultra K14 K413EA-EB523WS Laptop,Asus,Intel Core i5 11th Gen,4,8,16,512,0,Windows,Intel Integrated Iris Xe,,14.0,1920,1080,FHD,61,591.6,3.08,1.5,1,0.5451327433628318,0.16304347826086957,0.25,0.8729354152795378
Xiaomi Notebook Pro 120G Laptop,Xiaomi,Intel Core i5 12th Gen,8,12,16,512,0,Windows,Nvidia MX550 Graphics,2.0,14.0,2560,1600,QHD,73,741.95,3.16,2.4,1,0.55929203539823,0.2608695652173913,0.25,0.8406430550484332
Asus VivoBook Pro 15 OLED K6500ZE-L501WS Laptop,Asus,Intel Core i5 12th Gen,8,12,16,512,0,Windows,NVIDIA GeForce RTX 3050Ti,4.0,15.6,1920,1080,FHD,69,899.89,3.16,4.9,1,0.55929203539823,0.532608695652174,0.25,0.8067205051654889
Dell Inspiron 7420 D560828WIN9S Laptop,Dell,Intel Core i5 12th Gen,10,12,16,512,0,Windows,Intel Iris Xe Graphics,,14.0,1920,1200,FHD,56,780.75,3.16,1.5,1,0.55929203539823,0.16304347826086957,0.25,0.8323095427307288
HP Spectre x360 13-ef0057TU Laptop,HP,Intel Core i5 12th Gen,10,12,16,512,0,Windows,Intel Iris X Graphics,,13.5,1920,1280,FHD,69,1057.2,3.16,1.5,1,0.55929203539823,0.16304347826086957,0.25,0.7729332674670848
Dell G15-5521 SE D560738WIN9B Laptop,Dell,Intel Core i7 12th Gen,14,20,16,1000,0,Windows,NVIDIA GeForce RTX 3060,6.0,15.6,2560,1440,QHD,85,1333.65,4.16,6.0,1,0.736283185840708,0.6521739130434783,0.25,0.7135569922034408
Gigabyte Aorus 15 XE5 Gaming Laptop,Gigabyte,Intel Core i7 12th Gen,14,20,16,1000,0,Windows,NVIDIA GeForce RTX 3070Ti,8.0,15.6,2560,1440,QHD,82,1793.53,4.16,7.2,1,0.736283185840708,0.782608695652174,0.25,0.6147833931141132
HP Spectre x360 16-f1009TX Laptop,HP,Intel Core i7 12th Gen,12,16,16,1000,0,Windows,Intel Arc A370M 4GB VRAM Graphics,4.0,16.0,3840,2400,4K,74,1716.8,4.16,4.0,1,0.736283185840708,0.4347826086956522,0.25,0.6312635580661097
Asus ROG Strix G17 G713RM-KH168W Gaming Laptop,Asus,AMD Ryzen 7 6800H,8,16,16,1000,0,Windows,NVIDIA GeForce RTX 3060,6.0,17.3,1920,1080,FHD,67,1260.9,4.0,6.0,1,0.7079646017699115,0.6521739130434783,0.25,0.7291823277991365
HP Spectre x360 13-ef0052TU OLED Laptop,HP,Intel Core i5 12th Gen,10,12,8,512,0,Windows,Intel Iris Xe Graphics,,13.5,3000,2000,QHD,67,1071.66,3.16,1.5,1,0.55929203539823,0.16304347826086957,0.125,0.7698275306600227
Gigabyte Aorus 15 XE4 Gaming Laptop,Gigabyte,Intel Core i7 12th Gen,14,20,16,1000,0,Windows,NVIDIA GeForce RTX 3070Ti,8.0,15.6,2560,1440,QHD,82,1745.9,4.16,7.2,1,0.736283185840708,0.782608695652174,0.25,0.6250134238278313
Asus ROG Strix Scar 17 SE G733CX-LL013WS Gaming Laptop,Asus,Intel Core i9 12th Gen,16,24,32,2000,0,Windows,NVIDIA GeForce RTX 3080 Ti,16.0,17.3,2560,1440,QHD,86,3491.9,4.76,9.2,1,0.8424778761061946,1.0,0.5,0.2500053695311325
HP Victus 15-fb0053AX Gaming Laptop,HP,AMD Ryzen 7-5800H,8,16,16,512,0,Windows,NVIDIA GeForce RTX 3050,4.0,16.1,1920,1080,FHD,71,806.06,4.0,4.9,1,0.7079646017699115,0.532608695652174,0.25,0.8268734294121437
Acer Nitro AN515-57 Gaming Laptop,Acer,Intel Core i7 11th Gen,8,16,16,512,0,Windows,NVIDIA GeForce RTX 3050 Ti,4.0,15.6,1920,1080,FHD,73,805.0,4.08,5.1,1,0.7221238938053097,0.5543478260869565,0.25,0.8271010975321635
Acer Nitro 5 AN515-58 Gaming Laptop,Acer,Intel Core i5 12th Gen,8,16,16,512,0,Windows,NVIDIA GeForce RTX 3050,4.0,15.6,1920,1080,FHD,72,805.0,3.16,4.9,1,0.55929203539823,0.532608695652174,0.25,0.8271010975321635
Acer Nitro AN515-57 UN.QEHSI.003 Gaming Laptop,Acer,Intel Core i5,6,12,16,512,0,Windows,NVIDIA GeForce GTX 1650,4.0,15.6,1920,1080,FHD,67,611.0,3.0,3.2,1,0.5309734513274336,0.3478260869565218,0.25,0.8687686591206856
Asus Vivobook 15 2022 X1502ZA-EZ511WS Laptop,Asus,Intel Core i5 12th Gen,12,16,16,512,0,Windows,Intel Iris Xe,,15.6,1920,1080,FHD,66,630.31,3.16,1.5,1,0.55929203539823,0.16304347826086957,0.25,0.8646212332739105
Asus ROG Zephyrus G15 2022 GA503RM-HQ030WS Gaming Laptop,Asus,AMD Ryzen 9 6900HS,8,16,16,1000,0,Windows,NVIDIA GeForce RTX 3060,6.0,15.6,2560,1440,QHD,84,1571.3,4.6,6.0,1,0.8141592920353982,0.6521739130434783,0.25,0.6625142292575013
Asus Zenbook Flip 14 OLED UP5401ZA-KN711WS Laptop,Asus,Intel Core i7 12th Gen,14,20,16,1000,0,Windows,Intel Integrated Iris Xe,,14.0,2880,1800,QHD,78,1420.95,4.16,1.5,1,0.736283185840708,0.16304347826086957,0.25,0.6948065894886057
Asus ProArt StudioBook Pro 16 H7600ZM-L901WS Laptop,Asus,Intel Core i9 12th Gen,14,20,16,1000,0,Windows,NVIDIA GeForce RTX 3060,6.0,16.0,3840,2400,4K,87,2109.65,4.76,6.0,1,0.8424778761061946,0.6521739130434783,0.25,0.5468867458493524
Asus ROG Zephyrus G15 GA503RM-LN095WS Gaming Laptop,Asus,AMD Ryzen 9 6900HS,8,16,16,1000,0,Windows,NVIDIA GeForce RTX 3060,6.0,15.6,2560,1440,QHD,82,1600.4,4.6,6.0,1,0.8141592920353982,0.6521739130434783,0.25,0.6562640950192229
Asus ProArt StudioBook Pro 16 H7600ZW-L711WS Laptop,Asus,Intel Core i7 12th Gen,14,20,32,1000,0,Windows,NVIDIA GeForce RTX 3070 Ti,8.0,16.0,3840,2400,4K,91,2309.77,4.16,7.2,1,0.736283185840708,0.782608695652174,0.5,0.5039047230395841
MSI Stealth GS77 12UGS Gaming Laptop,MSI,Intel Core i7 12th Gen,14,20,32,2000,0,Windows,NVIDIA GeForce RTX 3070Ti,8.0,17.3,2560,1440,QHD,93,2997.2,4.16,7.2,1,0.736283185840708,0.782608695652174,0.5,0.35625765158186384
Asus ProArt StudioBook Pro 16 OLED H7600ZW-L911W Laptop,Asus,Intel Core i9 12th Gen,14,20,32,1000,0,Windows,NVIDIA GeForce RTX 3070,8.0,16.0,3840,2400,4K,94,2424.9,4.76,7.2,1,0.8424778761061946,0.782608695652174,0.5,0.479176958268004
Gigabyte Aorus 5 KE4 Gaming Laptop,Gigabyte,Intel Core i7 12th Gen,14,20,16,1000,0,Windows,NVIDIA GeForce RTX 3060,6.0,15.6,1920,1080,FHD,80,1794.5,4.16,6.0,1,0.736283185840708,0.6521739130434783,0.25,0.6145750553061706
Dell Latitude 3420 Laptop,Dell,Intel Core i3 11th Gen,2,4,4,256,0,Linux,Intel UHD Graphics,,14.0,1366,768,HD,51,337.56,2.08,1.0,1,0.368141592920354,0.10869565217391305,0.0625,0.9274984428359716
Dell Latitude 3420 Laptop,Dell,Intel Core i3 11th Gen,2,4,4,256,1000,Linux,Intel UHD Graphics,,14.0,1366,768,HD,55,402.55,2.08,1.0,1,0.368141592920354,0.10869565217391305,0.0625,0.9135398097038167
HP 250 G8 64Q91PA Laptop,HP,Intel Core i5 11th Gen,4,8,8,0,1000,Windows,Intel Integrated,,15.6,1366,768,HD,50,620.8,3.08,1.5,0,0.5451327433628318,0.16304347826086957,0.125,0.8666638029167293
Dell Latitude 3420 Laptop,Dell,Intel Core i3 11th Gen,2,4,4,512,0,Linux,Intel UHD Graphics,,14.0,1366,768,HD,53,407.4,2.08,1.0,1,0.368141592920354,0.10869565217391305,0.0625,0.9124981206641036
Lenovo IdeaPad Gaming 3 15ACH6 82K201Y8IN Laptop,Lenovo,AMD Ryzen 7-5800H,8,16,8,512,0,Windows,NVIDIA GeForce RTX 3050,4.0,15.6,1920,1080,FHD,72,713.82,4.0,4.9,1,0.7079646017699115,0.532608695652174,0.125,0.8466848514787688
Acer Aspire 3 A314-35 UN.K0SSI.033 Laptop,Acer,Intel Pentium Silver N6000,4,4,8,256,0,Windows,Intel Integrated UHD Graphics,,14.0,1366,768,HD,48,242.4,1.25,1.0,1,0.22123893805309733,0.10869565217391305,0.125,0.9479370261388775
Asus VivoBook 15 X515JA-EJ552WS Laptop,Asus,Intel Core i5 10th Gen,4,8,8,512,0,Windows,Intel Integrated UHD,,15.6,1920,1080,FHD,59,485.0,3.0,1.0,1,0.5309734513274336,0.10869565217391305,0.125,0.8958310960286948
MSI Vector GP66 12UGSO-623IN Gaming Laptop,MSI,Intel Core i7 12th Gen,14,20,16,1000,0,Windows,NVIDIA GeForce RTX 3070Ti,8.0,15.6,2560,1440,QHD,87,2066.0,4.16,7.2,1,0.736283185840708,0.782608695652174,0.25,0.5562619472067698
Acer Aspire 3 A314-35 UN.K0SSI.030 Laptop,Acer,Intel Pentium Silver N6000,4,4,4,256,0,Windows,Intel Integrated UHD Graphics,,14.0,1366,768,HD,47,223.0,1.25,1.0,1,0.22123893805309733,0.10869565217391305,0.0625,0.9521037822977297
MSI Vector GP66 GP76-12UGSO Gaming Laptop,MSI,Intel Core i7 12th Gen,14,20,16,1000,0,Windows,NVIDIA GeForce RTX 3070Ti,8.0,17.3,1920,1080,FHD,86,1988.5,4.16,7.2,1,0.736283185840708,0.782608695652174,0.25,0.5729074937176486
Asus ZenBook Pro Duo 14 OLED UX8402ZA-LM711WS Laptop,Asus,Intel Core i7 12th Gen,14,20,16,1000,0,Windows,Intel Integrated Iris Xe,,14.5,2880,1800,QHD,76,1454.9,4.16,1.5,1,0.736283185840708,0.16304347826086957,0.25,0.6875147662106145
Asus ZenBook Pro Duo 14 OLED UX8402ZE-LM921WS Laptop,Asus,Intel Core i9 12th Gen,14,20,32,1000,0,Windows,NVIDIA GeForce RTX 3050 Ti,4.0,14.5,2880,1800,QHD,85,1745.9,4.76,5.1,1,0.8424778761061946,0.5543478260869565,0.5,0.6250134238278313
Asus ZenBook Pro Duo 14 OLED 2022 UX8402ZA-M501WS Laptop,Asus,Intel Core i5 12th Gen,12,16,16,512,0,Windows,Intel Integrated Iris Xe,,14.5,2880,1800,QHD,67,1147.5,3.16,1.5,1,0.55929203539823,0.16304347826086957,0.25,0.7535385210163448
Dell Inspiron 3525 D560831WIN9SE Laptop,Dell,AMD Ryzen 3 3250U,2,4,8,256,0,Windows,AMD Radeon AMD,,15.6,1920,1080,FHD,59,355.8,2.0,1.5,1,0.35398230088495575,0.16304347826086957,0.125,0.9235808329216693
Asus TUF Gaming A15 2022 FA577RM-HF031WS Gaming Laptop,Asus,AMD Ryzen 7 6800H,8,16,16,1000,0,Windows,NVIDIA GeForce RTX 3060,6.0,15.6,1920,1080,FHD,81,1125.1,4.0,6.0,1,0.7079646017699115,0.6521739130434783,0.25,0.758349620911102
Dell Alienware x15 R2 D569941WIN9 Gaming Laptop,Dell,Intel Core i7 12th Gen,8,20,32,1000,0,Windows,NVIDIA GEFORCE RTX 3070 Ti,8.0,15.6,1920,1080,FHD,86,2720.75,4.16,7.2,1,0.736283185840708,0.782608695652174,0.5,0.4156339268455078
HP Victus 15-fa0353TX Laptop,HP,Intel Core i7 12th Gen,10,16,16,512,0,Windows,NVIDIA GeForce RTX 3050,4.0,15.6,1920,1080,FHD,63,882.6,4.16,4.9,1,0.736283185840708,0.532608695652174,0.25,0.8104340728967546
HP Spectre x360 13-ef0054TU Laptop,HP,Intel Core i7 12th Gen,14,20,16,1000,0,Windows,Intel Iris Xe Graphics,,13.5,3000,2000,QHD,75,1459.66,4.16,1.5,1,0.736283185840708,0.16304347826086957,0.25,0.6864924074829786
Lenovo IdeaPad Gaming 3 15IAH7 82S900RAIN Laptop,Lenovo,Intel Core i5 12th Gen,8,12,16,512,0,Windows,NVIDIA GeForce RTX 3050,4.0,15.6,1920,1080,FHD,74,872.9,3.16,4.9,1,0.55929203539823,0.532608695652174,0.25,0.8125174509761808
Lenovo IdeaPad Gaming 3 82K201YCIN Laptop,Lenovo,AMD Ryzen 5-5600H,6,12,8,512,0,Windows,NVIDIA GeForce GTX 1650,4.0,15.6,1920,1080,FHD,71,644.94,3.0,3.2,1,0.5309734513274336,0.3478260869565218,0.125,0.8614789836551472
Asus VivoBook 14 X415EA-EK322WS Notebook,Asus,Intel Core i3 11th Gen,2,4,8,512,0,Windows,Intel Integrated Intel UHD,,14.0,1920,1080,FHD,57,373.35,2.08,1.0,1,0.368141592920354,0.10869565217391305,0.125,0.9198114220666251
Acer Aspire 3 A315-23 UN.HVTSI.015 Laptop,Acer,AMD Ryzen 5 3500U,4,8,8,512,0,Windows,AMD Radeon AMD,,15.6,1920,1080,FHD,56,378.24,3.0,1.5,1,0.5309734513274336,0.16304347826086957,0.125,0.9187611417771
Acer Aspire 3 A315-23 UN.HVTSI.010 Laptop,Acer,AMD Ryzen 3 3250U,2,4,8,512,0,Windows,AMD Radeon AMD,,15.6,1920,1080,FHD,56,334.55,2.0,1.5,1,0.35398230088495575,0.16304347826086957,0.125,0.9281449343843295
Asus ROG Strix G15 2022 G513RW-HQ149WS Gaming Laptop,Asus,AMD Ryzen 9 6900HX,8,16,16,1000,0,Windows,NVIDIA GeForce RTX 3070 Ti,8.0,15.6,2560,1440,QHD,82,1697.4,4.6,7.2,1,0.8141592920353982,0.782608695652174,0.25,0.6354303142249618
Asus ROG Strix G15 2022 G513RS-HQ024WS Gaming Laptop,Asus,AMD Ryzen 9 6900HX,8,16,16,1000,0,Windows,NVIDIA GeForce RTX 3080,8.0,15.6,2560,1440,QHD,82,1804.2,4.6,8.6,1,0.8141592920353982,0.9347826086956522,0.25,0.6124916772267446
Dell Inspiron 5410 ICC-C782512WIN8 Laptop,Dell,Intel Core i5 11th Gen,4,8,8,512,0,Windows,Intel Integrated Iris Xe,,14.0,1920,1080,FHD,69,636.32,3.08,1.5,1,0.5451327433628318,0.16304347826086957,0.125,0.8633303979896475
Lenovo IdeaPad Slim 3 82RK00EDIN Laptop,Lenovo,Intel Core i5 12th Gen,10,12,8,512,0,Windows,‎Intel UHD Graphics,,15.6,1920,1080,FHD,55,605.18,3.16,1.0,1,0.55929203539823,0.10869565217391305,0.125,0.8700186859683412
Acer Aspire 3 A315-58 Laptop,Acer,Intel Core i5 11th Gen,4,8,16,512,0,Windows,Intel Iris Xe,,15.6,1920,1080,FHD,55,523.7,3.08,1.5,1,0.5451327433628318,0.16304347826086957,0.25,0.8875190618355205
Acer Nitro 5 AN515-58 Laptop,Acer,Intel Core i7 12th Gen,14,20,16,1000,0,Windows,NVIDIA GeForce RTX 3060,6.0,15.6,2560,1440,QHD,79,1212.4,4.16,6.0,1,0.736283185840708,0.6521739130434783,0.25,0.7395992181962671
LG Gram 14 14Z90Q-G.AJ56A2 Laptop,LG,Intel Core i5 12th Gen,12,16,8,512,0,Windows,Intel Iris Xe Graphics,,14.0,1920,1200,FHD,68,887.45,3.16,1.5,1,0.55929203539823,0.16304347826086957,0.125,0.8093923838570416
Dell Alienware X17 R2 D569943WIN9 Gaming Laptop,Dell,Intel Core i7 12th Gen,14,20,32,1000,0,Windows,NVIDIA GEFORCE RTX 3070 Ti,8.0,17.3,1920,1080,FHD,92,2914.75,4.16,7.2,1,0.736283185840708,0.782608695652174,0.5,0.3739663652569857
Asus TUF Gaming A17 FA706IHR-HX031W Gaming Laptop,Asus,AMD Ryzen 5 4600H,6,12,8,512,0,Windows,NVIDIA GeForce GTX 1650,4.0,17.3,1920,1080,FHD,71,679.0,3.0,3.2,1,0.5309734513274336,0.3478260869565218,0.125,0.8541635344401727
Asus ROG Strix G15 2022 G513RW-HQ137WS Gaming Laptop,Asus,AMD Ryzen 9 6900HX,8,16,16,1000,0,Windows,NVIDIA GeForce RTX 3070 Ti,8.0,15.6,2560,1440,QHD,84,1697.4,4.6,7.2,1,0.8141592920353982,0.782608695652174,0.25,0.6354303142249618
Lenovo Thinkbook 14 Gen 2 20VD011CIH Laptop,Lenovo,Intel Core i5 11th Gen,4,8,8,512,0,Windows,Intel Iris Xe Graphics,,14.0,1920,1080,FHD,51,687.73,3.08,1.5,1,0.5451327433628318,0.16304347826086957,0.125,0.8522884941686892
Asus ROG Strix G15 G513RM-HF328WS Gaming Laptop,Asus,AMD Ryzen 7 6800H,8,16,16,1000,0,Windows,NVIDIA GeForce RTX 3060,6.0,15.6,1920,1080,FHD,80,1338.5,4.0,6.0,1,0.7079646017699115,0.6521739130434783,0.25,0.7125153031637277
HP Victus 15-fa0351TX Laptop,HP,Intel Core i7 12th Gen,10,16,8,512,0,Windows,NVIDIA GeForce RTX 3050,4.0,15.6,1920,1080,FHD,61,859.13,4.16,4.9,1,0.736283185840708,0.532608695652174,0.125,0.8154749887239846
HP 15s-eq1561AU Laptop,HP,AMD Ryzen 3 3250U,2,4,8,256,0,Windows,AMD Radeon Radeon,,15.6,1366,768,HD,55,290.97,2.0,1.5,1,0.35398230088495575,0.16304347826086957,0.125,0.9375051010545759
Asus ROG Zephyrus M16 GU603ZM-K8034WS Laptop,Asus,Intel Core i7 12th Gen,14,20,16,512,0,Windows,‎NVIDIA GeForce RTX 3060,6.0,16.0,2560,1600,QHD,85,1697.4,4.16,6.0,1,0.736283185840708,0.6521739130434783,0.25,0.6354303142249618
Asus TUF Gaming F15 FX506HC-HN119W Gaming Laptop,Asus,Intel Core i5 11th Gen,6,12,8,1000,0,Windows,NVIDIA GeForce RTX 3050,4.0,15.6,1920,1080,FHD,66,834.1,3.08,4.9,1,0.5451327433628318,0.532608695652174,0.125,0.8208509632938852
Asus ROG Strix G15 G513QR-HF302WS Gaming Laptop,Asus,AMD Ryzen 7 5800H,8,16,16,1000,0,Windows,NVIDIA GeForce RTX 3070,8.0,15.6,1920,1080,FHD,81,1425.8,4.0,7.2,1,0.7079646017699115,0.782608695652174,0.25,0.6937649004488928
HP Pavilion x360 14-dy0212TU Laptop,HP,Intel Core i3 11th Gen,4,8,8,256,0,Windows,Intel Integrated Iris Xe Graphics,,14.0,1366,768,HD,54,455.89,2.08,1.5,1,0.368141592920354,0.16304347826086957,0.125,0.9020833780794261
Lenovo IdeaPad Slim 3 81X800LAIN Laptop,Lenovo,Intel Core i3 11th Gen,2,4,8,512,0,Windows,Intel Integrated UHD Graphics,,15.6,1920,1080,FHD,45,384.6,2.08,1.0,1,0.368141592920354,0.10869565217391305,0.125,0.9173951330569814
Lenovo Thinkpad P15s 20W7S1H800 Laptop,Lenovo,Intel Core i7 11th Gen,4,8,32,1000,0,Windows,Nvidia Quadro T500,4.0,15.6,1920,1080,FHD,76,1634.45,4.08,2.2,1,0.7221238938053097,0.23913043478260873,0.5,0.6489507936167014
HP 14s-dq3037tu Laptop,HP,Intel Celeron N4500,2,0,8,256,0,Windows,Intel Integrated UHD Graphics,,14.0,1366,768,HD,45,247.55,1.0,1.0,1,0.17699115044247787,0.10869565217391305,0.125,0.946830902725574
HP Pavilion x360 14-ek0088TU Laptop,HP,Intel Core i7 12th Gen,10,12,16,512,0,Windows,Intel Iris Xe Graphics,,14.0,1920,1080,FHD,62,872.9,4.16,1.5,1,0.736283185840708,0.16304347826086957,0.25,0.8125174509761808
Asus Vivobook S14 Flip 2022 TN3402QA-LZ511WS Laptop,Asus,AMD Ryzen 5-5600H,6,12,16,512,0,Windows,AMD Radeon Graphics,,14.0,1920,1200,FHD,63,708.0,3.0,1.6,1,0.5309734513274336,0.1739130434782609,0.25,0.8479348783264246
Acer Aspire 7 A715-42G UN.QAYSI.006 Gaming Laptop,Acer,AMD Ryzen 5-5500U,6,12,16,512,0,Windows,NVIDIA GeForce GTX 1650,4.0,15.6,1920,1080,FHD,68,552.8,3.0,3.2,1,0.5309734513274336,0.3478260869565218,0.25,0.8812689275972422
Acer Aspire 3 A314-22 NX.HVVSI.007 Laptop,Acer,AMD 3020e,2,2,4,0,1000,Windows,AMD Radeon AMD,,14.0,1366,768,HD,48,217.76,2.0,1.5,0,0.35398230088495575,0.16304347826086957,0.0625,0.9532292360231105
Dell Inspiron 3525 Laptop,Dell,AMD Ryzen 3 3250U,2,4,8,256,1000,Windows,AMD Radeon Radeon Graphics,,15.6,1920,1080,FHD,60,465.5,2.0,1.6,1,0.35398230088495575,0.1739130434782609,0.125,0.9000193303120771
Lenovo ThinkPad T14  20W0S1HW00 Laptop,Lenovo,Intel Core i7 11th Gen,4,8,16,512,0,Windows,NVIDIA MX450,2.0,14.0,1920,1080,FHD,67,1493.51,4.08,2.3,1,0.7221238938053097,0.25,0.25,0.6792220623295173
Lenovo Ideapad Gaming 3 82K201UMIN Laptop,Lenovo,AMD Ryzen 7 5800H,8,16,16,512,0,Windows,NVIDIA GeForce RTX 3050,4.0,15.6,1920,1080,FHD,67,775.9,4.0,4.9,1,0.7079646017699115,0.532608695652174,0.25,0.8333512317704418
Dell Vostro 5625 laptop,Dell,AMD Ryzen 7-5825U,8,16,16,512,0,Windows,AMD Radeon,,16.0,1920,1200,FHD,61,688.6,4.0,1.5,1,0.7079646017699115,0.16304347826086957,0.25,0.8521016344852768
Asus Vivobook Pro 15 M3500QC-L901WS Gaming Laptop,Asus,AMD Ryzen 9 5900HX,8,16,16,1000,0,Windows,NVIDIA GeForce RTX RTX 3050,4.0,15.6,1920,1080,FHD,59,882.6,4.6,4.9,1,0.8141592920353982,0.532608695652174,0.25,0.8104340728967546
Lenovo IdeaPad 3 82RK0064IN Laptop,Lenovo,Intel Core i5 12th Gen,10,12,8,512,0,Windows,Intel UHD Graphics,,15.6,1920,1080,FHD,60,563.56,3.16,1.0,1,0.55929203539823,0.10869565217391305,0.125,0.8789578813977963
Lenovo IdeaPad Gaming 3 82K101A4IN Laptop,Lenovo,Intel Core i5 11th Gen,4,8,8,512,0,Windows,NVIDIA GeForce GTX 1650,4.0,15.6,1920,1080,FHD,60,620.7,3.08,3.2,1,0.5451327433628318,0.3478260869565218,0.125,0.8666852810412595
Fujitsu UH-X FPC01319LK Laptop,Fujitsu,Intel Core i5 11th Gen,4,8,16,512,0,Windows,Intel Iris Xe Graphics,,13.3,1920,1080,FHD,73,805.04,3.08,1.5,1,0.5451327433628318,0.16304347826086957,0.25,0.8270925062823514
Fujitsu UH-X FPC02568LK Laptop,Fujitsu,Intel Core i5 11th Gen,4,8,16,512,0,Windows,Intel Iris Xe Graphics,,13.3,1920,1080,FHD,65,712.89,3.08,1.5,1,0.5451327433628318,0.16304347826086957,0.25,0.8468845980368994
Fujitsu CH FPC02548LK Laptop,Fujitsu,Intel Core i5 11th Gen,4,8,16,512,0,Windows,Intel Iris Xe Graphics,,13.3,1920,1080,FHD,62,528.55,3.08,1.5,1,0.5451327433628318,0.16304347826086957,0.25,0.8864773727958075
Fujitsu UH-X FPC02569LK Laptop,Fujitsu,Intel Core i7 11th Gen,4,8,16,512,0,Windows,Intel Iris Xe Graphics,,13.3,1920,1080,FHD,66,805.04,4.08,1.5,1,0.7221238938053097,0.16304347826086957,0.25,0.8270925062823514
Dell Alienware M15 ICC-C780002WIN8 Laptop,Dell,AMD Ryzen 7-5800H,8,16,16,512,0,Windows,NVIDIA GeForce RTX 3050Ti,4.0,15.6,1920,1080,FHD,67,1277.48,4.0,4.9,1,0.7079646017699115,0.532608695652174,0.25,0.7256212547520351
Lenovo IdeaPad Gaming 3 82K1019AIN Laptop,Lenovo,Intel Core i5 11th Gen,4,8,8,256,1000,Windows,NVIDIA GeForce RTX 3050,4.0,15.6,1920,1080,FHD,72,630.4,3.08,4.9,1,0.5451327433628318,0.532608695652174,0.125,0.8646019029618334
HP Spectre X360 16-f1003TU Laptop,HP,Intel Core i7 12th Gen,14,20,16,512,0,Windows,Intel Iris X Graphics,,16.0,3072,1920,QHD,76,1348.29,4.16,1.5,1,0.736283185840708,0.16304347826086957,0.25,0.7104125947722244
HP Pavilion 14-eh0021TU Laptop,HP,Intel Core i5 12th Gen,12,16,16,512,0,Windows,Intel Iris Xe Graphics,,14.0,2240,1400,FHD,66,727.4,3.16,1.5,1,0.55929203539823,0.16304347826086957,0.25,0.8437681221675724
HP Victus 15-fa0073TX Laptop,HP,Intel Core i7 12th Gen,10,16,8,512,0,Windows,NVIDIA GeForce RTX 3050,4.0,15.6,1920,1080,FHD,61,834.1,4.16,4.9,1,0.736283185840708,0.532608695652174,0.125,0.8208509632938852
HP Pavilion 14-eh0025TU Laptop,HP,Intel Core i5 12th Gen,12,16,16,512,0,Windows,Intel Iris Xe Graphics,,14.0,2240,1400,FHD,65,712.95,3.16,1.5,1,0.55929203539823,0.16304347826086957,0.25,0.8468717111621813
Lenovo Yoga 7 Flip 82QE009SIN Laptop,Lenovo,Intel Core i7 12th Gen,12,16,16,512,0,Windows,Intel Iris Xe Graphics,,14.0,2880,1800,QHD,71,1096.0,4.16,1.5,1,0.736283185840708,0.16304347826086957,0.25,0.7645997551493804
Lenovo IdeaPad Gaming 3 15ACH6 82K201UXIN Laptop,Lenovo,AMD Ryzen 7 5800H,8,16,16,512,0,Windows,NVIDIA GeForce RTX 3060,6.0,15.6,1920,1080,FHD,76,1066.9,4.0,6.0,1,0.7079646017699115,0.6521739130434783,0.25,0.7708498893876586
Acer Aspire 5 NX.K6SSI.002 Laptop,Acer,Intel Core i3 12th Gen,6,8,8,512,0,Windows,Intel UHD,,15.6,1920,1080,FHD,49,397.6,2.16,1.0,1,0.3823008849557522,0.10869565217391305,0.125,0.9146029768680599
Asus TUF Gaming F15 FX506HC-HN362WS Gaming Laptop,Asus,Intel Core i5 11th Gen,6,12,16,512,0,Windows,NVIDIA GeForce RTX 3050,4.0,15.6,1920,1080,FHD,73,746.8,3.08,4.9,1,0.5451327433628318,0.532608695652174,0.25,0.8396013660087202
Acer Aspire 7 A715-5G UN.QGBSI.002 Gaming Laptop,Acer,Intel Core i5 12th Gen,12,16,16,512,0,Windows,NVIDIA GeForce GTX 1650,4.0,15.6,1920,1080,FHD,65,601.3,3.16,3.2,1,0.55929203539823,0.3478260869565218,0.25,0.8708520372001116
Dell Vostro 3525 Laptop,Dell,AMD Ryzen7 5825U,8,16,8,512,0,Windows,AMD Radeon Radeon Graphics,,15.6,1920,1080,FHD,67,562.5,2.0,1.6,1,0.35398230088495575,0.1739130434782609,0.125,0.8791855495178161
LG Gram 16Z90Q-G.AJ54A2 Laptop,LG,Intel Core i5 12th Gen,12,16,8,512,0,Windows,Intel Iris Xe Graphics,,16.0,2560,1600,QHD,67,935.95,3.16,1.5,1,0.55929203539823,0.16304347826086957,0.125,0.798975493459911
Dell Vostro 3425 Laptop,Dell,AMD Ryzen 5 5625U,6,12,8,512,0,Windows,AMD Radeon Graphics,,14.0,1920,1080,FHD,67,509.24,3.0,1.6,1,0.5309734513274336,0.1739130434782609,0.125,0.8906247986425825
Asus TUF Gaming F15 FX506LHB-HN357W Gaming Laptop,Asus,Intel Core i5 10th Gen,4,8,8,1000,0,Windows,NVIDIA GeForce GTX GTX-1650,4.0,15.6,1920,1080,FHD,61,654.37,3.0,3.2,1,0.5309734513274336,0.3478260869565218,0.125,0.8594535965119525
Asus ROG Flow X13 GV301RC-LJ022WS Gaming Laptop,Asus,AMD Ryzen 7 6800HS,8,16,16,1000,0,Windows,AMD Radeon AMD,,13.4,1920,1200,FHD,75,1406.4,4.0,1.5,1,0.7079646017699115,0.16304347826086957,0.25,0.6979316566077449
Asus ROG Zephyrus G14 2022 GA402RK-L8148WS Gaming Laptop,Asus,AMD Ryzen 9 6900HS,8,16,32,1000,0,Windows,AMD Radeon RX 6800S,8.0,14.0,2560,1600,QHD,87,1939.9,4.6,7.4,1,0.8141592920353982,0.8043478260869567,0.5,0.5833458622393093
Asus ROG Flow X13 GV301RE-LJ199WS Gaming Laptop,Asus,AMD Ryzen 7 6800HS,8,16,32,1000,0,Windows,NVIDIA GeForce RTX 3050 Ti,4.0,13.4,1920,1200,FHD,82,1591.81,4.0,5.1,1,0.7079646017699115,0.5543478260869565,0.5,0.6581090659163642
Asus ROG Flow X13 GV301RE-LI201WS Gaming Laptop,Asus,AMD Ryzen 7 6800HS,8,16,32,1000,0,Windows,NVIDIA GeForce RTX 3050 Ti,4.0,13.4,3840,2400,4K,84,1707.1,4.0,5.1,1,0.7079646017699115,0.5543478260869565,0.5,0.6333469361455357
Asus ROG Zephyrus G15 2022 GA503RM-LN143WS Gaming Laptop,Asus,AMD Ryzen 7 6800HS,8,16,16,1000,0,Windows,NVIDIA GeForce RTX 3060,6.0,15.6,2560,1440,QHD,84,1406.4,4.0,6.0,1,0.7079646017699115,0.6521739130434783,0.25,0.6979316566077449
Asus ROG Zephyrus G15 2022 GA503RM-HQ142WS Gaming Laptop,Asus,AMD Ryzen 7 6800HS,8,16,16,1000,0,Windows,NVIDIA GeForce RTX 3060,6.0,15.6,2560,1440,QHD,84,1522.8,4.0,6.0,1,0.7079646017699115,0.6521739130434783,0.25,0.6729311196546317
Asus ROG Zephyrus Duo 16 2022 GX650RXZ-LB226WS Gaming Laptop,Asus,AMD 9 6900HX,8,16,32,2000,0,Windows,NVIDIA GeForce RTX 3080 Ti,16.0,16.0,3840,2400,4K,93,3850.8,2.0,9.2,1,0.35398230088495575,1.0,0.5,0.17292038059236658
Asus ROG Zephyrus G15 2022 GA503RS-HQ027WS Gaming Laptop,Asus,AMD Ryzen 9 6900HS,8,16,16,1000,0,Windows,NVIDIA GeForce RTX 3080,8.0,15.6,2560,1440,QHD,84,1931.13,4.6,8.6,1,0.8141592920353982,0.9347826086956522,0.25,0.5852294937606048
Asus ROG Zephyrus Duo 16 2022 GX650RXZ-LS228WS Gaming Laptop,Asus,AMD 9 6900HX,8,16,32,2000,0,Windows,NVIDIA GeForce RTX 3080 Ti,16.0,16.0,1920,1200,FHD,91,3511.3,2.0,9.2,1,0.35398230088495575,1.0,0.5,0.2458386133722802
Asus ROG Zephyrus G14 GA402RJ-L8182WS Gaming Laptop,Asus,AMD Ryzen 7 6800HS,8,16,16,1000,0,Windows,AMD Radeon RX 6700S,8.0,14.0,2560,1600,QHD,80,1546.17,4.0,6.4,1,0.7079646017699115,0.6956521739130436,0.25,0.667911681951932
Asus ROG Zephyrus G15 2022 GA503RM-HQ111WS Gaming Laptop,Asus,AMD Ryzen 7 6800HS,8,16,16,1000,0,Windows,NVIDIA GeForce RTX 3060,6.0,15.6,2560,1440,QHD,84,1445.2,4.0,6.0,1,0.7079646017699115,0.6521739130434783,0.25,0.6895981442900405
Asus ROG Flow X16 2022 GV601RE-M6012WS Gaming Laptop,Asus,AMD Ryzen 7 6800HS,8,16,16,1000,0,Windows,NVIDIA GeForce RTX 3050 Ti,4.0,16.0,2560,1600,QHD,82,1474.3,4.0,5.1,1,0.7079646017699115,0.5543478260869565,0.25,0.6833480100517623
Asus ROG Zephyrus Duo 16 GX650RMZ-LS019WS Gaming Laptop,Asus,AMD Ryzen 7 6800H,8,16,32,2000,0,Windows,NVIDIA GeForce RTX 3060,6.0,16.0,1920,1200,FHD,86,2182.4,4.0,6.0,1,0.7079646017699115,0.6521739130434783,0.5,0.5312614102536566
Asus ROG Zephyrus G15 2022 GA503RW-LN067WS Gaming Laptop,Asus,AMD Ryzen 9 6900HS,8,16,16,1000,0,Windows,NVIDIA GeForce RTX 3070,8.0,15.6,2560,1440,QHD,86,1842.9,4.6,7.2,1,0.8141592920353982,0.782608695652174,0.25,0.6041796430335702
Asus ROG Flow X16 2022 GV601RM-M6054WS Gaming Laptop,Asus,AMD Ryzen 7 6800HS,8,16,16,1000,0,Windows,NVIDIA GeForce RTX 3060,6.0,16.0,2560,1600,QHD,82,1668.3,4.0,6.0,1,0.7079646017699115,0.6521739130434783,0.25,0.6416804484632401
Asus ROG Zephyrus Duo 16 2022 GX650RXZ-LO227WS Gaming Laptop,Asus,AMD 9 6900HX,8,16,32,2000,0,Windows,NVIDIA GeForce RTX 3080 Ti,16.0,16.0,2560,1600,QHD,91,3802.3,2.0,9.2,1,0.35398230088495575,1.0,0.5,0.18333727098949715
Asus ROG Flow X13 GV301RA-LJ031WS Gaming Laptop,Asus,AMD Ryzen 7 6800HS,8,16,16,1000,0,Windows,AMD Radeon AMD,,13.4,1920,1200,FHD,73,1080.57,4.0,1.5,1,0.7079646017699115,0.16304347826086957,0.25,0.7679138297643849
Asus ROG Zephyrus G15 GA503RW-LN066WS Gaming Laptop,Asus,AMD Ryzen 9 6900HS,8,16,16,1000,0,Windows,NVIDIA GeForce RTX 3070Ti,8.0,15.6,2560,1440,QHD,86,1823.6,4.6,7.2,1,0.8141592920353982,0.782608695652174,0.25,0.6083249210678923
HP Pavilion x360 14-ek0092TU Laptop,HP,Intel Core i7 12th Gen,10,12,16,512,0,Windows,Intel Iris Xe Graphics,,14.0,1920,1080,FHD,61,872.9,4.16,1.5,1,0.736283185840708,0.16304347826086957,0.25,0.8125174509761808
Dell Inspiron 7620 Laptop,Dell,Intel Core i5 12th Gen,10,12,8,512,0,Windows,Intel Iris Xe Graphics,,16.0,1920,1200,FHD,59,848.75,3.16,1.5,1,0.55929203539823,0.16304347826086957,0.125,0.8177044180502159
HP Pavilion x360 14-ek0078TU Laptop,HP,Intel Core i5 12th Gen,10,12,16,512,0,Windows,Intel Iris Xe Graphics,,14.0,1920,1080,FHD,60,698.3,3.16,1.5,1,0.55929203539823,0.16304347826086957,0.25,0.8500182564058506
Asus Zenbook Flip 14 OLED UP5401ZA-KN701WS Laptop,Asus,Intel Core i7 12th Gen,14,20,16,512,0,Windows,Intel Integrated Iris Xe,,14.0,2880,1800,QHD,75,1309.4,4.16,1.5,1,0.736283185840708,0.16304347826086957,0.25,0.718765437402006
Asus Vivobook Flip 14 TP3402ZA-LZ511WS Laptop,Asus,Intel Core i5 12th Gen,12,16,16,512,0,Windows,Intel Integrated Iris Xe Graphics,,14.0,1920,1200,FHD,71,746.8,3.16,1.5,1,0.55929203539823,0.16304347826086957,0.25,0.8396013660087202
HP 15s-fq2672TU Laptop,HP,Intel Core i3 11th Gen,2,4,8,512,0,Windows,Intel Integrated UHD,,15.6,1920,1080,FHD,61,421.95,2.08,1.0,1,0.368141592920354,0.10869565217391305,0.125,0.9093730535449644
Asus Vivobook Flip 14 TP3402ZA-LZ501WS Laptop,Asus,Intel Core i5 12th Gen,12,16,8,512,0,Windows,Intel Integrated Iris Xe,,14.0,1920,1200,FHD,62,916.65,3.16,1.5,1,0.55929203539823,0.16304347826086957,0.125,0.8031207714942331
HP 15s-fq2674TU Laptop,HP,Intel Core i3 11th Gen,2,4,8,512,0,Windows,Intel Integrated UHD,,15.6,1920,1080,FHD,57,426.7,2.08,1.0,1,0.368141592920354,0.10869565217391305,0.125,0.9083528426297816
Asus TUF Gaming A17 FA706IC-HX036W Laptop,Asus,AMD Ryzen 7 4800H,8,16,8,512,0,Windows,NVIDIA GeForce RTX RTX 3050,4.0,17.3,1920,1080,FHD,68,659.5,4.0,4.9,1,0.7079646017699115,0.532608695652174,0.125,0.858351768723555
Lenovo Legion 5 Pro 82JD005LIN Gaming Laptop,Lenovo,Intel Core i7 11th Gen,8,16,32,1000,0,Windows,NVIDIA GeForce RTX 3070,8.0,16.0,2560,1440,QHD,75,1743.96,4.08,7.2,1,0.7221238938053097,0.782608695652174,0.5,0.6254300994437165
Asus VivoBook Ultra 14,Asus,Intel Core i3 11th Gen,2,4,8,512,0,Windows,Intel Integrated UHD,,14.0,1920,1080,FHD,55,405.36,2.08,1.0,1,0.368141592920354,0.10869565217391305,0.125,0.912936274404519
MSI GF75 Thin 10SC-611IN Laptop,MSI,Intel Core i5 10th Gen,6,12,8,256,1000,Windows,Nvidia GTX1650 MaxQ,4.0,15.6,1920,1080,FHD,66,571.33,3.0,3.2,1,0.5309734513274336,0.3478260869565218,0.125,0.8772890311218025
Dell Inspiron 3511 D560803WIN9B Laptop,Dell,Intel Core i5 11th Gen,4,8,8,256,1000,Windows,Intel Integrated UHD,,15.6,1920,1080,FHD,56,606.25,3.08,1.0,1,0.5451327433628318,0.10869565217391305,0.125,0.8697888700358685
Asus VivoBook 14 X415JA-EB521WS Laptop,Asus,Intel Core i5 10th Gen,4,8,8,512,0,Windows,Intel UHD Graphics,,14.0,1920,1080,FHD,55,417.0,3.0,1.0,1,0.5309734513274336,0.10869565217391305,0.125,0.9104362207092077
Lenovo IdeaPad Gaming 3 82K101EEIN Laptop,Lenovo,Intel Core i5 11th Gen,4,8,8,512,0,Windows,NVIDIA GeForce RTX 3050,4.0,15.6,1920,1080,FHD,63,630.4,3.08,4.9,1,0.5451327433628318,0.532608695652174,0.125,0.8646019029618334
Lenovo ThinkBook 15 20VEA0YNIH Laptop,Lenovo,Intel Core i5 11th Gen,4,8,8,512,0,Windows,Intel Integrated Iris Xe,,15.6,1920,1080,FHD,63,543.1,3.08,1.5,1,0.5451327433628318,0.16304347826086957,0.125,0.8833523056766683
Dell Latitude 5420 Business Laptop,Dell,Intel Core i3 11th Gen,4,8,8,512,0,Windows,Intel UHD Graphics,,14.0,1920,1080,FHD,51,664.45,2.08,1.0,1,0.368141592920354,0.10869565217391305,0.125,0.8572886015593119
Lenovo Thinkbook 14 20VDA0KNIH Laptop,Lenovo,Intel Core i5 11th Gen,4,8,8,512,0,Windows,Intel Integrated Graphics,,14.0,1920,1080,FHD,53,698.39,3.08,1.5,1,0.5451327433628318,0.16304347826086957,0.125,0.8499989260937735
MSI Alpha 15 B5EEK-029IN Laptop,MSI,AMD Ryzen 5 5600H,6,12,16,512,0,Windows,AMD Radeon RX6600M,8.0,15.6,1920,1080,FHD,68,827.31,3.0,1.5,1,0.5309734513274336,0.16304347826086957,0.25,0.8223093279494834
HP Victus 15-fb0051AX Gaming Laptop,HP,AMD Ryzen 5-5600H,6,12,8,512,0,Windows,NVIDIA GeForce RTX 3050 Ti,4.0,15.6,1920,1080,FHD,74,727.4,3.0,5.1,1,0.5309734513274336,0.5543478260869565,0.125,0.8437681221675724
HP Pavilion 14s- fy1003AU Laptop,HP,AMD Ryzen 5 5500U,6,12,16,512,0,Windows,AMD Radeon Graphics,,14.0,1920,1080,FHD,61,489.84,3.0,1.6,1,0.5309734513274336,0.1739130434782609,0.25,0.8947915548014347
Asus VivoBook Ultra X415JA-EB531WS Laptop,Asus,Intel Core i5 10th Gen,4,8,16,512,0,Windows,Intel Integrated Intel UHD,,14.0,1920,1080,FHD,61,465.5,3.0,1.0,1,0.5309734513274336,0.10869565217391305,0.25,0.9000193303120771
Dell Vostro 3420 D552299WIN9BE Laptop,Dell,Intel Core i3 11th Gen,2,4,8,256,0,Windows,Intel UHD Graphics,,14.0,1366,768,HD,47,410.31,2.08,1.0,1,0.368141592920354,0.10869565217391305,0.125,0.9118731072402758
Dell XPS 15 9520 Laptop,Dell,Intel Core i7 12th Gen,14,20,16,512,0,Windows,NVIDIA Geforce RTX 3050 Ti,4.0,15.6,3840,2160,4K,85,2473.5,4.16,5.1,1,0.736283185840708,0.5543478260869565,0.25,0.4687385897463433
HP Pavilion 14s-fy1005AU Laptop,HP,AMD Ryzen 7 5700U,8,16,16,512,0,Windows,AMD Radeon Graphics,,14.0,1920,1080,FHD,62,562.5,4.0,1.6,1,0.7079646017699115,0.1739130434782609,0.25,0.8791855495178161
Asus TUF Gaming A17 FA706IC-HX055W Laptop,Asus,AMD Ryzen 7 4800H,8,16,8,1000,0,Windows,NVIDIA GeForce RTX 3050,4.0,17.3,1920,1080,FHD,74,843.8,4.0,4.9,1,0.7079646017699115,0.532608695652174,0.125,0.8187675852144591
Dell Vostro 5620 Laptop,Dell,Intel Core i5 12th Gen,12,16,16,512,0,Windows,Intel Iris Xe,,16.0,1920,1080,FHD,60,746.8,3.16,1.5,1,0.55929203539823,0.16304347826086957,0.25,0.8396013660087202
Lenovo Yoga 6 82UD0088IN 2-in-1 Laptop,Lenovo,AMD Ryzen 7 5700U,8,16,16,512,0,Windows,AMD Radeon,,13.3,1920,1080,FHD,62,819.65,4.0,1.5,1,0.7079646017699115,0.16304347826086957,0.25,0.8239545522884941
Dell Vostro 5620 Laptop,Dell,Intel Core i5 12th Gen,12,16,8,512,0,Windows,Intel Iris Xe,,16.0,1920,1080,FHD,57,677.06,3.16,1.5,1,0.55929203539823,0.16304347826086957,0.125,0.8545802100560579
Asus EeeBook 14 E410KA-BV121WS Laptop,Asus,Intel Pentium Silver N6000,4,4,4,256,0,Windows,Intel HD Graphics,,14.0,1366,768,HD,41,247.25,1.25,1.5,1,0.22123893805309733,0.16304347826086957,0.0625,0.9468953370991645
Dell Vostro 3420 D552276WIN9BE Laptop,Dell,Intel Core i3 11th Gen,2,4,8,512,0,Windows,Intel UHD Graphics,,14.0,1366,768,HD,48,421.85,2.08,1.0,1,0.368141592920354,0.10869565217391305,0.125,0.9093945316694946
Dell XPS 13 9320 Laptop,Dell,Intel Core i5 12th Gen,12,16,16,512,0,Windows,Intel Iris Xe Graphics,,13.4,3840,2400,4K,66,1366.73,3.16,1.5,1,0.55929203539823,0.16304347826086957,0.25,0.7064520286088618
HP Victus 16-E0301Ax Gaming Laptop,HP,AMD Ryzen 5 5600H,6,12,8,512,0,Windows,NVIDIA GeForce GTX 1650,4.0,16.1,1920,1080,FHD,72,644.95,3.0,3.2,1,0.5309734513274336,0.3478260869565218,0.125,0.8614768358426942
HP 15s-fq2673TU Laptop,HP,Intel Core i3 11th Gen,2,4,8,512,0,Windows,Intel Integrated UHD,,15.6,1920,1080,FHD,59,431.55,2.08,1.0,1,0.368141592920354,0.10869565217391305,0.125,0.9073111535900685
LG Gram 17Z90Q-G.AH75A2 Laptop,LG,Intel Core i7 12th Gen,12,16,16,512,0,Windows,Intel Iris Xe Graphics,,17.0,2560,1600,QHD,73,999.0,4.16,1.5,1,0.736283185840708,0.16304347826086957,0.25,0.7854335359436414
LG Gram 17 17Z90Q-G.AJ55A2 Laptop,LG,Intel Core i5 12th Gen,12,16,8,512,0,Windows,Intel Iris Xe Graphics,,17.0,2560,1600,QHD,69,853.5,3.16,1.5,1,0.55929203539823,0.16304347826086957,0.125,0.816684207135033
Asus TUF Gaming F15 FX506HC-HN089WS Gaming Laptop,Asus,Intel Core i5 11th Gen,6,12,8,512,0,Windows,NVIDIA GeForce RTX 3050,4.0,15.6,1920,1080,FHD,72,766.2,3.08,4.9,1,0.5451327433628318,0.532608695652174,0.125,0.835434609849868
MSI Stealth 15M B12UE Gaming Laptop,MSI,Intel Core i7 12th Gen,14,20,16,1000,0,Windows,NVIDIA GeForce RTX 3060,6.0,15.6,1920,1080,FHD,73,1357.9,4.16,6.0,1,0.736283185840708,0.6521739130434783,0.25,0.7083485470048755
HP Pavilion x360 14-ek0086TU Laptop,HP,Intel Core i5 12th Gen,10,12,8,512,0,Windows,Intel Iris Xe Graphics,,14.0,1920,1080,FHD,59,678.52,3.16,1.5,1,0.55929203539823,0.16304347826086957,0.125,0.8542666294379175
HP Envy x360 13-ay1062AU Laptop,HP,AMD Ryzen 5 5600U,6,12,8,512,0,Windows,AMD Raedon Graphics,,13.3,1920,1080,FHD,66,775.9,3.0,1.5,1,0.5309734513274336,0.16304347826086957,0.125,0.8333512317704418
LG Gram 14 14Z90Q-G.AH75A2 Laptop,LG,Intel Core i7 12th Gen,12,16,16,512,0,Windows,Intel Iris Xe Graphics,,14.0,1920,1200,FHD,71,906.85,4.16,1.5,1,0.736283185840708,0.16304347826086957,0.25,0.8052256276981894
Asus ROG Strix G17 2022 G713RW-LL133WS Gaming Laptop,Asus,AMD Ryzen 9 6900HX,8,16,16,1000,0,Windows,NVIDIA GeForce RTX 3050,4.0,17.3,2560,1440,QHD,79,1761.41,4.6,4.9,1,0.8141592920353982,0.532608695652174,0.25,0.6216821667132025
LG Gram 16Z90Q-G.AH75A2 Laptop,LG,Intel Core i7 12th Gen,12,16,16,512,0,Windows,Intel Iris Xe Graphics,,16.0,2560,1600,QHD,72,1014.52,4.16,1.5,1,0.736283185840708,0.16304347826086957,0.25,0.7821001310165596
Asus TUF Gaming A15 FA506ICB-HN075W Laptop,Asus,AMD Ryzen 7 4800H,8,16,16,512,0,Windows,NVIDIA GeForce RTX3050,4.0,15.6,1920,1080,FHD,68,761.45,4.0,4.9,1,0.7079646017699115,0.532608695652174,0.25,0.8364548207650507
LG Gram 17Z90Q-G.AH78A2 Laptop,LG,Intel Core i7 12th Gen,12,16,16,1000,0,Windows,Intel Iris Xe Graphics,,17.0,2560,1600,QHD,74,1163.9,4.16,1.5,1,0.736283185840708,0.16304347826086957,0.25,0.7500161085933976
Dell G15-5525 Gaming Laptop,Dell,AMD Ryzen 7 6800H,8,16,16,512,0,Windows,NVIDIA GeForce RTX 3060,6.0,15.6,1920,1080,FHD,78,1212.4,4.0,6.0,1,0.7079646017699115,0.6521739130434783,0.25,0.7395992181962671
Dell G15-5525 Gaming Laptop,Dell,AMD Ryzen 5 6600H,6,12,8,512,0,Windows,NVIDIA GeForce RTX 3050,4.0,15.6,1920,1080,FHD,67,795.3,3.0,4.9,1,0.5309734513274336,0.532608695652174,0.125,0.8291844756115896
Lenovo IdeaPad Slim 3 82RK0085IN Laptop,Lenovo,Intel Core i5 12th Gen,10,12,16,512,0,Windows,‎Intel Iris Xe Graphics,,15.6,1920,1080,FHD,57,596.45,3.16,1.5,1,0.55929203539823,0.16304347826086957,0.25,0.8718937262398248
MSI Crosshair 15 B12UEZ-037IN Gaming Laptop,MSI,Intel Core i7 12th Gen,14,20,16,1000,0,Windows,NVIDIA GeForce RTX 3060,6.0,15.6,2560,1440,QHD,76,1183.4,4.16,6.0,1,0.736283185840708,0.6521739130434783,0.25,0.7458278743100153
MSI Gaming Raider GE66 12UHS-218IN Gaming Laptop,MSI,Intel Core i7 12th Gen,14,20,32,2000,0,Windows,NVIDIA GeForce RTX RTX 3080 Ti,16.0,17.3,3840,2160,4K,94,3967.94,4.16,9.2,1,0.736283185840708,1.0,0.5,0.14776090551773013
Dell  G15-5525 Laptop,Dell,AMD Ryzen 7 6800H,8,16,16,512,0,Windows,NVIDIA GeForce RTX 3050 Ti,4.0,15.6,1920,1080,FHD,78,1028.1,4.0,5.1,1,0.7079646017699115,0.5543478260869565,0.25,0.7791834017053632
Dell G15-5525 Gaming Laptop,Dell,AMD Ryzen 5 6600H,6,12,16,512,0,Windows,NVIDIA GeForce RTX 3050,4.0,15.6,1920,1080,FHD,65,727.4,3.0,4.9,1,0.5309734513274336,0.532608695652174,0.25,0.8437681221675724
Lenovo ThinkPad P14s 20VXS0G800 Laptop,Lenovo,Intel Core i7 11th Gen,4,8,16,512,0,Windows,Intel Integrated Graphics,,14.0,1920,1080,FHD,54,1008.7,4.08,1.5,1,0.7221238938053097,0.16304347826086957,0.25,0.7833501578642152
MSI GP66 Leopard 11UG-693IN Gaming Laptop,MSI,Intel Core i7 11th Gen,8,16,16,1000,0,Windows,NVIDIA GeForce RTX 3070,8.0,15.6,2560,1440,QHD,79,1260.9,4.08,7.2,1,0.7221238938053097,0.782608695652174,0.25,0.7291823277991365
HP Spectre x360 13-ef0053TU Laptop,HP,Intel Core i7 12th Gen,10,12,16,512,0,Windows,Intel Iris X Graphics,,13.5,3000,2000,QHD,74,1212.49,4.16,1.5,1,0.736283185840708,0.16304347826086957,0.25,0.7395798878841899
MSI Sword 15 A12UD-471IN  Gaming Laptop,MSI,Intel Core i5 12th Gen,12,16,16,512,0,Windows,NVIDIA GeForce RTX 3050 Ti,4.0,15.6,1920,1080,FHD,69,834.1,3.16,5.1,1,0.55929203539823,0.5543478260869565,0.25,0.8208509632938852
MSI Katana GF66 12UD-472IN Gaming Laptop,MSI,Intel Core i5 12th Gen,12,16,16,512,0,Windows,NVIDIA GeForce RTX 3050 Ti,4.0,15.6,1920,1080,FHD,69,746.8,3.16,5.1,1,0.55929203539823,0.5543478260869565,0.25,0.8396013660087202
Lenovo Thinkpad P15v 21AAS0R500 Laptop,Lenovo,Intel Core i9 11th Gen,8,16,32,1000,0,Windows,Nvidia RTX A2000,4.0,15.6,1920,1080,FHD,88,2517.15,4.68,1.5,1,0.8283185840707964,0.16304347826086957,0.5,0.45936338838892576
Asus ROG Strix G17 2022 G713RW-LL111WS Gaming Laptop,Asus,AMD Ryzen 9 6900HX,8,16,16,1000,0,Windows,NVIDIA GeForce RTX 3070 Ti,8.0,17.3,2560,1440,QHD,79,1833.2,4.6,7.2,1,0.8141592920353982,0.782608695652174,0.25,0.6062630211129963
Microsoft Surface GO 2 8QF-00046 Laptop,Microsoft,Intel Core i5 11th Gen,4,8,8,256,0,Windows,Intel Iris Xe Graphics,,12.4,1536,1024,HD,56,750.04,3.08,1.5,1,0.5451327433628318,0.16304347826086957,0.125,0.8389054747739427
Dell Inspiron 7420 2-in-1 Touch Laptop,Dell,Intel Core i3 12th Gen,6,8,8,512,0,Windows,Intel Iris Xe Graphics,,14.0,1920,1200,FHD,65,606.15,2.16,1.5,1,0.3823008849557522,0.16304347826086957,0.125,0.8698103481603986
Lenovo V14  82KAA01SIH Laptop,Lenovo,Intel Core i3 11th Gen,2,4,4,256,0,Windows,Intel Integrated UHD,,15.0,1920,1080,FHD,50,310.39,2.08,1.0,1,0.368141592920354,0.10869565217391305,0.0625,0.9333340492708176
HP Victus 16-e1062AX Gaming Laptop,HP,AMD Ryzen 5 6600H,6,12,8,512,0,Windows,NVIDIA GeForce RTX 3050,4.0,16.1,1920,1080,FHD,67,816.64,3.0,4.9,1,0.5309734513274336,0.532608695652174,0.125,0.8246010438368522
HP Victus 16-e1060AX Gaming Laptop,HP,AMD Ryzen 7 6800H,8,16,16,512,0,Windows,NVIDIA GeForce RTX 3050 Ti,4.0,16.1,1920,1080,FHD,78,1081.55,4.0,5.1,1,0.7079646017699115,0.5543478260869565,0.25,0.7677033441439893
HP Victus 16-e0305ax Gaming Laptop,HP,AMD Ryzen 7 5800H,8,16,8,512,0,Windows,NVIDIA GeForce RTX 3050,4.0,16.1,1920,1080,FHD,74,765.82,4.0,4.9,1,0.7079646017699115,0.532608695652174,0.125,0.8355162267230825
Microsoft Surface GO 2 8QC-00021 Laptop,Microsoft,Intel Core i5 11th Gen,4,8,8,128,0,Windows,Intel Iris Xe Graphics,,12.4,1536,1024,HD,55,698.3,3.08,1.5,1,0.5451327433628318,0.16304347826086957,0.125,0.8500182564058506
Acer TravelMate TMP214-53 Laptop,Acer,Intel Core i3 11th Gen,2,4,8,256,0,Windows,Intel Integrated Iris Xe,,14.0,1920,1080,FHD,54,402.45,2.08,1.5,1,0.368141592920354,0.16304347826086957,0.125,0.9135612878283468
Acer TravelMate TMP214-53 Laptop,Acer,Intel Core i5 11th Gen,4,8,8,512,0,Windows,Intel Integrated Iris Xe,,14.0,1920,1080,FHD,63,504.3,3.08,1.5,1,0.5451327433628318,0.16304347826086957,0.125,0.8916858179943727
Acer TravelMate TMP214-53 Laptop,Acer,Intel Core i3 11th Gen,2,4,8,512,0,Windows,Intel Integrated Iris Xe,,14.0,1920,1080,FHD,56,446.1,2.08,1.5,1,0.368141592920354,0.16304347826086957,0.125,0.9041860864709294
Acer Aspire 3 A315-58 Laptop,Acer,Intel Core i3 11th Gen,2,4,8,256,0,Windows,Intel Integrated UHD,,15.6,1920,1080,FHD,54,318.16,2.08,1.0,1,0.368141592920354,0.10869565217391305,0.125,0.9316651989948238
Acer Nitro 5 AN515-57 UN.QEHSI.004 Laptop,Acer,Intel Core i5 11th Gen,6,12,8,256,1000,Windows,NVIDIA GeForce GTX 1650,4.0,15.6,1920,1080,FHD,74,611.09,3.08,3.2,1,0.5451327433628318,0.3478260869565218,0.125,0.8687493288086084
Acer TravelMate TMP214-53 Business Laptop,Acer,Intel Core i5 11th Gen,4,8,16,512,0,Windows,Intel Integrated Iris Xe,,14.0,1920,1080,FHD,65,562.5,3.08,1.5,1,0.5451327433628318,0.16304347826086957,0.25,0.8791855495178161
Lenovo Legion 5 82JK00BEIN Laptop,Lenovo,Intel Core i7 11th Gen,8,16,16,512,0,Windows,NVIDIA GeForce RTX 3050,4.0,15.6,1920,1080,FHD,73,1163.9,4.08,4.9,1,0.7221238938053097,0.532608695652174,0.25,0.7500161085933976
Lenovo IdeaPad Slim 3 81X800LGIN Laptop,Lenovo,Intel Core i3 11th Gen,0,0,8,512,0,Windows,Intel UHD Graphics,,15.6,1920,1080,FHD,0,358.89,2.08,1.0,1,0.368141592920354,0.10869565217391305,0.125,0.9229171588736872
Acer Aspire 3 A315-59 Laptop,Acer,Intel Core i5 12th Gen,10,12,8,512,0,Windows,Intel Iris Xe Graphics,,15.6,1920,1080,FHD,56,549.98,3.16,1.5,1,0.55929203539823,0.16304347826086957,0.125,0.8818746107089929
Dell Inspiron 3525 Laptop,Dell,AMD Ryzen7 5825U,8,16,8,512,0,Windows,AMD Radeon Radeon Graphics,,15.6,1920,1080,FHD,67,569.88,2.0,1.6,1,0.35398230088495575,0.1739130434782609,0.125,0.8776004639274898
Asus TUF Gaming F17 FX777ZE-HX052WS Laptop,Asus,Intel Core i7 12th Gen,14,20,16,1000,0,Windows,NVIDIA GeForce RTX 3050,4.0,17.3,1920,1080,FHD,80,1115.4,4.16,4.9,1,0.736283185840708,0.532608695652174,0.25,0.7604329989905281
Acer Nitro 5 AN515-45 NH.QBCSI.00F Gaming Laptop,Acer,AMD Ryzen 5 5600H,6,12,16,512,1000,Windows,NVIDIA GeForce RTX 3060,6.0,15.6,2560,1440,QHD,79,1260.99,3.0,6.0,1,0.5309734513274336,0.6521739130434783,0.25,0.7291629974870595
Asus Vivobook S15 OLED S3502ZA-L702WS Laptop,Asus,Intel Core i7 12th Gen,14,20,16,512,0,Windows,Intel Iris XE Graphics,,15.6,1920,1080,FHD,63,823.53,4.16,1.5,1,0.736283185840708,0.16304347826086957,0.25,0.8231212010567237
Lenovo Thinkpad E14 Gen 2 20TAS14C00 Laptop,Lenovo,Intel Core i3 11th Gen,2,4,8,512,0,Linux,Intel UHD,,14.0,1920,1080,FHD,49,465.6,2.08,1.0,1,0.368141592920354,0.10869565217391305,0.125,0.8999978521875469
Asus ZenBook S13 UM5302TA-LX701WS Laptop,Asus,AMD Ryzen 7 6800U,8,16,16,1000,0,Windows,AMD Radeon AMD,,13.3,2880,1800,QHD,73,1163.9,4.0,1.5,1,0.7079646017699115,0.16304347826086957,0.25,0.7500161085933976
Asus ZenBook S13 UM5302TA-LX501WS Laptop,Asus,AMD Ryzen 5 6600U,6,12,16,512,0,Windows,AMD Radeon AMD,,13.3,2880,1800,QHD,71,968.06,3.0,1.5,1,0.5309734513274336,0.16304347826086957,0.25,0.7920788676732747
Asus TUF Dash F15 2022 FX517ZE-HN036WS Gaming Laptop,Asus,Intel Core i7 12th Gen,10,16,16,512,0,Windows,NVIDIA GeForce RTX 3050-Ti,4.0,15.6,1920,1080,FHD,68,960.2,4.16,4.9,1,0.736283185840708,0.532608695652174,0.25,0.7937670482613458
Lenovo IdeaPad Gaming 3 81Y401BHIN Gaming Laptop,Lenovo,Intel Core i7 10th Gen,6,12,8,512,0,Windows,NVIDIA GeForce GTX 1650,4.0,15.6,1920,1080,FHD,72,725.84,4.0,3.2,1,0.7079646017699115,0.3478260869565218,0.125,0.8441031809102428
Lenovo ThinkBook 15 21A4A09SIH Laptop,Lenovo,AMD Ryzen 3 5300U,4,8,8,256,0,Windows,AMD Radeon,,15.6,1920,1080,FHD,56,383.15,2.0,1.5,1,0.35398230088495575,0.16304347826086957,0.125,0.9177065658626689
Asus VivoBook 14 2022 X1402ZA-EB512WS Laptop,Asus,Intel Core i5 12th Gen,12,16,16,512,0,Windows,Intel Integrated Iris Xe,,14.0,1920,1080,FHD,63,611.0,3.16,1.5,1,0.55929203539823,0.16304347826086957,0.25,0.8687686591206856
Asus VivoBook 14 2022 X1402ZA-EB311WS Laptop,Asus,Intel Core i3 12th Gen,10,12,8,512,0,Windows,Intel Integrated Iris Xe,,14.0,1920,1080,FHD,60,465.5,2.16,1.5,1,0.3823008849557522,0.16304347826086957,0.125,0.9000193303120771
Asus ROG Flow Z13 2022 GZ301ZE-LC193WS Gaming Laptop,Asus,Intel Core i9 12th Gen,14,20,16,1000,0,Windows,NVIDIA GeForce RTX 3050 Ti,4.0,13.4,3840,2400,4K,74,2958.31,4.76,5.1,1,0.8424778761061946,0.5543478260869565,0.25,0.3646104942116454
Asus ROG Flow Z13 2022 GZ301ZE-LD064WS Gaming Laptop,Asus,Intel Core i9 12th Gen,14,20,16,1000,0,Windows,NVIDIA GeForce RTX 3050 Ti,4.0,13.4,1920,1200,FHD,68,1765.3,4.76,5.1,1,0.8424778761061946,0.5543478260869565,0.25,0.6208466676689791
Asus ROG Flow Z13 2022 GZ301ZC-LD123WS Gaming Laptop,Asus,Intel Core i7 12th Gen,14,20,16,512,0,Windows,NVIDIA GeForce RTX 3050,4.0,13.4,1920,1200,FHD,73,1462.66,4.16,4.9,1,0.736283185840708,0.532608695652174,0.25,0.6858480637470736
Asus ROG Flow Z13 2022 GZ301ZA-LD049WS Gaming Laptop,Asus,Intel Core i5 12th Gen,12,16,16,512,0,Windows,Intel Iris X Graphics,,13.4,1920,1200,FHD,74,1119.28,3.16,1.5,1,0.55929203539823,0.16304347826086957,0.25,0.7595996477587577
Asus TUF Dash F15 2022 FX517ZR-HQ030WS Gaming Laptop,Asus,Intel Core i7 12th Gen,10,16,16,1000,0,Windows,NVIDIA GeForce RTX 3070,8.0,15.6,2560,1440,QHD,74,1454.9,4.16,7.2,1,0.736283185840708,0.782608695652174,0.25,0.6875147662106145
Asus ROG Flow Z13 2022 GZ301ZE-LC192WS Gaming Laptop,Asus,Intel Core i9 12th Gen,14,20,16,1000,0,Windows,NVIDIA GeForce RTX 3050 Ti,4.0,13.4,3840,2400,4K,72,1862.3,4.76,5.1,1,0.8424778761061946,0.5543478260869565,0.25,0.6000128868747181
Asus TUF Dash F15 2022 FX517ZC-HN107WS Gaming Laptop,Asus,Intel Core i7 12th Gen,10,16,16,512,0,Windows,NVIDIA GeForce RTX 3050,4.0,15.6,1920,1080,FHD,68,853.5,4.16,4.9,1,0.736283185840708,0.532608695652174,0.25,0.816684207135033
Acer Aspire 5 A515-56 UN.A1ESI.022,Acer,Intel Core i5 11th Gen,4,8,8,512,0,Windows,Intel Integrated,,15.6,1920,1080,FHD,53,484.94,3.08,1.5,1,0.5451327433628318,0.16304347826086957,0.125,0.8958439829034128
MSI GS76 Stealth 11UE-631IN 9S7-17M111-631 Gaming Laptop,MSI,Intel Core i7 11th Gen,8,16,16,1000,0,Windows,Nvidia GeForce RTX 3060,6.0,15.6,1920,1080,FHD,81,1571.4,4.08,6.0,1,0.7221238938053097,0.6521739130434783,0.25,0.662492751132971
Infinix INBook X1 Slim XL21 Laptop,Infinix,Intel Core i5 10th Gen,4,8,8,512,0,Windows,Intel Integrated UHD Graphics,,14.0,1920,1080,FHD,49,417.0,3.0,1.0,1,0.5309734513274336,0.10869565217391305,0.125,0.9104362207092077
Acer Predator Helios 300 PH315-55 NH.QGPS.003 Gaming Laptop,Acer,Intel Core i7 12th Gen,14,20,16,1000,0,Windows,NVIDIA GeForce RTX 3060,6.0,15.6,2560,1440,QHD,78,1508.25,4.16,6.0,1,0.736283185840708,0.6521739130434783,0.25,0.6760561867737709
Lenovo ThinkBook 15 21A4A09UIH Laptop,Lenovo,AMD Ryzen 5 5500U,6,12,8,512,0,Windows,AMD Radeon,,15.6,1920,1080,FHD,66,484.9,3.0,1.5,1,0.5309734513274336,0.16304347826086957,0.125,0.895852574153225
Lenovo ThinkPad E14 20TAS16F00 Laptop,Lenovo,Intel Core i3 11th Gen,2,4,4,256,0,Linux,Intel UHD,,14.0,1920,1080,FHD,44,410.31,2.08,1.0,1,0.368141592920354,0.10869565217391305,0.0625,0.9118731072402758
Lenovo Legion 5 15IMH6 82NL00APIN Gaming Laptop,Lenovo,Intel Core i5 10th Gen,6,12,8,512,0,Windows,NVIDIA GeForce RTX 3050,4.0,15.6,1920,1080,FHD,69,716.32,3.0,4.9,1,0.5309734513274336,0.532608695652174,0.125,0.8461478983655147
Asus ROG Strix G15 Advantage Edition G513QY-HQ032WS Gaming Laptop,Asus,AMD Ryzen 9 5900HX,8,16,16,1000,0,Windows,AMD Radeon RX 6800M,12.0,15.6,2560,1440,QHD,78,1357.9,4.6,7.6,1,0.8141592920353982,0.8260869565217391,0.25,0.7083485470048755
Asus TUF Gaming F15 FX507ZM-HF068WS Laptop,Asus,Intel Core i7 12th Gen,14,20,16,1000,0,Windows,NVIDIA GeForce RTX 3060,6.0,15.6,1920,1080,FHD,76,1154.2,4.16,6.0,1,0.736283185840708,0.6521739130434783,0.25,0.7520994866728237
Infinix INBook X1 Slim Series XL21 Laptop,Infinix,Intel Core i3 10th Gen,2,4,8,256,0,Windows,Intel Integrated UHD Graphics,,14.0,1920,1080,FHD,45,320.0,2.0,1.0,1,0.35398230088495575,0.10869565217391305,0.125,0.9312700015034687
Infinix INBook X1 Slim Series XL21 Laptop,Infinix,Intel Core i7 10th Gen,4,8,16,512,0,Windows,Intel Integrated UHD,,14.0,1920,1080,FHD,49,504.3,4.0,1.0,1,0.7079646017699115,0.10869565217391305,0.25,0.8916858179943727
Asus ZenBook Pro Duo 15 OLED 2021 UX582HM-H701WS Laptop,Asus,Intel Core i7 11th Gen,8,16,16,1000,0,Windows,NVIDIA GeForce RTX 3060,6.0,15.6,3840,2160,4K,86,1940.0,4.08,6.0,1,0.7221238938053097,0.6521739130434783,0.25,0.583324384114779
Dell XPS 15 9520 Laptop,Dell,Intel Core i7 12th Gen,14,20,32,1000,0,Windows,NVIDIA Geforce RTX 3050 Ti,4.0,15.6,3840,2160,4K,91,2376.5,4.16,5.1,1,0.736283185840708,0.5543478260869565,0.5,0.4895723705406043
Dell Vostro 3515 Laptop,Dell,AMD Athlon 3050U,2,2,8,256,0,Windows,AMD Radeon Graphics,,15.6,1366,768,HD,47,342.41,1.25,1.6,1,0.22123893805309733,0.1739130434782609,0.125,0.9264567537962585
Lenovo ThinkBook 15 20VEA0YQIH Laptop,Lenovo,Intel Core i3 11th Gen,2,4,8,256,0,Windows,Intel UHD Graphics,,15.6,1920,1080,FHD,54,368.5,2.08,1.0,1,0.368141592920354,0.10869565217391305,0.125,0.9208531111063382
HP Omen 16-B1371TX Gaming Laptop,HP,Intel Core i7 12th Gen,14,20,16,1000,0,Windows,NVIDIA GeForce RTX 3070Ti,8.0,16.1,2560,1440,QHD,84,1711.95,4.16,7.2,1,0.736283185840708,0.782608695652174,0.25,0.6323052471058227
Asus VivoBook 15 X512DA-BQ303WS Laptop,Asus,AMD Ryzen 3 3250U,2,4,8,256,0,Windows,AMD Radeon AMD Radeon,,15.6,1920,1080,FHD,48,329.7,2.0,1.5,1,0.35398230088495575,0.16304347826086957,0.125,0.9291866234240426
Dell Vostro 3515 Laptop,Dell,AMD Ryzen 3 3250U,2,4,8,256,0,Windows,AMD Radeon Graphics,,15.6,1920,1080,FHD,54,377.23,2.0,1.6,1,0.35398230088495575,0.1739130434782609,0.125,0.9189780708348547
Asus Strix G15 G513RM-HF274WS Gaming Laptop,Asus,AMD Ryzen 7 6800H,8,16,16,1000,0,Windows,NVIDIA GeForce RTX 3060,6.0,15.6,1920,1080,FHD,75,1318.81,4.0,6.0,1,0.7079646017699115,0.6521739130434783,0.25,0.7167443458837175
HP Omen 16-b1350TX Laptop,HP,Intel Core i7 12th Gen,14,20,16,1000,0,Windows,NVIDIA GeForce RTX 3050,4.0,16.1,1920,1080,FHD,74,1251.29,4.16,4.9,1,0.736283185840708,0.532608695652174,0.25,0.7312463755664855
Asus TUF Gaming A17 FA777RC-HX027WS Laptop,Asus,AMD Ryzen 7 6800H,8,16,16,512,0,Windows,NVIDIA GeForce RTX 3050,4.0,17.3,1920,1080,FHD,67,863.2,4.0,4.9,1,0.7079646017699115,0.532608695652174,0.25,0.8146008290556068
Lenovo ThinkBook 14 G2 20VDA0QMIH Laptop,Lenovo,Intel Core i3 11th Gen,2,4,8,512,0,Linux,Intel UHD Graphics,,14.0,1920,1080,FHD,47,434.55,2.08,1.0,1,0.368141592920354,0.10869565217391305,0.125,0.9066668098541635
Asus Vivobook 15 Touch X515EA-EZ311WS Laptop,Asus,Intel Core i3 11th Gen,2,4,8,512,0,Windows,Intel Integrated UHD Graphics,,15.6,1920,1080,FHD,57,387.9,2.08,1.0,1,0.368141592920354,0.10869565217391305,0.125,0.916686354947486
Asus Vivobook 15 Touch X515EA-EZ501WS Laptop,Asus,Intel Core i5 11th Gen,4,8,8,512,0,Windows,Intel Integrated Iris Xe,,15.6,1920,1080,FHD,62,504.3,3.08,1.5,1,0.5451327433628318,0.16304347826086957,0.125,0.8916858179943727
Asus TUF Gaming F17 FX777ZC-HX069W Gaming Laptop,Asus,Intel Core i5 12th Gen,12,16,16,512,0,Windows,NVIDIA GeForce RTX 3050,4.0,17.3,1920,1080,FHD,68,921.4,3.16,4.9,1,0.55929203539823,0.532608695652174,0.25,0.8021005605790502
Lenovo ThinkBook 15 21A4A09RIH Laptop,Lenovo,AMD Ryzen 5 5500U,6,12,16,512,0,Windows,AMD Radeon,,15.6,1920,1080,FHD,66,473.26,3.0,1.5,1,0.5309734513274336,0.16304347826086957,0.25,0.8983526278485363
Asus TUF A17 FA766IC-HX005W Gaming Laptop,Asus,AMD Ryzen 7 4800H,8,16,16,512,0,Windows,NVIDIA GeForce RTX 3050,4.0,17.3,1920,1080,FHD,69,824.4,4.0,4.9,1,0.7079646017699115,0.532608695652174,0.25,0.8229343413733112
MSI Thin GF63 11UC-850IN Gaming Laptop,MSI,Intel Core i7 11th Gen,8,16,8,512,0,Windows,NVIDIA Geforce RTX 3050,4.0,15.6,1920,1080,FHD,72,707.95,4.08,4.9,1,0.7221238938053097,0.532608695652174,0.125,0.8479456173886896
MSI Sword 15 A12UC-467IN Gaming Laptop,MSI,Intel Core i5 12th Gen,12,16,16,1000,0,Windows,NVIDIA GeForce RTX RTX3050,4.0,15.6,1920,1080,FHD,67,868.58,3.16,4.9,1,0.55929203539823,0.532608695652174,0.25,0.8134453059558839
MSI Thin GF63 11UC-851IN Gaming Laptop,MSI,Intel Core i5 11th Gen,6,12,8,512,0,Windows,NVIDIA Geforce RTX 3050,4.0,15.6,1920,1080,FHD,71,618.86,3.08,4.9,1,0.5451327433628318,0.532608695652174,0.125,0.8670804785326145
Apple MacBook Pro 2022 Laptop,Apple,Apple M2,8,0,8,256,0,Mac,10 Core GPU,,13.3,2560,1600,QHD,43,1183.3,4.25,3.0,1,0.7522123893805309,0.32608695652173914,0.125,0.7458493524345454
HP Pavilion 15s-fy5001TU Laptop,HP,Intel Core i5 12th Gen,12,16,8,512,0,Windows,Intel Integrated Iris Xe Graphics,,15.6,1920,1080,FHD,59,591.7,3.16,1.5,1,0.55929203539823,0.16304347826086957,0.125,0.8729139371550076
Lenovo IdeaPad Gaming 3 15IHU6 82K101A3IN Laptop,Lenovo,Intel Core i5 11th Gen,4,8,16,512,0,Windows,NVIDIA GeForce RTX 3050 Graphics,4.0,15.6,1920,1080,FHD,71,669.2,3.08,4.9,1,0.5451327433628318,0.532608695652174,0.25,0.856268390644129
HP Victus 16-d0354TX Laptop,HP,Intel Core i5 11th Gen,6,12,8,512,0,Windows,NVIDIA GeForce RTX 3050,4.0,16.1,1920,1080,FHD,71,659.5,3.08,4.9,1,0.5451327433628318,0.532608695652174,0.125,0.858351768723555
Asus TUF Gaming A15 FA506IC-HN100W Laptop,Asus,AMD Ryzen 7 4800H,8,16,8,1000,0,Windows,NVIDIA GeForce RTX3050,4.0,15.6,1920,1080,FHD,62,834.1,4.0,4.9,1,0.7079646017699115,0.532608695652174,0.125,0.8208509632938852
Lenovo ThinkBook 15 20VEA0YPIH Laptop,Lenovo,Intel Core i3 11th Gen,2,4,8,512,0,Windows,Intel Integrated Graphics,,15.6,1920,1080,FHD,53,407.39,2.08,1.5,1,0.368141592920354,0.16304347826086957,0.125,0.9125002684765566
Asus TUF Gaming F15 FX577ZE-HN072WS Laptop,Asus,Intel Core i7 12th Gen,0,20,16,1000,0,Windows,‎NVIDIA GeForce RTX 3050 Ti,4.0,15.6,1920,1080,FHD,62,1042.73,4.16,5.1,1,0.736283185840708,0.5543478260869565,0.25,0.7760411520865997
HP Victus 16-d0361TX Laptop,HP,Intel Core i7 11th Gen,8,16,16,512,0,Windows,NVIDIA GeForce RTX RTX 3060,6.0,16.1,1920,1080,FHD,73,1008.8,4.08,6.0,1,0.7221238938053097,0.6521739130434783,0.25,0.7833286797396851
Dell Inspiron 7425 Laptop,Dell,AMD Ryzen 5 5625U,6,12,8,512,0,Windows,AMD Radeon,,14.0,1920,1200,FHD,72,758.57,3.0,1.5,1,0.5309734513274336,0.16304347826086957,0.125,0.8370733907515195
Acer Predator Helios 300 NH.QC2SI.00B Laptop,Acer,Intel Core i9 11th Gen,8,16,16,1000,0,Windows,NVIDIA GeForce RTX 3060,6.0,15.6,2560,1440,QHD,78,1163.9,4.68,6.0,1,0.8283185840707964,0.6521739130434783,0.25,0.7500161085933976
Dell Inspiron 7425 Laptop,Dell,AMD Ryzen 7 5825U,8,16,16,512,0,Windows,AMD Radeon,,14.0,1920,1200,FHD,73,872.9,4.0,1.5,1,0.7079646017699115,0.16304347826086957,0.25,0.8125174509761808
Asus ROG Strix G17 G713RM-LL167WS Gaming Laptop,Asus,AMD Ryzen 7 6800H,8,16,16,1000,0,Windows,NVIDIA GeForce RTX 3060,6.0,17.3,2560,1440,QHD,69,1309.4,4.0,6.0,1,0.7079646017699115,0.6521739130434783,0.25,0.718765437402006
Samsung Galaxy Book2 15 Laptop,Samsung,Intel Core i5 12th Gen,10,12,8,256,0,Windows,Intel Iris Xe Graphics,,15.6,1920,1080,FHD,57,581.9,3.16,1.5,1,0.55929203539823,0.16304347826086957,0.125,0.8750187933589639
HP Pavilion 14-dv2016TU Laptop,HP,Intel Core i5 12th Gen,10,12,16,512,0,Windows,Intel Iris Xᵉ Graphics,,14.0,1920,1080,FHD,62,678.03,3.16,1.5,1,0.55929203539823,0.16304347826086957,0.25,0.8543718722481153
HP Envy x360 13-ay1059AU Laptop,HP,AMD Ryzen 5 5600U,6,12,8,512,0,Windows,AMD Raedon Graphics,,13.3,1920,1080,FHD,65,756.5,3.0,1.5,1,0.5309734513274336,0.16304347826086957,0.125,0.837517987929294
HP Pavilion Gaming 15-DK1520TX Laptop,HP,Intel Core i5 10th Gen,4,8,8,512,0,Windows,NVIDIA GeForce GTX 1650,4.0,15.6,1920,1080,FHD,71,591.6,3.0,3.2,1,0.5309734513274336,0.3478260869565218,0.125,0.8729354152795378
Lenovo IdeaPad Gaming 3 82K10199IN Laptop,Lenovo,Intel Core i5 11th Gen,4,8,8,512,0,Windows,NVIDIA GeForce RTX 3050,4.0,15.6,1920,1080,FHD,68,649.9,3.08,4.9,1,0.5451327433628318,0.532608695652174,0.125,0.8604136686784509
HP Pavilion 14-dv2019TU Laptop,HP,Intel Core i5 12th Gen,10,12,8,512,0,Windows,Intel Integrated Intel Iris Xe Graphics,,14.0,1920,1080,FHD,55,611.09,3.16,1.5,1,0.55929203539823,0.16304347826086957,0.125,0.8687493288086084
Asus VivoBook 15 M515DA-BQ332WS Laptop,Asus,AMD Ryzen 3 3250U,2,4,8,512,0,Windows,AMD Radeon AMD Radeon,,15.6,1920,1080,FHD,55,339.4,2.0,1.5,1,0.35398230088495575,0.16304347826086957,0.125,0.9271032453446165
Dell Inspiron 15 3511 Laptop,Dell,Intel Core i5 11th Gen,4,8,8,512,0,Windows,Intel Integrated UHD Graphics,,15.6,1920,1080,FHD,54,513.03,3.08,1.0,1,0.5451327433628318,0.10869565217391305,0.125,0.8898107777228892
Samsung Galaxy Book2 15 Laptop,Samsung,Intel Core i5 12th Gen,10,12,16,512,0,Windows,Intel Integrated Iris Xe,,15.6,1920,1080,FHD,54,678.9,3.16,1.5,1,0.55929203539823,0.16304347826086957,0.25,0.8541850125647028
Asus Strix G15 G513RM-HF272WS Gaming Laptop,Asus,AMD Ryzen 7 6800H,8,16,16,1000,0,Windows,NVIDIA GeForce RTX 3060,6.0,15.6,1920,1080,FHD,81,1260.9,4.0,6.0,1,0.7079646017699115,0.6521739130434783,0.25,0.7291823277991365
Asus X515EA-BQ522WS Laptop,Asus,Intel Core i5 11th Gen,4,8,8,512,0,Windows,Intel Integrated Iris Xe,,15.6,1920,1080,FHD,61,518.95,3.08,1.5,1,0.5451327433628318,0.16304347826086957,0.125,0.8885392727507034
Dell G15-5520 D560737WIN9B Laptop,Dell,Intel Core i7 12th Gen,14,20,16,512,0,Windows,NVIDIA GeForce RTX 3060,6.0,15.6,1920,1080,FHD,79,1222.1,4.16,6.0,1,0.736283185840708,0.6521739130434783,0.25,0.737515840116841
Lenovo IdeaPad Gaming 3 81Y401ARIN Gaming Laptop,Lenovo,Intel Core i5 10th Gen,4,8,8,512,0,Windows,NVIDIA GeForce GTX 1650,4.0,15.6,1920,1080,FHD,67,620.7,3.0,3.2,1,0.5309734513274336,0.3478260869565218,0.125,0.8666852810412595
Lenovo IdeaPad Flex 5 82HU00PPIN Laptop,Lenovo,AMD Ryzen 5 5500U,6,12,8,512,0,Windows,AMD Radeon,,14.0,1920,1080,FHD,62,562.5,3.0,1.5,1,0.5309734513274336,0.16304347826086957,0.125,0.8791855495178161
Dell Inspiron G15 D560826WIN9G Laptop,Dell,Intel Core i5 11th Gen,6,12,16,512,0,Windows,NVIDIA GeForce RTX 3050,4.0,15.6,1920,1080,FHD,69,985.9,3.08,4.9,1,0.5451327433628318,0.532608695652174,0.25,0.7882471702570931
Dell Vostro 3405 Laptop,Dell,AMD Ryzen 3-3250U,2,4,8,512,0,Windows,AMD Radeon,,14.0,1920,1080,FHD,53,378.2,2.0,1.5,1,0.35398230088495575,0.16304347826086957,0.125,0.9187697330269121
Dell Inspiron 5518 Laptop,Dell,Intel Core i5 11th Gen,4,8,8,512,0,Windows,NVIDIA GeForce MX450,2.0,15.6,1920,1080,FHD,67,635.25,3.08,2.3,1,0.5451327433628318,0.25,0.125,0.8635602139221203
Lenovo IdeaPad 5 Pro 14ITL6 82L300CAIN Laptop,Lenovo,Intel Core i7 11th Gen,4,8,16,512,0,Windows,Intel Integrated,,14.0,2304,1400,FHD,63,751.65,4.08,1.5,1,0.7221238938053097,0.16304347826086957,0.25,0.838559676969007
Dell Inspiron G15 D560827WIN9G Laptop,Dell,Intel Core i5 11th Gen,6,12,8,512,0,Windows,NVIDIA GeForce RTX 3050,4.0,15.6,1920,1080,FHD,67,646.01,3.08,4.9,1,0.5451327433628318,0.532608695652174,0.125,0.8612491677226745
Asus Vivobook S15 OLED K3502ZA-L701WS Laptop,Asus,Intel Core i7 12th Gen,14,20,16,512,0,Windows,Intel Iris XE Graphics,,15.6,1920,1080,FHD,71,821.59,4.16,1.5,1,0.736283185840708,0.16304347826086957,0.25,0.8235378766726089
Lenovo IdeaPad 3 15IML05 81WB01EBIN Laptop,Lenovo,Intel Core i3 10th Gen,2,4,8,512,0,Windows,Intel Integrated,,15.6,1920,1080,FHD,53,368.5,2.0,1.5,1,0.35398230088495575,0.16304347826086957,0.125,0.9208531111063382
Acer Aspire 3 A314-35 UN.K0SSI.011 Laptop,Acer,Intel Celeron N4500,2,0,4,256,0,Windows,Intel UHD,,14.0,1366,768,HD,48,258.02,1.0,1.0,1,0.17699115044247787,0.10869565217391305,0.0625,0.9445821430872656
Lenovo IdeaPad 3 15IGL05 81WQ00MQIN Laptop,Lenovo,Intel Celeron N4020,2,2,8,256,0,Windows,Intel Integrated UHD 600,,15.6,1366,768,HD,53,261.9,1.0,1.0,1,0.17699115044247787,0.10869565217391305,0.125,0.9437487918554952
Lenovo IdeaPad 3 15ITL05 81X800K9IN Laptop,Lenovo,Intel Core i5 11th Gen,4,8,8,512,0,Windows,Intel Iris Xe Graphics,,15.6,1920,1080,FHD,60,586.79,3.08,1.5,1,0.5451327433628318,0.16304347826086957,0.125,0.8739685130694388
Lenovo IdeaPad 3 15ITL6 82H802L0IN Laptop,Lenovo,Intel Core i3 11th Gen,2,4,8,512,0,Windows,Intel Integrated UHD,,15.6,1920,1080,FHD,59,387.94,2.08,1.0,1,0.368141592920354,0.10869565217391305,0.125,0.916677763697674
Dell Inspiron 5310 Laptop,Dell,Intel Core i5 11th Gen,4,8,16,512,0,Windows,NVIDIA GeForce MX450,2.0,13.3,2560,1600,QHD,66,704.41,3.08,2.3,1,0.5451327433628318,0.25,0.25,0.8487059429970575
Asus Vivobook S14 OLED S3402ZA-KM701WS Laptop,Asus,Intel Core i7 12th Gen,14,20,16,512,0,Windows,Intel Iris Xe Graphics,,14.0,2880,1800,QHD,72,795.3,4.16,1.5,1,0.736283185840708,0.16304347826086957,0.25,0.8291844756115896
Asus Zenbook 14X OLED Space Edition UX5401ZAS-KN711WS Laptop,Asus,Intel Core i7 12th Gen,14,20,16,1000,0,Windows,Intel Iris Xe,,14.0,2880,1800,QHD,75,1134.8,4.16,1.5,1,0.736283185840708,0.16304347826086957,0.25,0.756266242831676
Asus Vivobook 14 OLED UX3402ZA-KM531WS Laptop,Asus,Intel Core i5 12th Gen,12,16,16,512,0,Windows,Intel Iris Xe,,14.0,2880,1800,QHD,61,834.1,3.16,1.5,1,0.55929203539823,0.16304347826086957,0.25,0.8208509632938852
Lenovo IdeaPad Slim 3 81X800J1IN Laptop,Lenovo,Intel Core i5 11th Gen,4,8,8,512,0,Windows,Intel Integrated,,15.6,1920,1080,FHD,60,515.07,3.08,1.5,1,0.5451327433628318,0.16304347826086957,0.125,0.8893726239824739
Asus Zenbook Space Edition UX5401ZAS-KN521WS Laptop,Asus,Intel Core i5 12th Gen,12,16,16,512,0,Windows,Intel Integrated Iris Xe,,14.0,2880,1800,QHD,67,1012.58,3.16,1.5,1,0.55929203539823,0.16304347826086957,0.25,0.7825168066324448
Asus Zenbook 14X OLED Space Edition UX5401ZAS-KN901WS Laptop,Asus,Intel Core i9 12th Gen,14,20,32,1000,0,Windows,Intel Iris X Graphics,,14.0,2880,1800,QHD,78,1551.9,4.76,1.5,1,0.8424778761061946,0.16304347826086957,0.5,0.6666809854163533
Lenovo ThinkBook 14 20VDA0TLIH Laptop,Lenovo,Intel Core i5 11th Gen,4,8,16,512,0,Windows,Intel Iris Xe Graphics,,14.0,1920,1080,FHD,65,674.05,3.08,1.5,1,0.5451327433628318,0.16304347826086957,0.25,0.8552267016044159
Acer Aspire 3 A315-58 Laptop,Acer,Intel Core i5 11th Gen,4,8,8,0,1000,Windows,Intel Integrated UHD,,15.6,1920,1080,FHD,56,611.09,3.08,1.0,0,0.5451327433628318,0.10869565217391305,0.125,0.8687493288086084
Asus TUF Gaming A15 FA506IC-HN075W Laptop,Asus,AMD Ryzen 7 4800H,8,16,16,512,0,Windows,NVIDIA GeForce RTX3050,4.0,15.6,1920,1080,FHD,55,785.6,4.0,4.9,1,0.7079646017699115,0.532608695652174,0.25,0.8312678536910156
Acer Extensa EX215-31 Laptop,Acer,Intel Pentium N5030,4,0,4,256,0,Windows,Intel Integrated UHD 605,,15.6,1366,768,HD,49,231.82,1.25,1.0,1,0.22123893805309733,0.10869565217391305,0.0625,0.9502094117141691
Fujitsu CH 4ZR1H03553 Laptop,Fujitsu,Intel Core i5 11th Gen,4,8,16,512,0,Windows,Intel Iris Xe Graphics,,13.3,1920,1080,FHD,63,533.4,3.08,1.5,1,0.5451327433628318,0.16304347826086957,0.25,0.8854356837560944
Lenovo Thinkpad P15v 21AAS0R100 Laptop,Lenovo,Intel Core i7 11th Gen,8,16,16,1000,0,Windows,Nvidia Quadro T600,4.0,15.6,1920,1080,FHD,76,1421.05,4.08,2.8,1,0.7221238938053097,0.30434782608695654,0.25,0.6947851113640757
Asus VivoBook 15 X515JA-BQ521WS Laptop,Asus,Intel Core i5 10th Gen,4,8,8,512,0,Windows,Intel Integrated UHD,,15.6,1920,1080,FHD,55,417.0,3.0,1.0,1,0.5309734513274336,0.10869565217391305,0.125,0.9104362207092077
Fujitsu UH-X 4ZR1F38027 Laptop,Fujitsu,Intel Core i7 11th Gen,4,8,16,1000,0,Windows,Intel Iris Xe Graphics,,13.3,1920,1080,FHD,69,969.9,4.08,1.5,1,0.7221238938053097,0.16304347826086957,0.25,0.7916836701819197
Lenovo IdeaPad Slim 3 81WE01QLIN Laptop,Lenovo,Intel Core i3 10th Gen,2,4,8,512,0,Windows,Intel UHD Graphics,,14.0,1920,1080,FHD,53,363.65,2.0,1.0,1,0.35398230088495575,0.10869565217391305,0.125,0.9218948001460512
Asus K413EA-EB522WS Laptop,Asus,Intel Core i5 11th Gen,4,8,16,512,0,Windows,Intel Integrated Iris Xe,,14.0,1920,1080,FHD,63,552.8,3.08,1.5,1,0.5451327433628318,0.16304347826086957,0.25,0.8812689275972422
HP Victus 16-e0361ax Gaming Laptop,HP,AMD Ryzen 7 5800H,8,16,16,512,0,Windows,NVIDIA GeForce RTX 3060,6.0,16.1,1920,1080,FHD,76,1013.55,4.0,6.0,1,0.7079646017699115,0.6521739130434783,0.25,0.7823084688245022
Asus Vivobook Pro 14 OLED 2021 M3401QC-KM045WS Laptop,Asus,AMD Ryzen 7-5800H,8,16,16,512,0,Windows,NVIDIA GeForce RTX RTX 3050,4.0,14.0,2880,1800,QHD,67,848.75,4.0,4.9,1,0.7079646017699115,0.532608695652174,0.25,0.8177044180502159
HP Pavilion 14-EC1019AU Laptop,HP,AMD Ryzen 5 5625U,6,12,16,512,0,Windows,AMD Radeon AMD,,14.0,1920,1080,FHD,60,601.3,3.0,1.5,1,0.5309734513274336,0.16304347826086957,0.25,0.8708520372001116
Asus TUF A15 OLED FA507RM-HF030WS Laptop,Asus,AMD Ryzen 7 6800H,8,16,16,1000,0,Windows,NVIDIA GeForce RTX 3060,6.0,15.6,1920,1080,FHD,69,1111.62,4.0,6.0,1,0.7079646017699115,0.6521739130434783,0.25,0.7612448720977685
Asus VivoBook 14 X415JA-EB501WS Laptop,Asus,Intel Core i5 10th Gen,4,8,8,0,1000,Windows,Intel UHD Graphics,,14.0,1920,1080,FHD,54,407.3,3.0,1.0,0,0.5309734513274336,0.10869565217391305,0.125,0.9125195987886338
HP Pavilion 14-EC1008AU Laptop,HP,AMD Ryzen 7 5825U,8,16,16,512,0,Windows,AMD Radeon AMD,,14.0,1920,1080,FHD,59,765.22,4.0,1.5,1,0.7079646017699115,0.16304347826086957,0.25,0.8356450954702636
HP 15s-du3519TX Laptop,HP,Intel Core i5 11th Gen,4,8,8,512,0,Windows,NVIDIA GeForce MX450,2.0,15.6,1920,1080,FHD,62,572.2,3.08,2.3,1,0.5451327433628318,0.25,0.125,0.87710217143839
Asus Strix G15 G513RM-HQ273WS Gaming Laptop,Asus,AMD Ryzen 7 6800H,8,16,16,1000,0,Windows,NVIDIA GeForce RTX 3060,6.0,15.6,1920,1080,FHD,79,1304.55,4.0,6.0,1,0.7079646017699115,0.6521739130434783,0.25,0.7198071264417191
Fujitsu UH-X 4ZR1F38024 Laptop,Fujitsu,Intel Core i7 11th Gen,4,8,16,512,0,Windows,Intel Iris Xe Graphics,,13.3,1920,1080,FHD,63,824.4,4.08,1.5,1,0.7221238938053097,0.16304347826086957,0.25,0.8229343413733112
Asus BR1100CKA-GJ0722W Laptop,Asus,Intel Celeron N4500,2,0,4,128,0,Windows,Intel UHD Graphics,,11.6,1366,768,HD,45,223.0,1.0,1.0,1,0.17699115044247787,0.10869565217391305,0.0625,0.9521037822977297
Lenovo Yoga 6 13ALC6 82ND00DPIN Laptop,Lenovo,AMD Ryzen 7 5700U,8,16,16,1000,0,Windows,AMD Radeon AMD,,13.3,1920,1080,FHD,68,902.09,4.0,1.5,1,0.7079646017699115,0.16304347826086957,0.25,0.8062479864258253
Asus BR1100FKA-BP1104W Laptop,Asus,Intel Celeron N4500,2,0,4,128,0,Windows,Intel Integrated UHD Graphics,,11.6,1366,768,HD,49,290.9,1.0,1.0,1,0.17699115044247787,0.10869565217391305,0.0625,0.9375201357417471
Asus ROG Strix Scar 17 G733ZW-LL139WS Gaming Laptop,Asus,Intel Core i9 12th Gen,14,20,32,1000,0,Windows,NVIDIA GeForce RTX 3070 Ti,8.0,17.3,2560,1440,QHD,79,2424.9,4.76,7.2,1,0.8424778761061946,0.782608695652174,0.5,0.479176958268004
